chi,ell,m,n,Rew,Imw,source,note,Delta,THM,absImwM,R
0.0,2,2,0,0.3736716844180417,-0.0889623156889354,qnm,s=-2 from qnm package,1.0,0.039788735772973836,0.0889623156889354,2.2358668593175635
0.0038606177606177,2,2,0,0.3741582915002803,-0.0889545323895967,qnm,s=-2 from qnm package,0.9999850956305064,0.039788587515364085,0.0889545323895967,2.2356795740800686
0.0077212355212355,2,2,0,0.3746470537606836,-0.0889465920457675,qnm,s=-2 from qnm package,0.9999403825220257,0.03978814272927617,0.0889465920457675,2.235505000848418
0.0115818532818532,2,2,0,0.3751379880643603,-0.0889384931018586,qnm,s=-2 from qnm package,0.9998658606745576,0.03978740137493051,0.0889384931018586,2.235343099283119
0.015442471042471,2,2,0,0.3756311114694173,-0.0889302339796279,qnm,s=-2 from qnm package,0.9997615300881024,0.03978636338601538,0.0889302339796279,2.2351938305295387
0.0193030888030888,2,2,0,0.3761264412299015,-0.0889218130777757,qnm,s=-2 from qnm package,0.99962739076266,0.039785028669668425,0.0889218130777757,2.235057157205683
0.0231637065637065,2,2,0,0.3766239947987848,-0.0889132287715332,qnm,s=-2 from qnm package,0.9994634426982305,0.03978339710645071,0.0889132287715332,2.234933043390513
0.0270243243243243,2,2,0,0.3771237898310128,-0.088904479412235,qnm,s=-2 from qnm package,0.9992696858948137,0.039781468550313254,0.088904479412235,2.2348214546125633
0.030884942084942,2,2,0,0.3776258441866096,-0.0888955633268908,qnm,s=-2 from qnm package,0.9990461203524098,0.039779242828556195,0.0888955633268908,2.2347223578392406
0.0347455598455598,2,2,0,0.3781301759338438,-0.0888864788177326,qnm,s=-2 from qnm package,0.9987927460710186,0.0397767197417804,0.0888864788177326,2.2346357214662076
0.0386061776061776,2,2,0,0.3786368033524473,-0.0888772241617714,qnm,s=-2 from qnm package,0.9985095630506403,0.03977389906383156,0.0888772241617714,2.2345615153077114
0.0424667953667953,2,2,0,0.3791457449369123,-0.0888677976103458,qnm,s=-2 from qnm package,0.9981965712912747,0.03977078054173678,0.0888677976103458,2.234499710587399
0.0463274131274131,2,2,0,0.379657019399835,-0.0888581973886214,qnm,s=-2 from qnm package,0.997853770792922,0.039767363895633547,0.0888581973886214,2.234450279928613
0.0501880308880308,2,2,0,0.3801706456753331,-0.0888484216951394,qnm,s=-2 from qnm package,0.9974811615555821,0.039763648818691065,0.0888484216951394,2.2344131973466137
0.0540486486486486,2,2,0,0.3806866429225324,-0.0888384687012972,qnm,s=-2 from qnm package,0.997078743579255,0.03975963497702392,0.0888384687012972,2.234388438239805
0.0579092664092664,2,2,0,0.3812050305291135,-0.088828336550871,qnm,s=-2 from qnm package,0.9966465168639406,0.03975532200959805,0.088828336550871,2.234375979382719
0.0617698841698841,2,2,0,0.3817258281149356,-0.0888180233594781,qnm,s=-2 from qnm package,0.9961844814096391,0.03975070952812886,0.0888180233594781,2.2343757989181965
0.0656305019305019,2,2,0,0.3822490555357288,-0.0888075272140627,qnm,s=-2 from qnm package,0.9956926372163504,0.039745797116971585,0.0888075272140627,2.2343878763508704
0.0694911196911197,2,2,0,0.3827747328868587,-0.0887968461723531,qnm,s=-2 from qnm package,0.9951709842840745,0.039740584333003676,0.0887968461723531,2.2344121925406437
0.0733517374517374,2,2,0,0.3833028805071702,-0.0887859782623202,qnm,s=-2 from qnm package,0.9946195226128114,0.03973507070549922,0.0887859782623202,2.234448729696924
0.0772123552123552,2,2,0,0.3838335189828992,-0.0887749214815905,qnm,s=-2 from qnm package,0.994038252202561,0.03972925573599533,0.0887749214815905,2.234497471372438
0.0810729729729729,2,2,0,0.3843666691516768,-0.0887636737969089,qnm,s=-2 from qnm package,0.9934271730533236,0.039723138898150434,0.0887636737969089,2.234558402459023
0.0849335907335907,2,2,0,0.3849023521065985,-0.0887522331435111,qnm,s=-2 from qnm package,0.9927862851650989,0.039716719637594225,0.0887522331435111,2.234631509181888
0.0887942084942084,2,2,0,0.3854405892003887,-0.0887405974245466,qnm,s=-2 from qnm package,0.9921155885378871,0.03970999737176943,0.0887405974245466,2.234716779095884
0.0926548262548262,2,2,0,0.3859814020496425,-0.0887287645104566,qnm,s=-2 from qnm package,0.9914150831716879,0.039702971489765156,0.0887287645104566,2.2348142010813867
0.096515444015444,2,2,0,0.3865248125391544,-0.0887167322383414,qnm,s=-2 from qnm package,0.9906847690665017,0.03969564135214166,0.0887167322383414,2.2349237653406737
0.1003760617760617,2,2,0,0.3870708428263403,-0.0887044984113082,qnm,s=-2 from qnm package,0.9899246462223282,0.039688006290746584,0.0887044984113082,2.235045463394567
0.1042366795366795,2,2,0,0.3876195153457454,-0.0886920607978374,qnm,s=-2 from qnm package,0.9891347146391676,0.03968006560852244,0.0886920607978374,2.235179288080315
0.1080972972972973,2,2,0,0.3881708528136469,-0.0886794171310783,qnm,s=-2 from qnm package,0.9883149743170198,0.03967181857930525,0.0886794171310783,2.2353252335484766
0.111957915057915,2,2,0,0.3887248782327517,-0.088666565108171,qnm,s=-2 from qnm package,0.9874654252558847,0.03966326444761426,0.088666565108171,2.2354832952612473
0.1158185328185328,2,2,0,0.3892816148969943,-0.0886535023895405,qnm,s=-2 from qnm package,0.9865860674557625,0.039654402428432545,0.0886535023895405,2.235653469990893
0.1196791505791505,2,2,0,0.3898410863964348,-0.08864022659818,qnm,s=-2 from qnm package,0.985676900916653,0.03964523170697833,0.08864022659818,2.2358357558187154
0.1235397683397683,2,2,0,0.3904033166222516,-0.0886267353188849,qnm,s=-2 from qnm package,0.9847379256385563,0.03963575143846709,0.0886267353188849,2.236030152133594
0.1274003861003861,2,2,0,0.3909683297718521,-0.088613026097535,qnm,s=-2 from qnm package,0.9837691416214726,0.039625960747863946,0.088613026097535,2.23623665963258
0.1312610038610038,2,2,0,0.391536150354083,-0.0885990964402709,qnm,s=-2 from qnm package,0.9827705488654015,0.039615858729626564,0.0885990964402709,2.236455280319657
0.1351216216216216,2,2,0,0.392106803194552,-0.0885849438127407,qnm,s=-2 from qnm package,0.9817421473703433,0.039605444447438146,0.0885849438127407,2.23668601750714
0.1389822393822394,2,2,0,0.3926803134410676,-0.0885705656392614,qnm,s=-2 from qnm package,0.9806839371362979,0.039594716933930386,0.0885705656392614,2.2369288758157917
0.1428428571428571,2,2,0,0.3932567065691932,-0.0885559593019934,qnm,s=-2 from qnm package,0.9795959181632653,0.03958367519039636,0.0885559593019934,2.2371838611761476
0.1467034749034749,2,2,0,0.3938360083879149,-0.0885411221400862,qnm,s=-2 from qnm package,0.9784780904512456,0.03957231818649295,0.0885411221400862,2.237450980830018
0.1505640926640926,2,2,0,0.3944182450454443,-0.0885260514488007,qnm,s=-2 from qnm package,0.9773304540002385,0.0395606448599328,0.0885260514488007,2.2377302433323147
0.1544247104247104,2,2,0,0.3950034430351339,-0.088510744478619,qnm,s=-2 from qnm package,0.9761530088102444,0.03954865411616552,0.088510744478619,2.2380216585534884
0.1582853281853282,2,2,0,0.3955916292015336,-0.0884951984343292,qnm,s=-2 from qnm package,0.9749457548812629,0.039536344828047895,0.0884951984343292,2.2383252376822877
0.1621459459459459,2,2,0,0.396182830746569,-0.0884794104740631,qnm,s=-2 from qnm package,0.9737086922132944,0.03952371583550301,0.0884794104740631,2.2386409932282887
0.1660065637065637,2,2,0,0.3967770752358642,-0.0884633777083684,qnm,s=-2 from qnm package,0.9724418208063386,0.0395107659451679,0.0884633777083684,2.238968939026284
0.1698671814671814,2,2,0,0.3973743906052013,-0.0884470971991857,qnm,s=-2 from qnm package,0.9711451406603957,0.03949749393002972,0.0884470971991857,2.2393090902392636
0.1737277992277992,2,2,0,0.3979748051671189,-0.0884305659588665,qnm,s=-2 from qnm package,0.9698186517754654,0.03948389852904991,0.0884305659588665,2.2396614633634653
0.1775884169884169,2,2,0,0.398578347617667,-0.0884137809491038,qnm,s=-2 from qnm package,0.9684623541515481,0.0394699784467764,0.0884137809491038,2.2400260762322444
0.1814490347490347,2,2,0,0.3991850470433037,-0.0883967390798994,qnm,s=-2 from qnm package,0.9670762477886437,0.03945573235294333,0.0883967390798994,2.2404029480219534
0.1853096525096525,2,2,0,0.3997949329279557,-0.088379437208465,qnm,s=-2 from qnm package,0.9656603326867519,0.03944115888205826,0.088379437208465,2.2407920992572232
0.1891702702702702,2,2,0,0.400408035160228,-0.0883618721380792,qnm,s=-2 from qnm package,0.964214608845873,0.03942625663297643,0.0883618721380792,2.2411935518162442
0.193030888030888,2,2,0,0.4010243840407894,-0.0883440406169781,qnm,s=-2 from qnm package,0.9627390762660067,0.03941102416846182,0.0883440406169781,2.241607328938037
0.1968915057915058,2,2,0,0.4016440102899165,-0.088325939337163,qnm,s=-2 from qnm package,0.9612337349471535,0.039395460014734686,0.088325939337163,2.2420334552287837
0.2007521235521235,2,2,0,0.4022669450552171,-0.0883075649331859,qnm,s=-2 from qnm package,0.9596985848893129,0.039379562661005424,0.0883075649331859,2.242471956668786
0.2046127413127413,2,2,0,0.402893219919527,-0.0882889139809222,qnm,s=-2 from qnm package,0.9581336260924852,0.03936333055899415,0.0882889139809222,2.242922860620314
0.2084733590733591,2,2,0,0.40352286690899,-0.0882699829963096,qnm,s=-2 from qnm package,0.9565388585566703,0.03934676212243597,0.0882699829963096,2.2433861958358463
0.2123339768339768,2,2,0,0.404155918501329,-0.0882507684340297,qnm,s=-2 from qnm package,0.9549142822818681,0.03932985572657132,0.0882507684340297,2.2438619924661283
0.2161945945945946,2,2,0,0.404792407634306,-0.0882312666861785,qnm,s=-2 from qnm package,0.9532598972680789,0.03931260970762127,0.0882312666861785,2.2443502820692594
0.2200552123552123,2,2,0,0.4054323677143858,-0.0882114740809068,qnm,s=-2 from qnm package,0.9515757035153024,0.0392950223622472,0.0882114740809068,2.244851097620349
0.2239158301158301,2,2,0,0.4060758326255961,-0.0881913868809874,qnm,s=-2 from qnm package,0.9498617010235387,0.039277091946994656,0.0881913868809874,2.2453644735206906
0.2277764478764478,2,2,0,0.406722836738603,-0.0881710012824034,qnm,s=-2 from qnm package,0.9481178897927879,0.03925881667772073,0.0881710012824034,2.2458904456088766
0.2316370656370656,2,2,0,0.4073734149200015,-0.0881503134128416,qnm,s=-2 from qnm package,0.9463442698230498,0.03924019472900496,0.0881503134128416,2.2464290511709417
0.2354976833976834,2,2,0,0.408027602541828,-0.0881293193301814,qnm,s=-2 from qnm package,0.9445408411143245,0.03922122423354281,0.0881293193301814,2.246980328951878
0.2393583011583011,2,2,0,0.4086854354912989,-0.0881080150209231,qnm,s=-2 from qnm package,0.942707603666612,0.03920190328152171,0.0881080150209231,2.2475443191671225
0.2432189189189189,2,2,0,0.4093469501807902,-0.0880863963986003,qnm,s=-2 from qnm package,0.9408445574799124,0.039182229919979,0.0880863963986003,2.2481210635152005
0.2470795366795367,2,2,0,0.4100121835580471,-0.0880644593021088,qnm,s=-2 from qnm package,0.9389517025542254,0.03916220215214129,0.0880644593021088,2.2487106051898476
0.2509401544401544,2,2,0,0.4106811731166587,-0.0880421994940363,qnm,s=-2 from qnm package,0.9370290388895515,0.039141817936744816,0.0880421994940363,2.2493129888937964
0.2548007722007722,2,2,0,0.4113539569067765,-0.0880196126589083,qnm,s=-2 from qnm package,0.9350765664858902,0.0391210751873362,0.0880196126589083,2.2499282608521183
0.25866138996139,2,2,0,0.4120305735461013,-0.0879966944014092,qnm,s=-2 from qnm package,0.9330942853432418,0.039099971771553214,0.0879966944014092,2.2505564688266677
0.2625220077220077,2,2,0,0.4127110622311432,-0.087973440244535,qnm,s=-2 from qnm package,0.9310821954616062,0.03907850551038478,0.087973440244535,2.2511976621305747
0.2663826254826255,2,2,0,0.4133954627487563,-0.0879498456277365,qnm,s=-2 from qnm package,0.9290402968409833,0.03905667417740984,0.0879498456277365,2.251851891644327
0.2702432432432433,2,2,0,0.4140838154879657,-0.0879259059049409,qnm,s=-2 from qnm package,0.9269685894813733,0.0390344754980144,0.0879259059049409,2.252519209830641
0.274103861003861,2,2,0,0.4147761614520973,-0.0879016163425854,qnm,s=-2 from qnm package,0.9248670733827761,0.03901190714858609,0.0879016163425854,2.2531996707515805
0.2779644787644788,2,2,0,0.4154725422711966,-0.0878769721175603,qnm,s=-2 from qnm package,0.9227357485451916,0.03898896675568576,0.0878769721175603,2.253893330085369
0.2818250965250965,2,2,0,0.4161730002147801,-0.087851968315109,qnm,s=-2 from qnm package,0.92057461496862,0.03896565189519523,0.087851968315109,2.2546002451441556
0.2856857142857143,2,2,0,0.4168775782049033,-0.0878265999266553,qnm,s=-2 from qnm package,0.9183836726530612,0.03894196009144071,0.0878265999266553,2.2553204748920495
0.289546332046332,2,2,0,0.4175863198295627,-0.0878008618475768,qnm,s=-2 from qnm package,0.9161629215985152,0.03891788881629101,0.0878008618475768,2.256054079963952
0.2934069498069498,2,2,0,0.4182992693564486,-0.0877747488749164,qnm,s=-2 from qnm package,0.913912361804982,0.038893435488229954,0.0877747488749164,2.2568011226850624
0.2972675675675675,2,2,0,0.4190164717470473,-0.0877482557050243,qnm,s=-2 from qnm package,0.9116319932724617,0.03886859747140204,0.0877482557050243,2.2575616670909198
0.3011281853281853,2,2,0,0.4197379726711158,-0.0877213769311366,qnm,s=-2 from qnm package,0.9093218160009541,0.0388433720746307,0.0877213769311366,2.2583357789482186
0.3049888030888031,2,2,0,0.4204638185215343,-0.0876941070408814,qnm,s=-2 from qnm package,0.9069818299904593,0.038817756550408325,0.0876941070408814,2.2591235257762197
0.3088494208494208,2,2,0,0.421194056429543,-0.0876664404137089,qnm,s=-2 from qnm package,0.9046120352409773,0.03879174809385707,0.0876664404137089,2.2599249768687653
0.3127100386100386,2,2,0,0.4219287342803962,-0.087638371318239,qnm,s=-2 from qnm package,0.9022124317525082,0.03876534384165964,0.087638371318239,2.260740203316793
0.3165706563706564,2,2,0,0.4226679007294144,-0.0876098939095691,qnm,s=-2 from qnm package,0.8997830195250518,0.03873854087095915,0.0876098939095691,2.2615692780325394
0.3204312741312741,2,2,0,0.4234116052184793,-0.0875810022264408,qnm,s=-2 from qnm package,0.8973237985586082,0.038711336198226975,0.0875810022264408,2.262412275772907
0.3242918918918919,2,2,0,0.424159897992967,-0.0875516901883898,qnm,s=-2 from qnm package,0.8948347688531775,0.03868372677809775,0.0875516901883898,2.263269273165286
0.3281525096525097,2,2,0,0.4249128301191397,-0.087521951592746,qnm,s=-2 from qnm package,0.8923159304087596,0.03865570950217028,0.087521951592746,2.264140348732499
0.3320131274131274,2,2,0,0.4256704535020099,-0.0874917801116034,qnm,s=-2 from qnm package,0.8897672832253545,0.03862728119777349,0.0874917801116034,2.265025582920045
0.3358737451737452,2,2,0,0.4264328209036915,-0.0874611692886512,qnm,s=-2 from qnm package,0.8871888273029621,0.03859843862669608,0.0874611692886512,2.265925058122944
0.3397343629343629,2,2,0,0.4271999859622563,-0.087430112535932,qnm,s=-2 from qnm package,0.8845805626415826,0.038569178483878905,0.087430112535932,2.266838858713984
0.3435949806949807,2,2,0,0.427972003211113,-0.0873986031305133,qnm,s=-2 from qnm package,0.8819424892412159,0.038539497396068684,0.0873986031305133,2.267767071073133
0.3474555984555985,2,2,0,0.4287489280989211,-0.0873666342110113,qnm,s=-2 from qnm package,0.8792746071018619,0.03850939192043193,0.0873666342110113,2.2687097836166346
0.3513162162162162,2,2,0,0.429530817010065,-0.0873341987740734,qnm,s=-2 from qnm package,0.8765769162235209,0.038478858543127645,0.0873341987740734,2.2696670868286803
0.3551768339768339,2,2,0,0.4303177272857,-0.0873012896706913,qnm,s=-2 from qnm package,0.8738494166061925,0.038447893677837526,0.0873012896706913,2.270639073292441
0.3590374517374518,2,2,0,0.4311097172453986,-0.0872678996024441,qnm,s=-2 from qnm package,0.871092108249877,0.038416493664252135,0.0872678996024441,2.271625837723183
0.3628980694980695,2,2,0,0.4319068462094022,-0.0872340211175888,qnm,s=-2 from qnm package,0.8683049911545743,0.038384654766511664,0.0872340211175888,2.2726274770014423
0.3667586872586872,2,2,0,0.4327091745215241,-0.0871996466070581,qnm,s=-2 from qnm package,0.8654880653202844,0.03835237317159968,0.0871996466070581,2.2736440902079647
0.370619305019305,2,2,0,0.4335167635726948,-0.0871647683003145,qnm,s=-2 from qnm package,0.8626413307470073,0.03831964498768822,0.0871647683003145,2.2746757786592178
0.3744799227799228,2,2,0,0.434329675825201,-0.087129378261077,qnm,s=-2 from qnm package,0.859764787434743,0.03828646624243267,0.087129378261077,2.275722645944065
0.3783405405405405,2,2,0,0.4351479748376242,-0.0870934683829097,qnm,s=-2 from qnm package,0.8568584353834916,0.038252832881214435,0.0870934683829097,2.2767847979614704
0.3822011583011583,2,2,0,0.4359717252905089,-0.0870570303846875,qnm,s=-2 from qnm package,0.8539222745932529,0.03821874076532998,0.0870570303846875,2.277862342959793
0.3860617760617761,2,2,0,0.4368009930127909,-0.0870200558058793,qnm,s=-2 from qnm package,0.850956305064027,0.038184185670123875,0.0870200558058793,2.2789553915763
0.3899223938223938,2,2,0,0.4376358450090067,-0.0869825360017055,qnm,s=-2 from qnm package,0.847960526795814,0.03814916328306424,0.0869825360017055,2.2800640568785453
0.3937830115830116,2,2,0,0.4384763494873095,-0.0869444621381475,qnm,s=-2 from qnm package,0.8449349397886138,0.0381136692017583,0.0869444621381475,2.2811884544072307
0.3976436293436293,2,2,0,0.4393225758883358,-0.086905825186754,qnm,s=-2 from qnm package,0.8418795440424264,0.03807769893190605,0.086905825186754,2.2823287022192904
0.4015042471042471,2,2,0,0.4401745949149322,-0.086866615919312,qnm,s=-2 from qnm package,0.8387943395572517,0.03804124788518963,0.086866615919312,2.2834849209331867
0.4053648648648649,2,2,0,0.4410324785627898,-0.0868268249023421,qnm,s=-2 from qnm package,0.8356793263330898,0.03800431137709618,0.0868268249023421,2.2846572337755733
0.4092254826254826,2,2,0,0.4418963001520201,-0.0867864424913695,qnm,s=-2 from qnm package,0.8325345043699408,0.037966884624671716,0.0867864424913695,2.2858457666282623
0.4130861003861004,2,2,0,0.4427661343596884,-0.0867454588250609,qnm,s=-2 from qnm package,0.8293598736678046,0.037928962744203425,0.0867454588250609,2.287050648078109
0.4169467181467182,2,2,0,0.4436420572533666,-0.0867038638191198,qnm,s=-2 from qnm package,0.8261554342266811,0.03789054074882774,0.0867038638191198,2.2882720094672244
0.4208073359073359,2,2,0,0.4445241463257262,-0.0866616471599985,qnm,s=-2 from qnm package,0.8229211860465706,0.03785161354606138,0.0866616471599985,2.2895099849453047
0.4246679536679537,2,2,0,0.4454124805302135,-0.0866187982983778,qnm,s=-2 from qnm package,0.8196571291274728,0.037812175935252566,0.0866187982983778,2.290764711523054
0.4285285714285714,2,2,0,0.4463071403178513,-0.0865753064424457,qnm,s=-2 from qnm package,0.8163632634693878,0.03777222260494911,0.0865753064424457,2.2920363291278005
0.4323891891891892,2,2,0,0.4472082076752138,-0.0865311605509276,qnm,s=-2 from qnm package,0.8130395890723155,0.03773174813018052,0.0865311605509276,2.2933249806603544
0.436249806949807,2,2,0,0.4481157661636047,-0.0864863493258805,qnm,s=-2 from qnm package,0.8096861059362561,0.03769074696965055,0.0864863493258805,2.294630812053719
0.4401104247104247,2,2,0,0.4490299009595066,-0.0864408612052345,qnm,s=-2 from qnm package,0.8063028140612096,0.0376492134628368,0.0864408612052345,2.2959539723335656
0.4439710424710425,2,2,0,0.4499506988963352,-0.0863946843550776,qnm,s=-2 from qnm package,0.8028897134471757,0.03760714182699374,0.0863946843550776,2.2972946136806662
0.4478316602316602,2,2,0,0.4508782485075506,-0.0863478066616633,qnm,s=-2 from qnm package,0.7994468040941548,0.03756452615405535,0.0863478066616633,2.2986528914951174
0.451692277992278,2,2,0,0.4518126400711945,-0.0863002157231394,qnm,s=-2 from qnm package,0.7959740860021467,0.03752136040743332,0.0863002157231394,2.3000289644626677
0.4555528957528957,2,2,0,0.4527539656558843,-0.0862518988409696,qnm,s=-2 from qnm package,0.7924715591711513,0.037477638418706695,0.0862518988409696,2.301422994622777
0.4594135135135135,2,2,0,0.4537023191683545,-0.0862028430110696,qnm,s=-2 from qnm package,0.7889392236011687,0.03743335388419864,0.0862028430110696,2.3028351474393944
0.4632741312741313,2,2,0,0.4546577964025736,-0.0861530349145951,qnm,s=-2 from qnm package,0.785377079292199,0.03738850036143554,0.0861530349145951,2.304265591873213
0.467134749034749,2,2,0,0.4556204950905312,-0.0861024609084251,qnm,s=-2 from qnm package,0.7817851262442421,0.03734307126548389,0.0861024609084251,2.3057145004569937
0.4709953667953668,2,2,0,0.4565905149547434,-0.0860511070152602,qnm,s=-2 from qnm package,0.7781633644572978,0.0372970598651597,0.0860511070152602,2.307182049372291
0.4748559845559846,2,2,0,0.4575679577625555,-0.0859989589134021,qnm,s=-2 from qnm package,0.7745117939313665,0.03725045927910531,0.0859989589134021,2.308668418529836
0.4787166023166023,2,2,0,0.4585529273823156,-0.0859460019261023,qnm,s=-2 from qnm package,0.7708304146664481,0.0372032624717279,0.0859460019261023,2.310173791651089
0.4825772200772201,2,2,0,0.4595455298414981,-0.085892221010567,qnm,s=-2 from qnm package,0.7671192266625423,0.037155462248994055,0.085892221010567,2.3116983563538476
0.4864378378378378,2,2,0,0.4605458733868622,-0.0858376007464937,qnm,s=-2 from qnm package,0.7633782299196494,0.03710705125407407,0.0858376007464937,2.3132423042391275
0.4902984555984556,2,2,0,0.4615540685467158,-0.0857821253242382,qnm,s=-2 from qnm package,0.7596074244377693,0.03705802196282974,0.0857821253242382,2.314805830982564
0.4941590733590734,2,2,0,0.4625702281954057,-0.0857257785324637,qnm,s=-2 from qnm package,0.755806810216902,0.0370083666791388,0.0857257785324637,2.3163891364269893
0.4980196911196911,2,2,0,0.463594467620095,-0.085668543745376,qnm,s=-2 from qnm package,0.7519763872570475,0.036958077530048955,0.085668543745376,2.3179924246796317
0.5018803088803089,2,2,0,0.4646269045899556,-0.0856104039094194,qnm,s=-2 from qnm package,0.7481161555582058,0.03690714646075395,0.0856104039094194,2.319615904211266
0.5057409266409266,2,2,0,0.4656676594278628,-0.085551341529499,qnm,s=-2 from qnm package,0.7442261151203768,0.036855565229384046,0.085551341529499,2.321259787959811
0.5096015444015445,2,2,0,0.4667168550847152,-0.0854913386546305,qnm,s=-2 from qnm package,0.7403062659435606,0.036803325401602416,0.0854913386546305,2.3229242934364898
0.5134621621621622,2,2,0,0.4677746172164816,-0.0854303768630412,qnm,s=-2 from qnm package,0.7363566080277575,0.036750418344998835,0.0854303768630412,2.3246096428359966
0.51732277992278,2,2,0,0.4688410742641218,-0.0853684372466806,qnm,s=-2 from qnm package,0.7323771413729669,0.036696835223271676,0.0853684372466806,2.3263160631504083
0.5211833976833977,2,2,0,0.46991635753648,-0.0853055003951113,qnm,s=-2 from qnm package,0.7283678659791892,0.0366425669901883,0.0853055003951113,2.328043786286953
0.5250440154440155,2,2,0,0.4710006012963092,-0.0852415463787516,qnm,s=-2 from qnm package,0.7243287818464245,0.0365876043833139,0.0852415463787516,2.329793049189817
0.5289046332046332,2,2,0,0.4720939428495652,-0.0851765547314413,qnm,s=-2 from qnm package,0.7202598889746724,0.03653193791749796,0.0851765547314413,2.331564093966219
0.532765250965251,2,2,0,0.4731965226381137,-0.0851105044322963,qnm,s=-2 from qnm package,0.7161611873639331,0.036475557878107134,0.0851105044322963,2.333357168016892
0.5366258687258687,2,2,0,0.4743084843360199,-0.0850433738868206,qnm,s=-2 from qnm package,0.7120326770142067,0.03641845431399246,0.0850433738868206,2.3351725241712353
0.5404864864864866,2,2,0,0.475429974949579,-0.0849751409072362,qnm,s=-2 from qnm package,0.7078743579254929,0.036360617030178524,0.0849751409072362,2.3370104208272555
0.5443471042471043,2,2,0,0.4765611449212764,-0.0849057826919993,qnm,s=-2 from qnm package,0.7036862300977922,0.0363020355802611,0.0849057826919993,2.3388711220966916
0.548207722007722,2,2,0,0.4777021482378552,-0.0848352758044426,qnm,s=-2 from qnm package,0.6994682935311041,0.03624269925849938,0.0848352758044426,2.3407548979550037
0.5520683397683398,2,2,0,0.478853142542695,-0.0847635961505244,qnm,s=-2 from qnm package,0.695220548225429,0.036182597091587734,0.0847635961505244,2.3426620243971237
0.5559289575289575,2,2,0,0.4800142892527085,-0.0846907189556428,qnm,s=-2 from qnm package,0.6909429941807665,0.03612171783009158,0.0846907189556428,2.3445927835992975
0.5597895752895753,2,2,0,0.4811857536799813,-0.0846166187404266,qnm,s=-2 from qnm package,0.6866356313971169,0.036060049939530506,0.0846166187404266,2.346547464086188
0.563650193050193,2,2,0,0.4823677051583817,-0.0845412692954949,qnm,s=-2 from qnm package,0.6822984598744801,0.035997581591091114,0.0845412692954949,2.3485263609046907
0.5675108108108109,2,2,0,0.4835603171753996,-0.0844646436551304,qnm,s=-2 from qnm package,0.6779314796128559,0.03593430065195112,0.0844646436551304,2.350529775804729
0.5713714285714286,2,2,0,0.4847637675094703,-0.084386714069771,qnm,s=-2 from qnm package,0.6735346906122448,0.035870194675194735,0.084386714069771,2.3525580174262846
0.5752320463320464,2,2,0,0.4859782383730615,-0.0843074519772867,qnm,s=-2 from qnm package,0.6691080928726465,0.0358052508892986,0.0843074519772867,2.35461140149375
0.5790926640926641,2,2,0,0.4872039165618217,-0.0842268279729954,qnm,s=-2 from qnm package,0.6646516863940608,0.035739456187165904,0.0842268279729954,2.3566902510184637
0.5829532818532819,2,2,0,0.4884409936101012,-0.0841448117783091,qnm,s=-2 from qnm package,0.6601654711764882,0.035672797114685406,0.0841448117783091,2.3587948965086687
0.5868138996138996,2,2,0,0.4896896659531835,-0.0840613722079581,qnm,s=-2 from qnm package,0.6556494472199281,0.03560525985879007,0.0840613722079581,2.3609256761878514
0.5906745173745174,2,2,0,0.4909501350965713,-0.0839764771357361,qnm,s=-2 from qnm package,0.6511036145243809,0.03553683023498887,0.0839764771357361,2.363082936222446
0.5945351351351351,2,2,0,0.4922226077927125,-0.0838900934586231,qnm,s=-2 from qnm package,0.6465279730898466,0.03546749367434367,0.0838900934586231,2.3652670309576225
0.598395752895753,2,2,0,0.4935072962255518,-0.0838021870592972,qnm,s=-2 from qnm package,0.641922522916325,0.035397235209860954,0.0838021870592972,2.3674783231643923
0.6022563706563707,2,2,0,0.494804418203353,-0.0837127227668297,qnm,s=-2 from qnm package,0.6372872640038162,0.03532603946226654,0.0837127227668297,2.3697171842953786
0.6061169884169885,2,2,0,0.4961141973602181,-0.0836216643155613,qnm,s=-2 from qnm package,0.6326221963523202,0.03525389062512928,0.0836216643155613,2.371983994752484
0.6099776061776062,2,2,0,0.4974368633668048,-0.0835289743019863,qnm,s=-2 from qnm package,0.6279273199618371,0.035180772449297584,0.0835289743019863,2.3742791441651256
0.613838223938224,2,2,0,0.498772652150749,-0.083434614139579,qnm,s=-2 from qnm package,0.6232026348323668,0.035106668226609974,0.083434614139579,2.376603031680963
0.6176988416988417,2,2,0,0.5001218061273291,-0.0833385440114154,qnm,s=-2 from qnm package,0.6184481409639093,0.035031560772838616,0.0833385440114154,2.3789560662689953
0.6215594594594595,2,2,0,0.5014845744409722,-0.083240722820467,qnm,s=-2 from qnm package,0.6136638383564645,0.03495543240982184,0.083240722820467,2.381338667035853
0.6254200772200773,2,2,0,0.5028612132182068,-0.08314110813744,qnm,s=-2 from qnm package,0.6088497270100326,0.03487826494673867,0.08314110813744,2.383751263556308
0.629280694980695,2,2,0,0.5042519858327451,-0.0830396561460141,qnm,s=-2 from qnm package,0.6040058069246135,0.034800039660475166,0.0830396561460141,2.3861942962188065
0.6331413127413128,2,2,0,0.5056571631833895,-0.0829363215852994,qnm,s=-2 from qnm package,0.5991320781002072,0.03472073727502899,0.0829363215852994,2.3886682165861397
0.6370019305019305,2,2,0,0.5070770239855324,-0.0828310576893858,qnm,s=-2 from qnm package,0.5942285405368136,0.03464033793989478,0.0828310576893858,2.3911734877733526
0.6408625482625483,2,2,0,0.5085118550770632,-0.0827238161237614,qnm,s=-2 from qnm package,0.5892951942344329,0.03455882120736878,0.0827238161237614,2.3937105848425952
0.644723166023166,2,2,0,0.5099619517395512,-0.0826145469184608,qnm,s=-2 from qnm package,0.5843320391930651,0.03447616600870691,0.0826145469184608,2.3962799952174674
0.6485837837837838,2,2,0,0.5114276180356387,-0.082503198397675,qnm,s=-2 from qnm package,0.57933907541271,0.034392350629065684,0.082503198397675,2.3988822191161847
0.6524444015444015,2,2,0,0.5129091671636533,-0.0823897171056514,qnm,s=-2 from qnm package,0.5743163028933678,0.03430735268115001,0.0823897171056514,2.4015177700061945
0.6563050193050194,2,2,0,0.5144069218305088,-0.0822740477286277,qnm,s=-2 from qnm package,0.5692637216350381,0.03422114907748672,0.0822740477286277,2.404187175080975
0.6601656370656371,2,2,0,0.5159212146440499,-0.0821561330125541,qnm,s=-2 from qnm package,0.5641813316377216,0.034133716001236006,0.0821561330125541,2.4068909757607164
0.6640262548262549,2,2,0,0.5174523885260982,-0.0820359136763096,qnm,s=-2 from qnm package,0.5590691329014177,0.03404502887544711,0.0820359136763096,2.4096297282177654
0.6678868725868726,2,2,0,0.5190007971475149,-0.0819133283201235,qnm,s=-2 from qnm package,0.5539271254261265,0.033955062330656476,0.0819133283201235,2.412404003928678
0.6717474903474904,2,2,0,0.5205668053867456,-0.0817883133289181,qnm,s=-2 from qnm package,0.5487553092118483,0.033863790170719665,0.0817883133289181,2.4152143902555947
0.6756081081081081,2,2,0,0.5221507898133806,-0.0816608027701778,qnm,s=-2 from qnm package,0.5435536842585829,0.033771185336759144,0.0816608027701778,2.418061491057346
0.6794687258687259,2,2,0,0.5237531391984187,-0.0815307282859959,qnm,s=-2 from qnm package,0.5383222505663303,0.03367721986910106,0.0815307282859959,2.4209459273329315
0.6833293436293437,2,2,0,0.5253742550530437,-0.0813980189789153,qnm,s=-2 from qnm package,0.5330610081350903,0.03358186486706393,0.0813980189789153,2.4238683379000787
0.6871899613899615,2,2,0,0.5270145521978584,-0.0812626012910968,qnm,s=-2 from qnm package,0.5277699569648633,0.03348509044645089,0.0812626012910968,2.426829380110272
0.6910505791505792,2,2,0,0.5286744593647045,-0.0811243988763804,qnm,s=-2 from qnm package,0.522449097055649,0.03338686569458525,0.0811243988763804,2.429829730603832
0.694911196911197,2,2,0,0.5303544198333553,-0.0809833324647084,qnm,s=-2 from qnm package,0.5170984284074476,0.033287158622715494,0.0809833324647084,2.432870086107156
0.6987718146718147,2,2,0,0.5320548921055517,-0.0808393197183566,qnm,s=-2 from qnm package,0.511717951020259,0.03318593611560162,0.0808393197183566,2.4359511642750324
0.7026324324324325,2,2,0,0.5337763506190988,-0.0806922750794095,qnm,s=-2 from qnm package,0.5063076648940832,0.03308316387807821,0.0806922750794095,2.4390737045823587
0.7064930501930502,2,2,0,0.5355192865049213,-0.0805421096077811,qnm,s=-2 from qnm package,0.5008675700289202,0.032978806378372576,0.0805421096077811,2.4422384692673544
0.7103536679536679,2,2,0,0.5372842083902751,-0.0803887308091187,qnm,s=-2 from qnm package,0.4953976664247701,0.0328728267879363,0.0803887308091187,2.445446244331498
0.7142142857142858,2,2,0,0.5390716432515694,-0.0802320424517887,qnm,s=-2 from qnm package,0.4898979540816325,0.03276518691752773,0.0802320424517887,2.4486978405994866
0.7180749034749035,2,2,0,0.5408821373205576,-0.0800719443721368,qnm,s=-2 from qnm package,0.48436843299950794,0.03265584714925904,0.0800719443721368,2.451994094844777
0.7219355212355213,2,2,0,0.5427162570480353,-0.0799083322670765,qnm,s=-2 from qnm package,0.4788091031783962,0.032544766364295444,0.0799083322670765,2.455335870984871
0.725796138996139,2,2,0,0.5445745901294983,-0.0797410974730027,qnm,s=-2 from qnm package,0.4732199646182972,0.03243190186586576,0.0797410974730027,2.458724061351745
0.7296567567567568,2,2,0,0.546457746597695,-0.0795701267300064,qnm,s=-2 from qnm package,0.4676010173192111,0.03231720929721101,0.0795701267300064,2.4621595880456586
0.7335173745173745,2,2,0,0.5483663599874331,-0.079395301930078,qnm,s=-2 from qnm package,0.46195226128113775,0.0322006425540631,0.079395301930078,2.465643404375477
0.7373779922779923,2,2,0,0.5503010885785259,-0.0792164998480932,qnm,s=-2 from qnm package,0.4562736965040771,0.0320821536912058,0.0792164998480932,2.469176496396114
0.7412386100386101,2,2,0,0.5522626167233343,-0.0790335918540659,qnm,s=-2 from qnm package,0.4505653229880292,0.031961692822626876,0.0790335918540659,2.4727598845488896
0.7450992277992279,2,2,0,0.5542516562660113,-0.0788464436051257,qnm,s=-2 from qnm package,0.44482714073299434,0.031839208014721614,0.0788464436051257,2.4763946254149656
0.7489598455598456,2,2,0,0.556268948061237,-0.0786549147154562,qnm,s=-2 from qnm package,0.4390591497389722,0.03171464517195366,0.0786549147154562,2.480081813591073
0.7528204633204634,2,2,0,0.558315263601067,-0.0784588584022638,qnm,s=-2 from qnm package,0.4332613500059629,0.03158794791431847,0.0784588584022638,2.483822583698109
0.7566810810810811,2,2,0,0.5603914067593669,-0.0782581211056754,qnm,s=-2 from qnm package,0.4274337415339663,0.03145905744588706,0.0782581211056754,2.4876181125352446
0.7605416988416989,2,2,0,0.5624982156643313,-0.0780525420801697,qnm,s=-2 from qnm package,0.42157632432298264,0.031327912413631524,0.0780525420801697,2.4914696213912797
0.7644023166023166,2,2,0,0.5646365647106821,-0.0778419529550292,qnm,s=-2 from qnm package,0.4156890983730117,0.031194448755648488,0.0778419529550292,2.495378378530702
0.7682629343629344,2,2,0,0.5668073667244184,-0.0776261772607849,qnm,s=-2 from qnm package,0.4097720636840536,0.031058599537800866,0.0776261772607849,2.4993457018661602
0.7721235521235522,2,2,0,0.5690115752944024,-0.0774050299185961,qnm,s=-2 from qnm package,0.4038252202561081,0.030920294777689702,0.0774050299185961,2.5033729618401663
0.77598416988417,2,2,0,0.5712501872866381,-0.0771783166889042,qnm,s=-2 from qnm package,0.3978485680891757,0.030779461254746135,0.0771783166889042,2.507461584533207
0.7798447876447877,2,2,0,0.5735242455589769,-0.0769458335753923,qnm,s=-2 from qnm package,0.39184210718325596,0.03063602230509496,0.0769458335753923,2.5116130550210407
0.7837054054054055,2,2,0,0.5758348418959478,-0.0767073661798409,qnm,s=-2 from qnm package,0.3858058375383491,0.030489897599684814,0.0767073661798409,2.5158289210073916
0.7875660231660232,2,2,0,0.5781831201858266,-0.0764626890028577,qnm,s=-2 from qnm package,0.379739759154455,0.030341002904001924,0.0764626890028577,2.520110796758548
0.791426640926641,2,2,0,0.5805702798646467,-0.076211564684969,qnm,s=-2 from qnm package,0.3736438720315738,0.03018924981748167,0.076211564684969,2.524460367373462
0.7952872586872587,2,2,0,0.58299757965492,-0.0759537431817207,qnm,s=-2 from qnm package,0.3675181761697053,0.030034545490501146,0.0759537431817207,2.52887939342189
0.7991478764478764,2,2,0,0.5854663416302821,-0.0756889608658143,qnm,s=-2 from qnm package,0.3613626715688496,0.029876792316571317,0.0756889608658143,2.5333697159930058
0.8030084942084943,2,2,0,0.5879779556412412,-0.0754169395482957,qnm,s=-2 from qnm package,0.35517735822900653,0.029715887597044185,0.0754169395482957,2.537933262198682
0.806869111969112,2,2,0,0.5905338841417888,-0.0751373854097803,qnm,s=-2 from qnm package,0.3489622361501765,0.029551723175302268,0.0751373854097803,2.54257205118164
0.8107297297297298,2,2,0,0.5931356674618484,-0.0748499878315504,qnm,s=-2 from qnm package,0.34271730533235933,0.029384185036995653,0.0748499878315504,2.547288200687268
0.8145903474903475,2,2,0,0.5957849295766587,-0.0745544181149141,qnm,s=-2 from qnm package,0.33644256577555487,0.029213152872428608,0.0745544181149141,2.552083934263686
0.8184509652509653,2,2,0,0.5984833844311546,-0.0742503280756664,qnm,s=-2 from qnm package,0.33013801747976323,0.029038499596659894,0.0742503280756664,2.556961589165816
0.822311583011583,2,2,0,0.6012328428856347,-0.0739373484985631,qnm,s=-2 from qnm package,0.32380366044498443,0.028860090822256608,0.0739373484985631,2.561923625047755
0.8261722007722008,2,2,0,0.6040352203584884,-0.0736150874345764,qnm,s=-2 from qnm package,0.31743949467121835,0.028677784278913415,0.0736150874345764,2.5669726335414653
0.8300328185328186,2,2,0,0.6068925452528895,-0.0732831283211293,qnm,s=-2 from qnm package,0.311045520158465,0.028491429173298312,0.0732831283211293,2.5721113488336003
0.8338934362934364,2,2,0,0.6098069682674119,-0.0729410279025407,qnm,s=-2 from qnm package,0.30462173690672456,0.028300865481487462,0.0729410279025407,2.5773426593703945
0.8377540540540541,2,2,0,0.612780772705885,-0.0725883139242869,qnm,s=-2 from qnm package,0.29816814491599697,0.02810592316517713,0.0725883139242869,2.5826696208371787
0.8416146718146719,2,2,0,0.6158163859199439,-0.072224482570627,qnm,s=-2 from qnm package,0.2916847441862822,0.02790642130147261,0.072224482570627,2.588095470586755
0.8454752895752896,2,2,0,0.618916392039207,-0.0718489956101132,qnm,s=-2 from qnm package,0.28517153471758017,0.027702167114408625,0.0718489956101132,2.5936236437164024
0.8493359073359074,2,2,0,0.6220835461696409,-0.0714612772075454,qnm,s=-2 from qnm package,0.27862851650989096,0.02749295489439693,0.0714612772075454,2.5992577910244643
0.8531965250965251,2,2,0,0.6253207902712126,-0.0710607103540018,qnm,s=-2 from qnm package,0.2720556895632146,0.02727856478945581,0.0710607103540018,2.6050017991221237
0.8570571428571429,2,2,0,0.6286312709626509,-0.0706466328579076,qnm,s=-2 from qnm package,0.265453053877551,0.027058761449266278,0.0706466328579076,2.610859813017171
0.8609177606177607,2,2,0,0.6320183595453538,-0.0702183328299458,qnm,s=-2 from qnm package,0.2588206094529001,0.026833292499711274,0.0702183328299458,2.6168362615471565
0.8647783783783785,2,2,0,0.6354856745920758,-0.0697750435821669,qnm,s=-2 from qnm package,0.2521583562892621,0.02660188682144993,0.0697750435821669,2.6229358861080905
0.8686389961389962,2,2,0,0.6390371075112526,-0.0693159378463789,qnm,s=-2 from qnm package,0.24546629438663692,0.02636425260108078,0.0693159378463789,2.629163773204682
0.872499613899614,2,2,0,0.6426768515776216,-0.0688401211984385,qnm,s=-2 from qnm package,0.23874442374502458,0.026120075117331342,0.0688401211984385,2.6355253914549928
0.8763602316602317,2,2,0,0.6464094350180211,-0.0683466245519947,qnm,s=-2 from qnm package,0.23199274436442507,0.025869014217182826,0.0683466245519947,2.6420266338018097
0.8802208494208494,2,2,0,0.6502397588627934,-0.0678343955569878,qnm,s=-2 from qnm package,0.2252112562448383,0.025610701427518836,0.0678343955569878,2.6486738658434157
0.8840814671814672,2,2,0,0.6541731404246195,-0.0673022887025607,qnm,s=-2 from qnm package,0.21839995938626433,0.025344736636276823,0.0673022887025607,2.6554739813799664
0.887942084942085,2,2,0,0.658215363456362,-0.0667490538797382,qnm,s=-2 from qnm package,0.21155885378870298,0.025070684262522798,0.0667490538797382,2.6624344665182833
0.8918027027027028,2,2,0,0.6623727362791034,-0.0661733231027968,qnm,s=-2 from qnm package,0.2046879394521547,0.02478806881648741,0.0661733231027968,2.6695634739719063
0.8956633204633205,2,2,0,0.6666521594762348,-0.0655735950166566,qnm,s=-2 from qnm package,0.19778721637661922,0.024496369727214813,0.0655735950166566,2.676869909577095
0.8995239382239383,2,2,0,0.6710612051400732,-0.0649482167254872,qnm,s=-2 from qnm package,0.19085668456209648,0.024195015285488803,0.0649482167254872,2.684363533526698
0.903384555984556,2,2,0,0.6756082101624624,-0.0642953623586227,qnm,s=-2 from qnm package,0.18389634400858657,0.023883375510918976,0.0642953623586227,2.692055079451739
0.9072451737451738,2,2,0,0.6803023867196779,-0.0636130076339064,qnm,s=-2 from qnm package,0.17690619471608948,0.023560753701458517,0.0636130076339064,2.6999563952815513
0.9111057915057916,2,2,0,0.6851539539699203,-0.0628988994731747,qnm,s=-2 from qnm package,0.169886236684605,0.023226376356926898,0.0628988994731747,2.70808061087911
0.9149664092664092,2,2,0,0.6901742961373224,-0.0621505194501441,qnm,s=-2 from qnm package,0.16283646991413392,0.022879381079280746,0.0621505194501441,2.716442338836987
0.9188270270270272,2,2,0,0.6953761537124923,-0.0613650394812921,qnm,s=-2 from qnm package,0.15575689440467455,0.02251880193271906,0.0613650394812921,2.725057916697192
0.9226876447876448,2,2,0,0.7007738566210322,-0.0605392676649744,qnm,s=-2 from qnm package,0.14864751015622912,0.022143551583528553,0.0605392676649744,2.733945701375494
0.9265482625482626,2,2,0,0.7063836111424483,-0.0596695814749849,qnm,s=-2 from qnm package,0.14150831716879586,0.021752399314032184,0.0596695814749849,2.7431264300344487
0.9304088803088804,2,2,0,0.7122238564710391,-0.0587518445328725,qnm,s=-2 from qnm package,0.13433931544237554,0.021343943688680686,0.0587518445328725,2.7526236664515897
0.934269498069498,2,2,0,0.7183157126644285,-0.0577813017820418,qnm,s=-2 from qnm package,0.12714050497696827,0.020916578199493333,0.0577813017820418,2.762464358699046
0.938130115830116,2,2,0,0.7246835502138345,-0.0567524458515192,qnm,s=-2 from qnm package,0.11991188577257317,0.02046844756407321,0.0567524458515192,2.7726795436666474
0.9419907335907336,2,2,0,0.7313557240213853,-0.0556588443828663,qnm,s=-2 from qnm package,0.11265345782919156,0.019997391381999567,0.0556588443828663,2.7833052481518665
0.9458513513513516,2,2,0,0.7383655335367405,-0.0544929135311612,qnm,s=-2 from qnm package,0.10536522114682212,0.019500870392802478,0.0544929135311612,2.794383657422483
0.9497119691119692,2,2,0,0.745752500175001,-0.0532456157749646,qnm,s=-2 from qnm package,0.09804717572546606,0.0189758683128662,0.0532456157749646,2.8059646545324357
0.953572586872587,2,2,0,0.753564099885685,-0.0519060488901653,qnm,s=-2 from qnm package,0.09069932156512261,0.018418758620279196,0.0519060488901653,2.8181078844812233
0.9574332046332048,2,2,0,0.7618581655195974,-0.0504608743907429,qnm,s=-2 from qnm package,0.08332165866579178,0.017825119727458618,0.0504608743907429,2.830885579579625
0.9612938223938224,2,2,0,0.7707063043614782,-0.0488935021109029,qnm,s=-2 from qnm package,0.07591418702747421,0.017189471881087867,0.0488935021109029,2.844386520373341
0.9651544401544402,2,2,0,0.7801989082784336,-0.0471828913830802,qnm,s=-2 from qnm package,0.06847690665016914,0.016504891187393567,0.0471828913830802,2.858721747836695
0.969015057915058,2,2,0,0.7904527668059408,-0.045301724296719,qnm,s=-2 from qnm package,0.06100981753387669,0.01576242267901743,0.045301724296719,2.8740330861082413
0.9728756756756756,2,2,0,0.8016231499981257,-0.043213498643101,qnm,s=-2 from qnm package,0.053512919678597726,0.01495014805537862,0.043213498643101,2.8905064005405663
0.9767362934362936,2,2,0,0.8139240494719653,-0.0408676457426721,qnm,s=-2 from qnm package,0.045986213084330485,0.014051622681500496,0.0408676457426721,2.9083933342784625
0.9805969111969112,2,2,0,0.8276645075509715,-0.0381907477966819,qnm,s=-2 from qnm package,0.038429697751077074,0.01304306784582145,0.0381907477966819,2.928049462605295
0.984457528957529,2,2,0,0.8433200745004658,-0.0350692295729108,qnm,s=-2 from qnm package,0.03084337367883594,0.011887843181811453,0.0350692295729108,2.9500077546923866
0.9883181467181468,2,2,0,0.8616926211129751,-0.0313105927040004,qnm,s=-2 from qnm package,0.023227240867607746,0.010524073371630199,0.0313105927040004,2.975140100068528
0.9921787644787644,2,2,0,0.8843453362428317,-0.0265378134239901,qnm,s=-2 from qnm package,0.015581299317392494,0.008830940975551703,0.0265378134239901,3.005094643646645
0.9960393822393824,2,2,0,0.9152913935822508,-0.0197793650925047,qnm,s=-2 from qnm package,0.007905549028189518,0.006497748683538172,0.0197793650925047,3.0440335654432213
0.9999,2,2,0,0.985673548381096,-0.0034686731051764,qnm,s=-2 from qnm package,0.00019998999999992773,0.0011096744852254366,0.0034686731051764,3.125847400620119
0.0,2,2,1,0.3467109968791628,-0.273914875291235,qnm,s=-2 from qnm package,1.0,0.039788735772973836,0.273914875291235,6.884231679391265
0.0038606177606177,2,2,1,0.3472675952680354,-0.2738653231385505,qnm,s=-2 from qnm package,0.9999850956305064,0.039788587515364085,0.2738653231385505,6.883011944889959
0.0077212355212355,2,2,1,0.3478264707949882,-0.2738152564816841,qnm,s=-2 from qnm package,0.9999403825220257,0.03978814272927617,0.2738152564816841,6.881830558032316
0.0115818532818532,2,2,1,0.3483876405110914,-0.2737646705503512,qnm,s=-2 from qnm package,0.9998658606745576,0.03978740137493051,0.2737646705503512,6.880687380675394
0.015442471042471,2,2,1,0.3489511216638017,-0.273713560508681,qnm,s=-2 from qnm package,0.9997615300881024,0.03978636338601538,0.273713560508681,6.879582279311544
0.0193030888030888,2,2,1,0.3495169317000203,-0.2736619214540967,qnm,s=-2 from qnm package,0.99962739076266,0.039785028669668425,0.2736619214540967,6.87851512503076
0.0231637065637065,2,2,1,0.3500850882691862,-0.2736097484161768,qnm,s=-2 from qnm package,0.9994634426982305,0.03978339710645071,0.2736097484161768,6.877485793484744
0.0270243243243243,2,2,1,0.3506556092264227,-0.2735570363554749,qnm,s=-2 from qnm package,0.9992696858948137,0.039781468550313254,0.2735570363554749,6.876494164852062
0.030884942084942,2,2,1,0.3512285126357833,-0.2735037801623329,qnm,s=-2 from qnm package,0.9990461203524098,0.039779242828556195,0.2735037801623329,6.8755401238053135
0.0347455598455598,2,2,1,0.3518038167735176,-0.273449974655656,qnm,s=-2 from qnm package,0.9987927460710186,0.0397767197417804,0.273449974655656,6.874623559479478
0.0386061776061776,2,2,1,0.3523815401314348,-0.2733956145816708,qnm,s=-2 from qnm package,0.9985095630506403,0.03977389906383156,0.2733956145816708,6.873744365441993
0.0424667953667953,2,2,1,0.3529617014202954,-0.2733406946126435,qnm,s=-2 from qnm package,0.9981965712912747,0.03977078054173678,0.2733406946126435,6.872902439663981
0.0463274131274131,2,2,1,0.3535443195733164,-0.2732852093455824,qnm,s=-2 from qnm package,0.997853770792922,0.039767363895633547,0.2732852093455824,6.872097684493216
0.0501880308880308,2,2,1,0.3541294137497193,-0.2732291533009097,qnm,s=-2 from qnm package,0.9974811615555821,0.039763648818691065,0.2732291533009097,6.871330006628496
0.0540486486486486,2,2,1,0.3547170033383132,-0.2731725209210888,qnm,s=-2 from qnm package,0.997078743579255,0.03975963497702392,0.2731725209210888,6.870599317095044
0.0579092664092664,2,2,1,0.3553071079612364,-0.2731153065692462,qnm,s=-2 from qnm package,0.9966465168639406,0.03975532200959805,0.2731153065692462,6.869905531221921
0.0617698841698841,2,2,1,0.3558997474777037,-0.2730575045277467,qnm,s=-2 from qnm package,0.9961844814096391,0.03975070952812886,0.2730575045277467,6.869248568620455
0.0656305019305019,2,2,1,0.3564949419878199,-0.2729991089967324,qnm,s=-2 from qnm package,0.9956926372163504,0.039745797116971585,0.2729991089967324,6.868628353163935
0.0694911196911197,2,2,1,0.3570927118365355,-0.2729401140926423,qnm,s=-2 from qnm package,0.9951709842840745,0.039740584333003676,0.2729401140926423,6.868044812968982
0.0733517374517374,2,2,1,0.3576930776176215,-0.2728805138466881,qnm,s=-2 from qnm package,0.9946195226128114,0.03973507070549922,0.2728805138466881,6.867497880378057
0.0772123552123552,2,2,1,0.3582960601777483,-0.2728203022033057,qnm,s=-2 from qnm package,0.994038252202561,0.03972925573599533,0.2728203022033057,6.866987491943531
0.0810729729729729,2,2,1,0.3589016806206669,-0.2727594730185596,qnm,s=-2 from qnm package,0.9934271730533236,0.039723138898150434,0.2727594730185596,6.866513588412814
0.0849335907335907,2,2,1,0.3595099603114209,-0.272698020058515,qnm,s=-2 from qnm package,0.9927862851650989,0.039716719637594225,0.272698020058515,6.866076114714927
0.0887942084942084,2,2,1,0.3601209208807036,-0.2726359369975776,qnm,s=-2 from qnm package,0.9921155885378871,0.03970999737176943,0.2726359369975776,6.86567501994849
0.0926548262548262,2,2,1,0.360734584229277,-0.2725732174167891,qnm,s=-2 from qnm package,0.9914150831716879,0.039702971489765156,0.2725732174167891,6.865310257370899
0.096515444015444,2,2,1,0.3613509725324775,-0.2725098548020902,qnm,s=-2 from qnm package,0.9906847690665017,0.03969564135214166,0.2725098548020902,6.864981784388974
0.1003760617760617,2,2,1,0.3619701082448178,-0.272445842542521,qnm,s=-2 from qnm package,0.9899246462223282,0.039688006290746584,0.272445842542521,6.864689562550358
0.1042366795366795,2,2,1,0.3625920141047042,-0.2723811739284186,qnm,s=-2 from qnm package,0.9891347146391676,0.03968006560852244,0.2723811739284186,6.864433557537184
0.1080972972972973,2,2,1,0.3632167131392356,-0.2723158421495375,qnm,s=-2 from qnm package,0.9883149743170198,0.03967181857930525,0.2723158421495375,6.8642137391601885
0.111957915057915,2,2,1,0.3638442286690986,-0.2722498402931392,qnm,s=-2 from qnm package,0.9874654252558847,0.03966326444761426,0.2722498402931392,6.86403008135441
0.1158185328185328,2,2,1,0.3644745843135633,-0.2721831613420349,qnm,s=-2 from qnm package,0.9865860674557625,0.039654402428432545,0.2721831613420349,6.86388256217618
0.1196791505791505,2,2,1,0.3651078039956232,-0.2721157981725859,qnm,s=-2 from qnm package,0.985676900916653,0.03964523170697833,0.2721157981725859,6.863771163801477
0.1235397683397683,2,2,1,0.3657439119471936,-0.2720477435526518,qnm,s=-2 from qnm package,0.9847379256385563,0.03963575143846709,0.2720477435526518,6.863695872525464
0.1274003861003861,2,2,1,0.3663829327144395,-0.2719789901394839,qnm,s=-2 from qnm package,0.9837691416214726,0.039625960747863946,0.2719789901394839,6.863656678763178
0.1312610038610038,2,2,1,0.3670248911632445,-0.2719095304775845,qnm,s=-2 from qnm package,0.9827705488654015,0.039615858729626564,0.2719095304775845,6.86365357705191
0.1351216216216216,2,2,1,0.367669812484744,-0.2718393569964878,qnm,s=-2 from qnm package,0.9817421473703433,0.039605444447438146,0.2718393569964878,6.863686566054218
0.1389822393822394,2,2,1,0.3683177222010504,-0.2717684620085285,qnm,s=-2 from qnm package,0.9806839371362979,0.039594716933930386,0.2717684620085285,6.863755648563271
0.1428428571428571,2,2,1,0.3689686461709966,-0.2716968377064954,qnm,s=-2 from qnm package,0.9795959181632653,0.03958367519039636,0.2716968377064954,6.863860831507971
0.1467034749034749,2,2,1,0.3696226105961504,-0.2716244761612985,qnm,s=-2 from qnm package,0.9784780904512456,0.03957231818649295,0.2716244761612985,6.864002125961145
0.1505640926640926,2,2,1,0.3702796420267975,-0.2715513693195114,qnm,s=-2 from qnm package,0.9773304540002385,0.0395606448599328,0.2715513693195114,6.864179547147369
0.1544247104247104,2,2,1,0.3709397673681953,-0.2714775090009022,qnm,s=-2 from qnm package,0.9761530088102444,0.03954865411616552,0.2714775090009022,6.864393114453311
0.1582853281853282,2,2,1,0.3716030138868956,-0.2714028868958812,qnm,s=-2 from qnm package,0.9749457548812629,0.039536344828047895,0.2714028868958812,6.864642851438872
0.1621459459459459,2,2,1,0.3722694092171843,-0.2713274945628785,qnm,s=-2 from qnm package,0.9737086922132944,0.03952371583550301,0.2713274945628785,6.864928785849455
0.1660065637065637,2,2,1,0.372938981367755,-0.2712513234256807,qnm,s=-2 from qnm package,0.9724418208063386,0.0395107659451679,0.2712513234256807,6.865250949630205
0.1698671814671814,2,2,1,0.3736117587284244,-0.271174364770667,qnm,s=-2 from qnm package,0.9711451406603957,0.03949749393002972,0.271174364770667,6.865609378940739
0.1737277992277992,2,2,1,0.3742877700770915,-0.271096609744013,qnm,s=-2 from qnm package,0.9698186517754654,0.03948389852904991,0.271096609744013,6.866004114172165
0.1775884169884169,2,2,1,0.3749670445867897,-0.2710180493487877,qnm,s=-2 from qnm package,0.9684623541515481,0.0394699784467764,0.2710180493487877,6.8664351999645525
0.1814490347490347,2,2,1,0.3756496118329193,-0.2709386744419942,qnm,s=-2 from qnm package,0.9670762477886437,0.03945573235294333,0.2709386744419942,6.866902685226236
0.1853096525096525,2,2,1,0.3763355018006544,-0.2708584757315393,qnm,s=-2 from qnm package,0.9656603326867519,0.03944115888205826,0.2708584757315393,6.867406623154589
0.1891702702702702,2,2,1,0.3770247448925388,-0.2707774437731192,qnm,s=-2 from qnm package,0.964214608845873,0.03942625663297643,0.2707774437731192,6.867947071258062
0.193030888030888,2,2,1,0.3777173719361698,-0.2706955689670097,qnm,s=-2 from qnm package,0.9627390762660067,0.03941102416846182,0.2706955689670097,6.868524091379245
0.1968915057915058,2,2,1,0.3784134141921739,-0.2706128415547997,qnm,s=-2 from qnm package,0.9612337349471535,0.039395460014734686,0.2706128415547997,6.8691377497200214
0.2007521235521235,2,2,1,0.3791129033622856,-0.270529251616021,qnm,s=-2 from qnm package,0.9596985848893129,0.039379562661005424,0.270529251616021,6.869788116867673
0.2046127413127413,2,2,1,0.3798158715976441,-0.2704447890646923,qnm,s=-2 from qnm package,0.9581336260924852,0.03936333055899415,0.2704447890646923,6.870475267822536
0.2084733590733591,2,2,1,0.3805223515072943,-0.2703594436457814,qnm,s=-2 from qnm package,0.9565388585566703,0.03934676212243597,0.2703594436457814,6.87119928202731
0.2123339768339768,2,2,1,0.3812323761668553,-0.2702732049315566,qnm,s=-2 from qnm package,0.9549142822818681,0.03932985572657132,0.2702732049315566,6.871960243397474
0.2161945945945946,2,2,1,0.3819459791274283,-0.2701860623178587,qnm,s=-2 from qnm package,0.9532598972680789,0.03931260970762127,0.2701860623178587,6.872758240353591
0.2200552123552123,2,2,1,0.3826631944246756,-0.2700980050202553,qnm,s=-2 from qnm package,0.9515757035153024,0.0392950223622472,0.2700980050202553,6.873593365854722
0.2239158301158301,2,2,1,0.3833840565881882,-0.2700090220701199,qnm,s=-2 from qnm package,0.9498617010235387,0.039277091946994656,0.2700090220701199,6.874465717434053
0.2277764478764478,2,2,1,0.3841086006509604,-0.2699191023105586,qnm,s=-2 from qnm package,0.9481178897927879,0.03925881667772073,0.2699191023105586,6.87537539723496
0.2316370656370656,2,2,1,0.3848368621592281,-0.2698282343922816,qnm,s=-2 from qnm package,0.9463442698230498,0.03924019472900496,0.2698282343922816,6.876322512049976
0.2354976833976834,2,2,1,0.3855688771824292,-0.2697364067693188,qnm,s=-2 from qnm package,0.9445408411143245,0.03922122423354281,0.2697364067693188,6.877307173360352
0.2393583011583011,2,2,1,0.3863046823234802,-0.2696436076946372,qnm,s=-2 from qnm package,0.942707603666612,0.03920190328152171,0.2696436076946372,6.878329497377668
0.2432189189189189,2,2,1,0.3870443147292525,-0.2695498252156298,qnm,s=-2 from qnm package,0.9408445574799124,0.039182229919979,0.2695498252156298,6.879389605086934
0.2470795366795367,2,2,1,0.3877878121013678,-0.2694550471695015,qnm,s=-2 from qnm package,0.9389517025542254,0.03916220215214129,0.2694550471695015,6.880487622291904
0.2509401544401544,2,2,1,0.3885352127071757,-0.2693592611784814,qnm,s=-2 from qnm package,0.9370290388895515,0.039141817936744816,0.2693592611784814,6.881623679660965
0.2548007722007722,2,2,1,0.3892865553910655,-0.2692624546449486,qnm,s=-2 from qnm package,0.9350765664858902,0.0391210751873362,0.2692624546449486,6.882797912775949
0.25866138996139,2,2,1,0.3900418795860608,-0.2691646147464005,qnm,s=-2 from qnm package,0.9330942853432418,0.039099971771553214,0.2691646147464005,6.884010462182188
0.2625220077220077,2,2,1,0.3908012253256367,-0.2690657284302665,qnm,s=-2 from qnm package,0.9310821954616062,0.03907850551038478,0.2690657284302665,6.885261473440036
0.2663826254826255,2,2,1,0.3915646332559346,-0.2689657824086101,qnm,s=-2 from qnm package,0.9290402968409833,0.03905667417740984,0.2689657824086101,6.886551097179144
0.2702432432432433,2,2,1,0.3923321446481728,-0.2688647631526312,qnm,s=-2 from qnm package,0.9269685894813733,0.0390344754980144,0.2688647631526312,6.8878794891533195
0.274103861003861,2,2,1,0.3931038014114713,-0.2687626568870598,qnm,s=-2 from qnm package,0.9248670733827761,0.03901190714858609,0.2687626568870598,6.8892468102985465
0.2779644787644788,2,2,1,0.3938796461059347,-0.2686594495843573,qnm,s=-2 from qnm package,0.9227357485451916,0.03898896675568576,0.2686594495843573,6.890653226792134
0.2818250965250965,2,2,1,0.3946597219561019,-0.2685551269587589,qnm,s=-2 from qnm package,0.92057461496862,0.03896565189519523,0.2685551269587589,6.89209891011406
0.2856857142857143,2,2,1,0.395444072864735,-0.2684496744601466,qnm,s=-2 from qnm package,0.9183836726530612,0.03894196009144071,0.2684496744601466,6.8935840371104184
0.289546332046332,2,2,1,0.3962327434269462,-0.2683430772677321,qnm,s=-2 from qnm package,0.9161629215985152,0.03891788881629101,0.2683430772677321,6.895108790058617
0.2934069498069498,2,2,1,0.3970257789447264,-0.2682353202835709,qnm,s=-2 from qnm package,0.913912361804982,0.038893435488229954,0.2682353202835709,6.896673356735099
0.2972675675675675,2,2,1,0.3978232254418133,-0.2681263881258678,qnm,s=-2 from qnm package,0.9116319932724617,0.03886859747140204,0.2681263881258678,6.898277930484744
0.3011281853281853,2,2,1,0.3986251296789849,-0.2680162651221009,qnm,s=-2 from qnm package,0.9093218160009541,0.0388433720746307,0.2680162651221009,6.899922710292888
0.3049888030888031,2,2,1,0.3994315391697226,-0.2679049353019206,qnm,s=-2 from qnm package,0.9069818299904593,0.038817756550408325,0.2679049353019206,6.901607900859034
0.3088494208494208,2,2,1,0.4002425021963145,-0.2677923823898573,qnm,s=-2 from qnm package,0.9046120352409773,0.03879174809385707,0.2677923823898573,6.903333712673392
0.3127100386100386,2,2,1,0.4010580678263644,-0.2676785897977877,qnm,s=-2 from qnm package,0.9022124317525082,0.03876534384165964,0.2676785897977877,6.905100362095169
0.3165706563706564,2,2,1,0.4018782859297719,-0.2675635406171993,qnm,s=-2 from qnm package,0.8997830195250518,0.03873854087095915,0.2675635406171993,6.906908071433888
0.3204312741312741,2,2,1,0.4027032071961259,-0.2674472176111883,qnm,s=-2 from qnm package,0.8973237985586082,0.038711336198226975,0.2674472176111883,6.908757069032344
0.3242918918918919,2,2,1,0.4035328831526099,-0.2673296032062388,qnm,s=-2 from qnm package,0.8948347688531775,0.03868372677809775,0.2673296032062388,6.910647589352676
0.3281525096525097,2,2,1,0.4043673661823723,-0.2672106794837416,qnm,s=-2 from qnm package,0.8923159304087596,0.03865570950217028,0.2672106794837416,6.912579873064789
0.3320131274131274,2,2,1,0.4052067095433866,-0.267090428171238,qnm,s=-2 from qnm package,0.8897672832253545,0.03862728119777349,0.267090428171238,6.914554167137016
0.3358737451737452,2,2,1,0.4060509673878537,-0.2669688306334111,qnm,s=-2 from qnm package,0.8871888273029621,0.03859843862669608,0.2669688306334111,6.916570724929939
0.3397343629343629,2,2,1,0.4069001947821316,-0.2668458678627878,qnm,s=-2 from qnm package,0.8845805626415826,0.038569178483878905,0.2668458678627878,6.918629806292703
0.3435949806949807,2,2,1,0.4077544477271965,-0.2667215204701421,qnm,s=-2 from qnm package,0.8819424892412159,0.038539497396068684,0.2667215204701421,6.920731677661932
0.3474555984555985,2,2,1,0.4086137831797021,-0.2665957686746069,qnm,s=-2 from qnm package,0.8792746071018619,0.03850939192043193,0.2665957686746069,6.922876612163776
0.3513162162162162,2,2,1,0.4094782590736081,-0.2664685922934633,qnm,s=-2 from qnm package,0.8765769162235209,0.038478858543127645,0.2664685922934633,6.925064889718638
0.3551768339768339,2,2,1,0.4103479343424316,-0.2663399707316093,qnm,s=-2 from qnm package,0.8738494166061925,0.038447893677837526,0.2663399707316093,6.927296797149004
0.3590374517374518,2,2,1,0.4112228689421109,-0.266209882970687,qnm,s=-2 from qnm package,0.871092108249877,0.038416493664252135,0.266209882970687,6.929572628290239
0.3628980694980695,2,2,1,0.4121031238745411,-0.2660783075578667,qnm,s=-2 from qnm package,0.8683049911545743,0.038384654766511664,0.2660783075578667,6.931892684104698
0.3667586872586872,2,2,1,0.4129887612117741,-0.2659452225942597,qnm,s=-2 from qnm package,0.8654880653202844,0.03835237317159968,0.2659452225942597,6.934257272798827
0.370619305019305,2,2,1,0.4138798441208948,-0.2658106057229495,qnm,s=-2 from qnm package,0.8626413307470073,0.03831964498768822,0.2658106057229495,6.9366667099434824
0.3744799227799228,2,2,1,0.4147764368896457,-0.2656744341166477,qnm,s=-2 from qnm package,0.859764787434743,0.03828646624243267,0.2656744341166477,6.939121318598013
0.3783405405405405,2,2,1,0.415678604952787,-0.2655366844649244,qnm,s=-2 from qnm package,0.8568584353834916,0.038252832881214435,0.2655366844649244,6.941621429437365
0.3822011583011583,2,2,1,0.4165864149192321,-0.2653973329610357,qnm,s=-2 from qnm package,0.8539222745932529,0.03821874076532998,0.2653973329610357,6.944167380883205
0.3860617760617761,2,2,1,0.4174999345999443,-0.26525635528828,qnm,s=-2 from qnm package,0.850956305064027,0.038184185670123875,0.26525635528828,6.946759519237888
0.3899223938223938,2,2,1,0.4184192330367182,-0.2651137266059403,qnm,s=-2 from qnm package,0.847960526795814,0.03814916328306424,0.2651137266059403,6.94939819882324
0.3937830115830116,2,2,1,0.4193443805317821,-0.2649694215347202,qnm,s=-2 from qnm package,0.8449349397886138,0.0381136692017583,0.2649694215347202,6.952083782122356
0.3976436293436293,2,2,1,0.4202754486782733,-0.2648234141416942,qnm,s=-2 from qnm package,0.8418795440424264,0.03807769893190605,0.2648234141416942,6.9548166399255145
0.4015042471042471,2,2,1,0.4212125103916631,-0.264675677924755,qnm,s=-2 from qnm package,0.8387943395572517,0.03804124788518963,0.264675677924755,6.957597151480395
0.4053648648648649,2,2,1,0.4221556399421087,-0.2645261857965161,qnm,s=-2 from qnm package,0.8356793263330898,0.03800431137709618,0.2645261857965161,6.960425704646143
0.4092254826254826,2,2,1,0.4231049129878031,-0.2643749100676737,qnm,s=-2 from qnm package,0.8325345043699408,0.037966884624671716,0.2643749100676737,6.963302696052051
0.4130861003861004,2,2,1,0.4240604066093323,-0.2642218224297726,qnm,s=-2 from qnm package,0.8293598736678046,0.037928962744203425,0.2642218224297726,6.966228531260135
0.4169467181467182,2,2,1,0.4250221993450984,-0.2640668939373932,qnm,s=-2 from qnm package,0.8261554342266811,0.03789054074882774,0.2640668939373932,6.969203624932772
0.4208073359073359,2,2,1,0.4259903712278475,-0.2639100949896987,qnm,s=-2 from qnm package,0.8229211860465706,0.03785161354606138,0.2639100949896987,6.972228401004576
0.4246679536679537,2,2,1,0.4269650038223064,-0.2637513953113355,qnm,s=-2 from qnm package,0.8196571291274728,0.037812175935252566,0.2637513953113355,6.975303292859118
0.4285285714285714,2,2,1,0.4279461802640441,-0.2635907639326685,qnm,s=-2 from qnm package,0.8163632634693878,0.03777222260494911,0.2635907639326685,6.978428743510886
0.4323891891891892,2,2,1,0.4289339852995122,-0.2634281691692903,qnm,s=-2 from qnm package,0.8130395890723155,0.03773174813018052,0.2634281691692903,6.981605205791719
0.436249806949807,2,2,1,0.4299285053273894,-0.2632635786008176,qnm,s=-2 from qnm package,0.8096861059362561,0.03769074696965055,0.2632635786008176,6.984833142543008
0.4401104247104247,2,2,1,0.4309298284412182,-0.2630969590489032,qnm,s=-2 from qnm package,0.8063028140612096,0.0376492134628368,0.2630969590489032,6.988113026812734
0.4439710424710425,2,2,1,0.4319380444734428,-0.2629282765544652,qnm,s=-2 from qnm package,0.8028897134471757,0.03760714182699374,0.2629282765544652,6.991445342058405
0.4478316602316602,2,2,1,0.432953245040842,-0.262757496354086,qnm,s=-2 from qnm package,0.7994468040941548,0.03756452615405535,0.262757496354086,6.994830582355676
0.451692277992278,2,2,1,0.4339755235914491,-0.2625845828555244,qnm,s=-2 from qnm package,0.7959740860021467,0.03752136040743332,0.2625845828555244,6.99826925261228
0.4555528957528957,2,2,1,0.4350049754530103,-0.2624094996123492,qnm,s=-2 from qnm package,0.7924715591711513,0.037477638418706695,0.2624094996123492,7.001761868788654
0.4594135135135135,2,2,1,0.4360416978830364,-0.2622322092976165,qnm,s=-2 from qnm package,0.7889392236011687,0.03743335388419864,0.2622322092976165,7.005308958124372
0.4632741312741313,2,2,1,0.4370857901205016,-0.2620526736765579,qnm,s=-2 from qnm package,0.785377079292199,0.03738850036143554,0.2620526736765579,7.0089110593708845
0.467134749034749,2,2,1,0.4381373534392972,-0.2618708535782574,qnm,s=-2 from qnm package,0.7817851262442421,0.03734307126548389,0.2618708535782574,7.012568723031198
0.4709953667953668,2,2,1,0.4391964912034436,-0.2616867088662487,qnm,s=-2 from qnm package,0.7781633644572978,0.0372970598651597,0.2616867088662487,7.016282511606177
0.4748559845559846,2,2,1,0.4402633089242023,-0.2615001984079921,qnm,s=-2 from qnm package,0.7745117939313665,0.03725045927910531,0.2615001984079921,7.020052999847815
0.4787166023166023,2,2,1,0.4413379143190891,-0.2613112800431758,qnm,s=-2 from qnm package,0.7708304146664481,0.0372032624717279,0.2613112800431758,7.023880775019546
0.4825772200772201,2,2,1,0.4424204173729573,-0.2611199105508152,qnm,s=-2 from qnm package,0.7671192266625423,0.037155462248994055,0.2611199105508152,7.027766437164558
0.4864378378378378,2,2,1,0.4435109304011388,-0.260926045615053,qnm,s=-2 from qnm package,0.7633782299196494,0.03710705125407407,0.260926045615053,7.031710599381171
0.4902984555984556,2,2,1,0.4446095681148211,-0.2607296397896437,qnm,s=-2 from qnm package,0.7596074244377693,0.03705802196282974,0.2607296397896437,7.035713888106683
0.4941590733590734,2,2,1,0.445716447688673,-0.2605306464610327,qnm,s=-2 from qnm package,0.755806810216902,0.0370083666791388,0.2605306464610327,7.039776943409147
0.4980196911196911,2,2,1,0.4468316888308677,-0.2603290178099851,qnm,s=-2 from qnm package,0.7519763872570475,0.036958077530048955,0.2603290178099851,7.04390041928786
0.5018803088803089,2,2,1,0.447955413855589,-0.2601247047716689,qnm,s=-2 from qnm package,0.7481161555582058,0.03690714646075395,0.2601247047716689,7.048084983982123
0.5057409266409266,2,2,1,0.4490877477581104,-0.2599176569941692,qnm,s=-2 from qnm package,0.7442261151203768,0.036855565229384046,0.2599176569941692,7.0523313202898095
0.5096015444015445,2,2,1,0.4502288182925879,-0.2597078227953086,qnm,s=-2 from qnm package,0.7403062659435606,0.036803325401602416,0.2597078227953086,7.056640125894735
0.5134621621621622,2,2,1,0.4513787560526651,-0.25949514911773,qnm,s=-2 from qnm package,0.7363566080277575,0.036750418344998835,0.25949514911773,7.061012113704095
0.51732277992278,2,2,1,0.452537694554998,-0.259279581482132,qnm,s=-2 from qnm package,0.7323771413729669,0.036696835223271676,0.259279581482132,7.065448012195536
0.5211833976833977,2,2,1,0.4537057703258803,-0.2590610639386073,qnm,s=-2 from qnm package,0.7283678659791892,0.0366425669901883,0.2590610639386073,7.069948565775304
0.5250440154440155,2,2,1,0.4548831229910436,-0.2588395390159347,qnm,s=-2 from qnm package,0.7243287818464245,0.0365876043833139,0.2588395390159347,7.074514535146247
0.5289046332046332,2,2,1,0.456069895368815,-0.2586149476687959,qnm,s=-2 from qnm package,0.7202598889746724,0.03653193791749796,0.2586149476687959,7.079146697687922
0.532765250965251,2,2,1,0.4572662335667828,-0.2583872292227585,qnm,s=-2 from qnm package,0.7161611873639331,0.036475557878107134,0.2583872292227585,7.083845847847722
0.5366258687258687,2,2,1,0.4584722870820908,-0.2581563213169351,qnm,s=-2 from qnm package,0.7120326770142067,0.03641845431399246,0.2581563213169351,7.088612797543909
0.5404864864864866,2,2,1,0.4596882089055932,-0.2579221598442289,qnm,s=-2 from qnm package,0.7078743579254929,0.036360617030178524,0.2579221598442289,7.093448376581703
0.5443471042471043,2,2,1,0.4609141556299839,-0.2576846788890045,qnm,s=-2 from qnm package,0.7036862300977922,0.0363020355802611,0.2576846788890045,7.0983534330818125
0.548207722007722,2,2,1,0.4621502875621169,-0.2574438106620751,qnm,s=-2 from qnm package,0.6994682935311041,0.03624269925849938,0.2574438106620751,7.103328833922358
0.5520683397683398,2,2,1,0.4633967688397077,-0.2571994854328764,qnm,s=-2 from qnm package,0.695220548225429,0.036182597091587734,0.2571994854328764,7.10837546519495
0.5559289575289575,2,2,1,0.4646537675526392,-0.256951631458679,qnm,s=-2 from qnm package,0.6909429941807665,0.03612171783009158,0.256951631458679,7.113494232675244
0.5597895752895753,2,2,1,0.4659214558690644,-0.2567001749106916,qnm,s=-2 from qnm package,0.6866356313971169,0.036060049939530506,0.2567001749106916,7.1186860623087025
0.563650193050193,2,2,1,0.4672000101665569,-0.2564450397968806,qnm,s=-2 from qnm package,0.6822984598744801,0.035997581591091114,0.2564450397968806,7.123951900711771
0.5675108108108109,2,2,1,0.4684896111685279,-0.2561861478813456,qnm,s=-2 from qnm package,0.6779314796128559,0.03593430065195112,0.2561861478813456,7.129292715689333
0.5713714285714286,2,2,1,0.4697904440862144,-0.2559234186000856,qnm,s=-2 from qnm package,0.6735346906122448,0.035870194675194735,0.2559234186000856,7.134709496769583
0.5752320463320464,2,2,1,0.4711026987664886,-0.2556567689729596,qnm,s=-2 from qnm package,0.6691080928726465,0.0358052508892986,0.2556567689729596,7.140203255756819
0.5790926640926641,2,2,1,0.4724265698457332,-0.2553861135115909,qnm,s=-2 from qnm package,0.6646516863940608,0.035739456187165904,0.2553861135115909,7.145775027301632
0.5829532818532819,2,2,1,0.4737622569101812,-0.2551113641230947,qnm,s=-2 from qnm package,0.6601654711764882,0.035672797114685406,0.2551113641230947,7.151425869491829
0.5868138996138996,2,2,1,0.4751099646629728,-0.2548324300093098,qnm,s=-2 from qnm package,0.6556494472199281,0.03560525985879007,0.2548324300093098,7.157156864462482
0.5906745173745174,2,2,1,0.4764699030983082,-0.2545492175613613,qnm,s=-2 from qnm package,0.6511036145243809,0.03553683023498887,0.2545492175613613,7.162969119027873
0.5945351351351351,2,2,1,0.4778422876830585,-0.2542616302492509,qnm,s=-2 from qnm package,0.6465279730898466,0.03546749367434367,0.2542616302492509,7.168863765335008
0.598395752895753,2,2,1,0.4792273395461995,-0.2539695685062225,qnm,s=-2 from qnm package,0.641922522916325,0.035397235209860954,0.2539695685062225,7.174841961540309
0.6022563706563707,2,2,1,0.4806252856765298,-0.2536729296076088,qnm,s=-2 from qnm package,0.6372872640038162,0.03532603946226654,0.2536729296076088,7.1809048925105
0.6061169884169885,2,2,1,0.4820363591290918,-0.2533716075438762,qnm,s=-2 from qnm package,0.6326221963523202,0.03525389062512928,0.2533716075438762,7.187053770549533
0.6099776061776062,2,2,1,0.4834607992407043,-0.2530654928874669,qnm,s=-2 from qnm package,0.6279273199618371,0.035180772449297584,0.2530654928874669,7.1932898361508135
0.613838223938224,2,2,1,0.4848988518552363,-0.2527544726531842,qnm,s=-2 from qnm package,0.6232026348323668,0.035106668226609974,0.2527544726531842,7.199614358778787
0.6176988416988417,2,2,1,0.4863507695590361,-0.2524384301516775,qnm,s=-2 from qnm package,0.6184481409639093,0.035031560772838616,0.2524384301516775,7.20602863767929
0.6215594594594595,2,2,1,0.4878168119271005,-0.2521172448356399,qnm,s=-2 from qnm package,0.6136638383564645,0.03495543240982184,0.2521172448356399,7.212534002720549
0.6254200772200773,2,2,1,0.4892972457806564,-0.251790792138324,qnm,s=-2 from qnm package,0.6088497270100326,0.03487826494673867,0.251790792138324,7.219131815267318
0.629280694980695,2,2,1,0.490792345456713,-0.2514589433038968,qnm,s=-2 from qnm package,0.6040058069246135,0.034800039660475166,0.2514589433038968,7.225823469089211
0.6331413127413128,2,2,1,0.4923023930903402,-0.2511215652091482,qnm,s=-2 from qnm package,0.5991320781002072,0.03472073727502899,0.2511215652091482,7.232610391305077
0.6370019305019305,2,2,1,0.4938276789103542,-0.2507785201760506,qnm,s=-2 from qnm package,0.5942285405368136,0.03464033793989478,0.2507785201760506,7.239494043365917
0.6408625482625483,2,2,1,0.4953685015492285,-0.2504296657745939,qnm,s=-2 from qnm package,0.5892951942344329,0.03455882120736878,0.2504296657745939,7.246475922077928
0.644723166023166,2,2,1,0.4969251683680883,-0.2500748546153336,qnm,s=-2 from qnm package,0.5843320391930651,0.03447616600870691,0.2500748546153336,7.253557560668941
0.6485837837837838,2,2,1,0.4984979957976118,-0.2497139341309604,qnm,s=-2 from qnm package,0.57933907541271,0.034392350629065684,0.2497139341309604,7.260740529899169
0.6524444015444015,2,2,1,0.5000873096959274,-0.2493467463462953,qnm,s=-2 from qnm package,0.5743163028933678,0.03430735268115001,0.2493467463462953,7.268026439221512
0.6563050193050194,2,2,1,0.5016934457244263,-0.2489731276358854,qnm,s=-2 from qnm package,0.5692637216350381,0.03422114907748672,0.2489731276358854,7.275416937991685
0.6601656370656371,2,2,1,0.5033167497426883,-0.2485929084684851,qnm,s=-2 from qnm package,0.5641813316377216,0.034133716001236006,0.2485929084684851,7.2829137167334315
0.6640262548262549,2,2,1,0.5049575782236552,-0.2482059131375425,qnm,s=-2 from qnm package,0.5590691329014177,0.03404502887544711,0.2482059131375425,7.290518508461181
0.6678868725868726,2,2,1,0.5066162986903879,-0.2478119594767878,qnm,s=-2 from qnm package,0.5539271254261265,0.033955062330656476,0.2478119594767878,7.298233090064149
0.6717474903474904,2,2,1,0.5082932901757912,-0.2474108585599857,qnm,s=-2 from qnm package,0.5487553092118483,0.033863790170719665,0.2474108585599857,7.3060592837570075
0.6756081081081081,2,2,1,0.5099889437067364,-0.2470024143837209,qnm,s=-2 from qnm package,0.5435536842585829,0.033771185336759144,0.2470024143837209,7.313998958599317
0.6794687258687259,2,2,1,0.5117036628142937,-0.2465864235321837,qnm,s=-2 from qnm package,0.5383222505663303,0.03367721986910106,0.2465864235321837,7.322054032091509
0.6833293436293437,2,2,1,0.5134378640717031,-0.2461626748226216,qnm,s=-2 from qnm package,0.5330610081350903,0.03358186486706393,0.2461626748226216,7.330226471849407
0.6871899613899615,2,2,1,0.5151919776620966,-0.2457309489302721,qnm,s=-2 from qnm package,0.5277699569648633,0.03348509044645089,0.2457309489302721,7.338518297367099
0.6910505791505792,2,2,1,0.516966447977853,-0.2452910179912087,qnm,s=-2 from qnm package,0.522449097055649,0.03338686569458525,0.2452910179912087,7.346931581870247
0.694911196911197,2,2,1,0.518761734253896,-0.2448426451816502,qnm,s=-2 from qnm package,0.5170984284074476,0.033287158622715494,0.2448426451816502,7.355468454269542
0.6987718146718147,2,2,1,0.5205783112373087,-0.2443855842720508,qnm,s=-2 from qnm package,0.511717951020259,0.03318593611560162,0.2443855842720508,7.3641311012214725
0.7026324324324325,2,2,1,0.522416669895771,-0.2439195791541035,qnm,s=-2 from qnm package,0.5063076648940832,0.03308316387807821,0.2439195791541035,7.37292176930306
0.7064930501930502,2,2,1,0.5242773181677579,-0.2434443633387813,qnm,s=-2 from qnm package,0.5008675700289202,0.032978806378372576,0.2434443633387813,7.381842767312269
0.7103536679536679,2,2,1,0.5261607817574441,-0.2429596594231952,qnm,s=-2 from qnm package,0.4953976664247701,0.0328728267879363,0.2429596594231952,7.390896468701522
0.7142142857142858,2,2,1,0.5280676049776898,-0.2424651785239973,qnm,s=-2 from qnm package,0.4898979540816325,0.03276518691752773,0.2424651785239973,7.400085314156734
0.7180749034749035,2,2,1,0.5299983516447546,-0.2419606196748051,qnm,s=-2 from qnm package,0.48436843299950794,0.03265584714925904,0.2419606196748051,7.409411814333997
0.7219355212355213,2,2,1,0.5319536060286241,-0.2414456691848397,qnm,s=-2 from qnm package,0.4788091031783962,0.032544766364295444,0.2414456691848397,7.418878552765629
0.725796138996139,2,2,1,0.533933973863376,-0.2409199999558708,qnm,s=-2 from qnm package,0.4732199646182972,0.03243190186586576,0.2409199999558708,7.42848818895313
0.7296567567567568,2,2,1,0.5359400834221876,-0.2403832707540673,qnm,s=-2 from qnm package,0.4676010173192111,0.03231720929721101,0.2403832707540673,7.438243461659682
0.7335173745173745,2,2,1,0.53797258666228,-0.2398351254332716,qnm,s=-2 from qnm package,0.46195226128113775,0.0322006425540631,0.2398351254332716,7.448147192423308
0.7373779922779923,2,2,1,0.5400321604453526,-0.2392751921056734,qnm,s=-2 from qnm package,0.4562736965040771,0.0320821536912058,0.2392751921056734,7.458202289307725
0.7412386100386101,2,2,1,0.5421195078398857,-0.2387030822556651,qnm,s=-2 from qnm package,0.4505653229880292,0.031961692822626876,0.2387030822556651,7.468411750915718
0.7450992277992279,2,2,1,0.5442353595119926,-0.2381183897920323,qnm,s=-2 from qnm package,0.44482714073299434,0.031839208014721614,0.2381183897920323,7.478778670685923
0.7489598455598456,2,2,1,0.5463804752125152,-0.2375206900333853,qnm,s=-2 from qnm package,0.4390591497389722,0.03171464517195366,0.2375206900333853,7.489306241503623
0.7528204633204634,2,2,1,0.548555645368578,-0.2369095386209939,qnm,s=-2 from qnm package,0.4332613500059629,0.03158794791431847,0.2369095386209939,7.499997760652422
0.7566810810810811,2,2,1,0.5507616927888522,-0.236284470352788,qnm,s=-2 from qnm package,0.4274337415339663,0.03145905744588706,0.236284470352788,7.5108566351430746
0.7605416988416989,2,2,1,0.5529994744925972,-0.235644997931423,qnm,s=-2 from qnm package,0.42157632432298264,0.031327912413631524,0.235644997931423,7.521886387453261
0.7644023166023166,2,2,1,0.5552698836738696,-0.2349906106188216,qnm,s=-2 from qnm package,0.4156890983730117,0.031194448755648488,0.2349906106188216,7.5330906617245805
0.7682629343629344,2,2,1,0.5575738518132001,-0.234320772788447,qnm,s=-2 from qnm package,0.4097720636840536,0.031058599537800866,0.234320772788447,7.54447323045778
0.7721235521235522,2,2,1,0.5599123509507825,-0.2336349223659556,qnm,s=-2 from qnm package,0.4038252202561081,0.030920294777689702,0.2336349223659556,7.5560380017635875
0.77598416988417,2,2,1,0.5622863961364651,-0.2329324691474981,qnm,s=-2 from qnm package,0.3978485680891757,0.030779461254746135,0.2329324691474981,7.567789027222832
0.7798447876447877,2,2,1,0.5646970480738629,-0.2322127929839804,qnm,s=-2 from qnm package,0.39184210718325596,0.03063602230509496,0.2322127929839804,7.579730510424716
0.7837054054054055,2,2,1,0.5671454159777666,-0.23147524181806,qnm,s=-2 from qnm package,0.3858058375383491,0.030489897599684814,0.23147524181806,7.5918668162549965
0.7875660231660232,2,2,1,0.5696326606663437,-0.2307191295591402,qnm,s=-2 from qnm package,0.379739759154455,0.030341002904001924,0.2307191295591402,7.604202481016498
0.791426640926641,2,2,1,0.5721599979123512,-0.2299437337799188,qnm,s=-2 from qnm package,0.3736438720315738,0.03018924981748167,0.2299437337799188,7.61674222347736
0.7952872586872587,2,2,1,0.5747287020803822,-0.2291482932158854,qnm,s=-2 from qnm package,0.3675181761697053,0.030034545490501146,0.2291482932158854,7.629490956950116
0.7991478764478764,2,2,1,0.5773401100806853,-0.228332005046939,qnm,s=-2 from qnm package,0.3613626715688496,0.029876792316571317,0.228332005046939,7.642453802521949
0.8030084942084943,2,2,1,0.5799956256740807,-0.2274940219376203,qnm,s=-2 from qnm package,0.35517735822900653,0.029715887597044185,0.2274940219376203,7.655636103572048
0.806869111969112,2,2,1,0.5826967241667679,-0.2266334488092996,qnm,s=-2 from qnm package,0.3489622361501765,0.029551723175302268,0.2266334488092996,7.669043441727539
0.8107297297297298,2,2,1,0.5854449575392886,-0.2257493393142471,qnm,s=-2 from qnm package,0.34271730533235933,0.029384185036995653,0.2257493393142471,7.682681654434903
0.8145903474903475,2,2,1,0.5882419600597062,-0.2248406919772981,qnm,s=-2 from qnm package,0.33644256577555487,0.029213152872428608,0.2248406919772981,7.696556854344294
0.8184509652509653,2,2,1,0.5910894544381319,-0.223906445966165,qnm,s=-2 from qnm package,0.33013801747976323,0.029038499596659894,0.223906445966165,7.710675450735735
0.822311583011583,2,2,1,0.5939892585877442,-0.2229454764458383,qnm,s=-2 from qnm package,0.32380366044498443,0.028860090822256608,0.2229454764458383,7.725044173246503
0.8261722007722008,2,2,1,0.5969432930669657,-0.2219565894661432,qnm,s=-2 from qnm package,0.31743949467121835,0.028677784278913415,0.2219565894661432,7.739670098200244
0.8300328185328186,2,2,1,0.5999535892884078,-0.2209385163238864,qnm,s=-2 from qnm package,0.311045520158465,0.028491429173298312,0.2209385163238864,7.754560677880851
0.8338934362934364,2,2,1,0.6030222985932091,-0.2198899073322104,qnm,s=-2 from qnm package,0.30462173690672456,0.028300865481487462,0.2198899073322104,7.769723773149188
0.8377540540540541,2,2,1,0.6061517023046519,-0.2188093249193011,qnm,s=-2 from qnm package,0.29816814491599697,0.02810592316517713,0.2188093249193011,7.7851676898627185
0.8416146718146719,2,2,1,0.6093442228928913,-0.2176952359661683,qnm,s=-2 from qnm package,0.2916847441862822,0.02790642130147261,0.2176952359661683,7.800901219630071
0.8454752895752896,2,2,1,0.6126024364040837,-0.2165460032785987,qnm,s=-2 from qnm package,0.28517153471758017,0.027702167114408625,0.2165460032785987,7.816933685522654
0.8493359073359074,2,2,1,0.6159290863327049,-0.2153598760708385,qnm,s=-2 from qnm package,0.27862851650989096,0.02749295489439693,0.2153598760708385,7.833274993468559
0.8531965250965251,2,2,1,0.6193270991460701,-0.2141349793175113,qnm,s=-2 from qnm package,0.2720556895632146,0.02727856478945581,0.2141349793175113,7.849935690175404
0.8570571428571429,2,2,1,0.6227996017069813,-0.2128693018052601,qnm,s=-2 from qnm package,0.265453053877551,0.027058761449266278,0.2128693018052601,7.8669270285847555
0.8609177606177607,2,2,1,0.6263499408841301,-0.2115606826849536,qnm,s=-2 from qnm package,0.2588206094529001,0.026833292499711274,0.2115606826849536,7.884261042033138
0.8647783783783785,2,2,1,0.6299817056935995,-0.2102067962884941,qnm,s=-2 from qnm package,0.2521583562892621,0.02660188682144993,0.2102067962884941,7.901950628516989
0.8686389961389962,2,2,1,0.6336987523797855,-0.2088051349292529,qnm,s=-2 from qnm package,0.24546629438663692,0.02636425260108078,0.2088051349292529,7.9200096467249415
0.872499613899614,2,2,1,0.6375052329236189,-0.2073529893497891,qnm,s=-2 from qnm package,0.23874442374502458,0.026120075117331342,0.2073529893497891,7.938453025818638
0.8763602316602317,2,2,1,0.641405627564253,-0.2058474264126815,qnm,s=-2 from qnm package,0.23199274436442507,0.025869014217182826,0.2058474264126815,7.957296891350141
0.8802208494208494,2,2,1,0.6454047820416666,-0.2042852635457443,qnm,s=-2 from qnm package,0.2252112562448383,0.025610701427518836,0.2042852635457443,7.976558710189745
0.8840814671814672,2,2,1,0.6495079504189579,-0.2026630393477071,qnm,s=-2 from qnm package,0.21839995938626433,0.025344736636276823,0.2026630393477071,7.996257457953944
0.887942084942085,2,2,1,0.653720844533011,-0.2009769796281925,qnm,s=-2 from qnm package,0.21155885378870298,0.025070684262522798,0.2009769796281925,8.016413813189185
0.8918027027027028,2,2,1,0.6580496913617048,-0.1992229579885893,qnm,s=-2 from qnm package,0.2046879394521547,0.02478806881648741,0.1992229579885893,8.03705038353287
0.8956633204633205,2,2,1,0.6625012999008778,-0.197396449837256,qnm,s=-2 from qnm package,0.19778721637661922,0.024496369727214813,0.197396449837256,8.058191970296471
0.8995239382239383,2,2,1,0.6670831395353987,-0.1954924784588885,qnm,s=-2 from qnm package,0.19085668456209648,0.024195015285488803,0.1954924784588885,8.079865879487047
0.903384555984556,2,2,1,0.6718034323943664,-0.1935055514031744,qnm,s=-2 from qnm package,0.18389634400858657,0.023883375510918976,0.1935055514031744,8.102102289297749
0.9072451737451738,2,2,1,0.6766712628406089,-0.1914295849942537,qnm,s=-2 from qnm package,0.17690619471608948,0.023560753701458517,0.1914295849942537,8.124934686720287
0.9111057915057916,2,2,1,0.6816967081147576,-0.1892578141507175,qnm,s=-2 from qnm package,0.169886236684605,0.023226376356926898,0.1892578141507175,8.148400389382063
0.9149664092664092,2,2,1,0.6868909953126243,-0.1869826838891347,qnm,s=-2 from qnm package,0.16283646991413392,0.022879381079280746,0.1869826838891347,8.172541173260305
0.9188270270270272,2,2,1,0.6922666914353389,-0.1845957177824678,qnm,s=-2 from qnm package,0.15575689440467455,0.02251880193271906,0.1845957177824678,8.197404033038563
0.9226876447876448,2,2,1,0.6978379353796732,-0.1820873571392623,qnm,s=-2 from qnm package,0.14864751015622912,0.022143551583528553,0.1820873571392623,8.223042110133214
0.9265482625482626,2,2,1,0.7036207236769151,-0.1794467625852652,qnm,s=-2 from qnm package,0.14150831716879586,0.021752399314032184,0.1794467625852652,8.249515834766166
0.9304088803088804,2,2,1,0.7096332659121556,-0.1766615668001675,qnm,s=-2 from qnm package,0.13433931544237554,0.021343943688680686,0.1766615668001675,8.276894344218883
0.934269498069498,2,2,1,0.7158964316314115,-0.1737175629804274,qnm,s=-2 from qnm package,0.12714050497696827,0.020916578199493333,0.1737175629804274,8.305257261660294
0.938130115830116,2,2,1,0.72243431906405,-0.1705983075216642,qnm,s=-2 from qnm package,0.11991188577257317,0.02046844756407321,0.1705983075216642,8.33469695186376
0.9419907335907336,2,2,1,0.7292749885859092,-0.1672846064072015,qnm,s=-2 from qnm package,0.11265345782919156,0.019997391381999567,0.1672846064072015,8.365321416761434
0.9458513513513516,2,2,1,0.7364514228855473,-0.1637538411479007,qnm,s=-2 from qnm package,0.10536522114682212,0.019500870392802478,0.1637538411479007,8.397258063329325
0.9497119691119692,2,2,1,0.7440028052699912,-0.1599790689469022,qnm,s=-2 from qnm package,0.09804717572546606,0.0189758683128662,0.1599790689469022,8.430658682345074
0.953572586872587,2,2,1,0.7519762544509402,-0.1559277979899249,qnm,s=-2 from qnm package,0.09069932156512261,0.018418758620279196,0.1559277979899249,8.465706142554428
0.9574332046332048,2,2,1,0.7604292311644414,-0.1515602831738859,qnm,s=-2 from qnm package,0.08332165866579178,0.017825119727458618,0.1515602831738859,8.502623572307098
0.9612938223938224,2,2,1,0.7694329630486998,-0.1468270927463783,qnm,s=-2 from qnm package,0.07591418702747421,0.017189471881087867,0.1468270927463783,8.541687246826928
0.9651544401544402,2,2,1,0.7790774667984544,-0.1416655276193845,qnm,s=-2 from qnm package,0.06847690665016914,0.016504891187393567,0.1416655276193845,8.583245173260433
0.969015057915058,2,2,1,0.78947918019354,-0.1359941598858314,qnm,s=-2 from qnm package,0.06100981753387669,0.01576242267901743,0.1359941598858314,8.627744773451841
0.9728756756756756,2,2,1,0.8007930739326753,-0.1297041323380034,qnm,s=-2 from qnm package,0.053512919678597726,0.01495014805537862,0.1297041323380034,8.675775775433856
0.9767362934362936,2,2,1,0.8132329351992443,-0.1226445303809953,qnm,s=-2 from qnm package,0.045986213084330485,0.014051622681500496,0.1226445303809953,8.728140027732282
0.9805969111969112,2,2,1,0.8271077538041252,-0.1145960370029447,qnm,s=-2 from qnm package,0.038429697751077074,0.01304306784582145,0.1145960370029447,8.785972622204625
0.984457528957529,2,2,1,0.8428932356987553,-0.1052189552242598,qnm,s=-2 from qnm package,0.03084337367883594,0.011887843181811453,0.1052189552242598,8.85097099743426
0.9883181467181468,2,2,1,0.8613915783993688,-0.0939366777755002,qnm,s=-2 from qnm package,0.023227240867607746,0.010524073371630199,0.0939366777755002,8.92588586741763
0.9921787644787644,2,2,1,0.8841658551595644,-0.07961803741002,qnm,s=-2 from qnm package,0.015581299317392494,0.008830940975551703,0.07961803741002,9.01580450265052
0.9960393822393824,2,2,1,0.9152245581096632,-0.0593442734226603,qnm,s=-2 from qnm package,0.007905549028189518,0.006497748683538172,0.0593442734226603,9.133051509518523
0.9999,2,2,1,0.9856734295906474,-0.0104062208923032,qnm,s=-2 from qnm package,0.00019998999999992773,0.0011096744852254366,0.0104062208923032,9.377723855828872
0.0,2,2,2,0.3010534546125042,-0.4782769832230704,qnm,s=-2 from qnm package,1.0,0.039788735772973836,0.4782769832230704,12.020411654997494
0.0038606177606177,2,2,2,0.3017190082943189,-0.4781033157859478,qnm,s=-2 from qnm package,0.9999850956305064,0.039788587515364085,0.4781033157859478,12.016091689641698
0.0077212355212355,2,2,2,0.3023870850468492,-0.4779287414544087,qnm,s=-2 from qnm package,0.9999403825220257,0.03978814272927617,0.4779287414544087,12.011838418955607
0.0115818532818532,2,2,2,0.303057701844622,-0.4777532519460566,qnm,s=-2 from qnm package,0.9998658606745576,0.03978740137493051,0.4777532519460566,12.007651553918329
0.015442471042471,2,2,2,0.3037308758574922,-0.4775768388713097,qnm,s=-2 from qnm package,0.9997615300881024,0.03978636338601538,0.4775768388713097,12.003530813755512
0.0193030888030888,2,2,2,0.3044066244537228,-0.4773994937317583,qnm,s=-2 from qnm package,0.99962739076266,0.039785028669668425,0.4773994937317583,11.999475925870609
0.0231637065637065,2,2,2,0.3050849652031459,-0.4772212079184819,qnm,s=-2 from qnm package,0.9994634426982305,0.03978339710645071,0.4772212079184819,11.995486625778936
0.0270243243243243,2,2,2,0.3057659158803767,-0.4770419727103337,qnm,s=-2 from qnm package,0.9992696858948137,0.039781468550313254,0.4770419727103337,11.991562657044678
0.030884942084942,2,2,2,0.3064494944680814,-0.4768617792721911,qnm,s=-2 from qnm package,0.9990461203524098,0.039779242828556195,0.4768617792721911,11.9877037712208
0.0347455598455598,2,2,2,0.3071357191603444,-0.4766806186531589,qnm,s=-2 from qnm package,0.9987927460710186,0.0397767197417804,0.4766806186531589,11.983909727791513
0.0386061776061776,2,2,2,0.3078246083660449,-0.4764984817847597,qnm,s=-2 from qnm package,0.9985095630506403,0.03977389906383156,0.4764984817847597,11.980180294118162
0.0424667953667953,2,2,2,0.3085161807123545,-0.4763153594790583,qnm,s=-2 from qnm package,0.9981965712912747,0.03977078054173678,0.4763153594790583,11.976515245387178
0.0463274131274131,2,2,2,0.3092104550482822,-0.4761312424267613,qnm,s=-2 from qnm package,0.997853770792922,0.039767363895633547,0.4761312424267613,11.972914364561149
0.0501880308880308,2,2,2,0.3099074504482986,-0.4759461211952743,qnm,s=-2 from qnm package,0.9974811615555821,0.039763648818691065,0.4759461211952743,11.969377442332553
0.0540486486486486,2,2,2,0.310607186216011,-0.47575998622672,qnm,s=-2 from qnm package,0.997078743579255,0.03975963497702392,0.47575998622672,11.965904277080249
0.0579092664092664,2,2,2,0.3113096818879534,-0.475572827835908,qnm,s=-2 from qnm package,0.9966465168639406,0.03975532200959805,0.475572827835908,11.962494674828477
0.0617698841698841,2,2,2,0.3120149572374202,-0.4753846362082606,qnm,s=-2 from qnm package,0.9961844814096391,0.03975070952812886,0.4753846362082606,11.95914844920852
0.0656305019305019,2,2,2,0.3127230322783929,-0.4751954013977083,qnm,s=-2 from qnm package,0.9956926372163504,0.039745797116971585,0.4751954013977083,11.955865421423345
0.0694911196911197,2,2,2,0.31343392726955,-0.4750051133245148,qnm,s=-2 from qnm package,0.9951709842840745,0.039740584333003676,0.4750051133245148,11.952645420214255
0.0733517374517374,2,2,2,0.3141476627183532,-0.4748137617730798,qnm,s=-2 from qnm package,0.9946195226128114,0.03973507070549922,0.4748137617730798,11.949488281830766
0.0772123552123552,2,2,2,0.3148642593852224,-0.4746213363896732,qnm,s=-2 from qnm package,0.994038252202561,0.03972925573599533,0.4746213363896732,11.94639385000255
0.0810729729729729,2,2,2,0.3155837382878081,-0.4744278266801344,qnm,s=-2 from qnm package,0.9934271730533236,0.039723138898150434,0.4744278266801344,11.943361975914357
0.0849335907335907,2,2,2,0.3163061207053237,-0.4742332220075122,qnm,s=-2 from qnm package,0.9927862851650989,0.039716719637594225,0.4742332220075122,11.940392518183259
0.0887942084942084,2,2,2,0.3170314281830165,-0.4740375115896557,qnm,s=-2 from qnm package,0.9921155885378871,0.03970999737176943,0.4740375115896557,11.937485342838569
0.0926548262548262,2,2,2,0.3177596825366879,-0.4738406844967457,qnm,s=-2 from qnm package,0.9914150831716879,0.039702971489765156,0.4738406844967457,11.934640323304135
0.096515444015444,2,2,2,0.3184909058573385,-0.4736427296487842,qnm,s=-2 from qnm package,0.9906847690665017,0.03969564135214166,0.4736427296487842,11.931857340383548
0.1003760617760617,2,2,2,0.3192251205159049,-0.4734436358130103,qnm,s=-2 from qnm package,0.9899246462223282,0.039688006290746584,0.4734436358130103,11.929136282247455
0.1042366795366795,2,2,2,0.3199623491680946,-0.4732433916012694,qnm,s=-2 from qnm package,0.9891347146391676,0.03968006560852244,0.4732433916012694,11.926477044423704
0.1080972972972973,2,2,2,0.3207026147593395,-0.4730419854673191,qnm,s=-2 from qnm package,0.9883149743170198,0.03967181857930525,0.4730419854673191,11.923879529789968
0.111957915057915,2,2,2,0.3214459405298308,-0.4728394057040697,qnm,s=-2 from qnm package,0.9874654252558847,0.03966326444761426,0.4728394057040697,11.921343648568767
0.1158185328185328,2,2,2,0.3221923500197,-0.4726356404407701,qnm,s=-2 from qnm package,0.9865860674557625,0.039654402428432545,0.4726356404407701,11.91886931832533
0.1196791505791505,2,2,2,0.3229418670742853,-0.4724306776401156,qnm,s=-2 from qnm package,0.985676900916653,0.03964523170697833,0.4724306776401156,11.91645646396761
0.1235397683397683,2,2,2,0.3236945158495246,-0.4722245050953052,qnm,s=-2 from qnm package,0.9847379256385563,0.03963575143846709,0.4722245050953052,11.91410501774931
0.1274003861003861,2,2,2,0.3244503208174656,-0.4720171104270143,qnm,s=-2 from qnm package,0.9837691416214726,0.039625960747863946,0.4720171104270143,11.911814919275075
0.1312610038610038,2,2,2,0.3252093067719174,-0.4718084810803012,qnm,s=-2 from qnm package,0.9827705488654015,0.039615858729626564,0.4718084810803012,11.909586115508361
0.1351216216216216,2,2,2,0.3259714988341793,-0.4715986043214536,qnm,s=-2 from qnm package,0.9817421473703433,0.039605444447438146,0.4715986043214536,11.907418560782208
0.1389822393822394,2,2,2,0.3267369224589697,-0.471387467234737,qnm,s=-2 from qnm package,0.9806839371362979,0.039594716933930386,0.471387467234737,11.905312216812066
0.1428428571428571,2,2,2,0.327505603440431,-0.4711750567190845,qnm,s=-2 from qnm package,0.9795959181632653,0.03958367519039636,0.4711750567190845,11.90326705271165
0.1467034749034749,2,2,2,0.3282775679182934,-0.4709613594846961,qnm,s=-2 from qnm package,0.9784780904512456,0.03957231818649295,0.4709613594846961,11.90128304501118
0.1505640926640926,2,2,2,0.3290528423841745,-0.4707463620495707,qnm,s=-2 from qnm package,0.9773304540002385,0.0395606448599328,0.4707463620495707,11.89936017767862
0.1544247104247104,2,2,2,0.3298314536880377,-0.47053005073593,qnm,s=-2 from qnm package,0.9761530088102444,0.03954865411616552,0.47053005073593,11.897498442142961
0.1582853281853282,2,2,2,0.3306134290447817,-0.4703124116665809,qnm,s=-2 from qnm package,0.9749457548812629,0.039536344828047895,0.4703124116665809,11.895697837320855
0.1621459459459459,2,2,2,0.3313987960409901,-0.4700934307611704,qnm,s=-2 from qnm package,0.9737086922132944,0.03952371583550301,0.4700934307611704,11.893958369645475
0.1660065637065637,2,2,2,0.332187582641834,-0.4698730937323622,qnm,s=-2 from qnm package,0.9724418208063386,0.0395107659451679,0.4698730937323622,11.892280053098462
0.1698671814671814,2,2,2,0.3329798171981478,-0.4696513860819052,qnm,s=-2 from qnm package,0.9711451406603957,0.03949749393002972,0.4696513860819052,11.890662909244273
0.1737277992277992,2,2,2,0.333775528453657,-0.4694282930966186,qnm,s=-2 from qnm package,0.9698186517754654,0.03948389852904991,0.4694282930966186,11.88910696726771
0.1775884169884169,2,2,2,0.3345747455523846,-0.4692037998442606,qnm,s=-2 from qnm package,0.9684623541515481,0.0394699784467764,0.4692037998442606,11.887612264013827
0.1814490347490347,2,2,2,0.3353774980462384,-0.4689778911693083,qnm,s=-2 from qnm package,0.9670762477886437,0.03945573235294333,0.4689778911693083,11.886178844031098
0.1853096525096525,2,2,2,0.336183815902752,-0.4687505516886266,qnm,s=-2 from qnm package,0.9656603326867519,0.03944115888205826,0.4687505516886266,11.88480675961732
0.1891702702702702,2,2,2,0.336993729513067,-0.4685217657870156,qnm,s=-2 from qnm package,0.964214608845873,0.03942625663297643,0.4685217657870156,11.883496070868173
0.193030888030888,2,2,2,0.3378072697000268,-0.4682915176126669,qnm,s=-2 from qnm package,0.9627390762660067,0.03941102416846182,0.4682915176126669,11.882246845729307
0.1968915057915058,2,2,2,0.3386244677265591,-0.468059791072476,qnm,s=-2 from qnm package,0.9612337349471535,0.039395460014734686,0.468059791072476,11.881059160050734
0.2007521235521235,2,2,2,0.33944535530418,-0.4678265698272609,qnm,s=-2 from qnm package,0.9596985848893129,0.039379562661005424,0.4678265698272609,11.879933097644933
0.2046127413127413,2,2,2,0.3402699646017461,-0.4675918372868357,qnm,s=-2 from qnm package,0.9581336260924852,0.03936333055899415,0.4675918372868357,11.878868750347532
0.2084733590733591,2,2,2,0.3410983282544405,-0.4673555766049619,qnm,s=-2 from qnm package,0.9565388585566703,0.03934676212243597,0.4673555766049619,11.87786621808127
0.2123339768339768,2,2,2,0.3419304793729252,-0.467117770674176,qnm,s=-2 from qnm package,0.9549142822818681,0.03932985572657132,0.467117770674176,11.87692560892336
0.2161945945945946,2,2,2,0.3427664515527666,-0.4668784021204637,qnm,s=-2 from qnm package,0.9532598972680789,0.03931260970762127,0.4668784021204637,11.876047039175655
0.2200552123552123,2,2,2,0.343606278884072,-0.4666374532978135,qnm,s=-2 from qnm package,0.9515757035153024,0.0392950223622472,0.4666374532978135,11.875230633438617
0.2239158301158301,2,2,2,0.3444499959613973,-0.4663949062825941,qnm,s=-2 from qnm package,0.9498617010235387,0.039277091946994656,0.4663949062825941,11.874476524687847
0.2277764478764478,2,2,2,0.3452976378938456,-0.4661507428678246,qnm,s=-2 from qnm package,0.9481178897927879,0.03925881667772073,0.4661507428678246,11.87378485435512
0.2316370656370656,2,2,2,0.3461492403154916,-0.4659049445572414,qnm,s=-2 from qnm package,0.9463442698230498,0.03924019472900496,0.4659049445572414,11.873155772411623
0.2354976833976834,2,2,2,0.3470048393960189,-0.4656574925592397,qnm,s=-2 from qnm package,0.9445408411143245,0.03922122423354281,0.4656574925592397,11.872589437455645
0.2393583011583011,2,2,2,0.3478644718516419,-0.4654083677806383,qnm,s=-2 from qnm package,0.942707603666612,0.03920190328152171,0.4654083677806383,11.87208601680353
0.2432189189189189,2,2,2,0.3487281749563424,-0.4651575508202593,qnm,s=-2 from qnm package,0.9408445574799124,0.039182229919979,0.4651575508202593,11.87164568658395
0.2470795366795367,2,2,2,0.3495959865533282,-0.4649050219623536,qnm,s=-2 from qnm package,0.9389517025542254,0.03916220215214129,0.4649050219623536,11.87126863183647
0.2509401544401544,2,2,2,0.3504679450668467,-0.4646507611698306,qnm,s=-2 from qnm package,0.9370290388895515,0.039141817936744816,0.4646507611698306,11.870955046613576
0.2548007722007722,2,2,2,0.3513440895142866,-0.464394748077289,qnm,s=-2 from qnm package,0.9350765664858902,0.0391210751873362,0.464394748077289,11.870705134086325
0.25866138996139,2,2,2,0.3522244595185915,-0.4641369619838723,qnm,s=-2 from qnm package,0.9330942853432418,0.039099971771553214,0.4641369619838723,11.870519106654456
0.2625220077220077,2,2,2,0.3531090953210053,-0.4638773818459078,qnm,s=-2 from qnm package,0.9310821954616062,0.03907850551038478,0.4638773818459078,11.870397186060156
0.2663826254826255,2,2,2,0.3539980377941504,-0.4636159862693383,qnm,s=-2 from qnm package,0.9290402968409833,0.03905667417740984,0.4636159862693383,11.870339603506004
0.2702432432432433,2,2,2,0.3548913284554574,-0.4633527535019336,qnm,s=-2 from qnm package,0.9269685894813733,0.0390344754980144,0.4633527535019336,11.870346599776994
0.274103861003861,2,2,2,0.3557890094809516,-0.4630876614252876,qnm,s=-2 from qnm package,0.9248670733827761,0.03901190714858609,0.4630876614252876,11.87041842536712
0.2779644787644788,2,2,2,0.3566911237194178,-0.4628206875465673,qnm,s=-2 from qnm package,0.9227357485451916,0.03898896675568576,0.4628206875465673,11.870555340609897
0.2818250965250965,2,2,2,0.3575977147069225,-0.4625518089900365,qnm,s=-2 from qnm package,0.92057461496862,0.03896565189519523,0.4625518089900365,11.870757615813757
0.2856857142857143,2,2,2,0.358508826681757,-0.4622810024883158,qnm,s=-2 from qnm package,0.9183836726530612,0.03894196009144071,0.4622810024883158,11.871025531401624
0.289546332046332,2,2,2,0.3594245045997788,-0.4620082443733959,qnm,s=-2 from qnm package,0.9161629215985152,0.03891788881629101,0.4620082443733959,11.871359378055457
0.2934069498069498,2,2,2,0.3603447941501626,-0.4617335105673734,qnm,s=-2 from qnm package,0.913912361804982,0.038893435488229954,0.4617335105673734,11.871759456865274
0.2972675675675675,2,2,2,0.3612697417715957,-0.4614567765729165,qnm,s=-2 from qnm package,0.9116319932724617,0.03886859747140204,0.4614567765729165,11.872226079483262
0.3011281853281853,2,2,2,0.3621993946689207,-0.4611780174634353,qnm,s=-2 from qnm package,0.9093218160009541,0.0388433720746307,0.4611780174634353,11.872759568282664
0.3049888030888031,2,2,2,0.3631338008302359,-0.4608972078729644,qnm,s=-2 from qnm package,0.9069818299904593,0.038817756550408325,0.4608972078729644,11.873360256521991
0.3088494208494208,2,2,2,0.3640730090444716,-0.4606143219857223,qnm,s=-2 from qnm package,0.9046120352409773,0.03879174809385707,0.4606143219857223,11.874028488514123
0.3127100386100386,2,2,2,0.3650170689194779,-0.4603293335253601,qnm,s=-2 from qnm package,0.9022124317525082,0.03876534384165964,0.4603293335253601,11.87476461980099
0.3165706563706564,2,2,2,0.365966030900595,-0.4600422157438761,qnm,s=-2 from qnm package,0.8997830195250518,0.03873854087095915,0.4600422157438761,11.875569017333659
0.3204312741312741,2,2,2,0.3669199462897707,-0.4597529414101783,qnm,s=-2 from qnm package,0.8973237985586082,0.038711336198226975,0.4597529414101783,11.876442059657851
0.3242918918918919,2,2,2,0.3678788672652053,-0.4594614827983004,qnm,s=-2 from qnm package,0.8948347688531775,0.03868372677809775,0.4594614827983004,11.877384137105473
0.3281525096525097,2,2,2,0.3688428469015967,-0.4591678116752288,qnm,s=-2 from qnm package,0.8923159304087596,0.03865570950217028,0.4591678116752288,11.878395651991573
0.3320131274131274,2,2,2,0.3698119391909281,-0.458871899288354,qnm,s=-2 from qnm package,0.8897672832253545,0.03862728119777349,0.458871899288354,11.879477018817564
0.3358737451737452,2,2,2,0.3707861990638563,-0.4585737163525286,qnm,s=-2 from qnm package,0.8871888273029621,0.03859843862669608,0.4585737163525286,11.880628664480804
0.3397343629343629,2,2,2,0.3717656824117624,-0.4582732330366848,qnm,s=-2 from qnm package,0.8845805626415826,0.038569178483878905,0.4582732330366848,11.88185102848984
0.3435949806949807,2,2,2,0.3727504461094244,-0.4579704189500383,qnm,s=-2 from qnm package,0.8819424892412159,0.038539497396068684,0.4579704189500383,11.883144563186615
0.3474555984555985,2,2,2,0.373740548038335,-0.4576652431278346,qnm,s=-2 from qnm package,0.8792746071018619,0.03850939192043193,0.4576652431278346,11.884509733975081
0.3513162162162162,2,2,2,0.3747360471107519,-0.4573576740166281,qnm,s=-2 from qnm package,0.8765769162235209,0.038478858543127645,0.4573576740166281,11.885947019556601
0.3551768339768339,2,2,2,0.3757370032944321,-0.4570476794590692,qnm,s=-2 from qnm package,0.8738494166061925,0.038447893677837526,0.4570476794590692,11.887456912172139
0.3590374517374518,2,2,2,0.3767434776381092,-0.4567352266781966,qnm,s=-2 from qnm package,0.871092108249877,0.038416493664252135,0.4567352266781966,11.889039917851857
0.3628980694980695,2,2,2,0.3777555322977486,-0.4564202822611877,qnm,s=-2 from qnm package,0.8683049911545743,0.038384654766511664,0.4564202822611877,11.890696556671582
0.3667586872586872,2,2,2,0.3787732305635865,-0.4561028121425735,qnm,s=-2 from qnm package,0.8654880653202844,0.03835237317159968,0.4561028121425735,11.892427363017061
0.370619305019305,2,2,2,0.3797966368879764,-0.4557827815868777,qnm,s=-2 from qnm package,0.8626413307470073,0.03831964498768822,0.4557827815868777,11.894232885855724
0.3744799227799228,2,2,2,0.3808258169141214,-0.4554601551706555,qnm,s=-2 from qnm package,0.859764787434743,0.03828646624243267,0.4554601551706555,11.896113689016085
0.3783405405405405,2,2,2,0.3818608375056498,-0.4551348967639255,qnm,s=-2 from qnm package,0.8568584353834916,0.038252832881214435,0.4551348967639255,11.898070351475523
0.3822011583011583,2,2,2,0.3829017667771218,-0.4548069695109482,qnm,s=-2 from qnm package,0.8539222745932529,0.03821874076532998,0.4548069695109482,11.900103467655978
0.3860617760617761,2,2,2,0.3839486741254557,-0.4544763358103404,qnm,s=-2 from qnm package,0.850956305064027,0.038184185670123875,0.4544763358103404,11.902213647728317
0.3899223938223938,2,2,2,0.3850016302623948,-0.4541429572944795,qnm,s=-2 from qnm package,0.847960526795814,0.03814916328306424,0.4541429572944795,11.904401517925024
0.3937830115830116,2,2,2,0.3860607072479318,-0.4538067948081857,qnm,s=-2 from qnm package,0.8449349397886138,0.0381136692017583,0.4538067948081857,11.906667720861947
0.3976436293436293,2,2,2,0.3871259785247758,-0.4534678083866459,qnm,s=-2 from qnm package,0.8418795440424264,0.03807769893190605,0.4534678083866459,11.909012915869145
0.4015042471042471,2,2,2,0.3881975189539911,-0.4531259572325355,qnm,s=-2 from qnm package,0.8387943395572517,0.03804124788518963,0.4531259572325355,11.911437779330797
0.4053648648648649,2,2,2,0.3892754048516693,-0.4527811996923236,qnm,s=-2 from qnm package,0.8356793263330898,0.03800431137709618,0.4527811996923236,11.913943005034909
0.4092254826254826,2,2,2,0.3903597140268425,-0.4524334932317046,qnm,s=-2 from qnm package,0.8325345043699408,0.037966884624671716,0.4524334932317046,11.916529304532492
0.4130861003861004,2,2,2,0.3914505258206002,-0.4520827944101343,qnm,s=-2 from qnm package,0.8293598736678046,0.037928962744203425,0.4520827944101343,11.919197407506875
0.4169467181467182,2,2,2,0.3925479211464563,-0.4517290588544232,qnm,s=-2 from qnm package,0.8261554342266811,0.03789054074882774,0.4517290588544232,11.921948062153186
0.4208073359073359,2,2,2,0.3936519825320232,-0.4513722412313496,qnm,s=-2 from qnm package,0.8229211860465706,0.03785161354606138,0.4513722412313496,11.924782035568382
0.4246679536679537,2,2,2,0.3947627941620975,-0.4510122952192414,qnm,s=-2 from qnm package,0.8196571291274728,0.037812175935252566,0.4510122952192414,11.927700114151838
0.4285285714285714,2,2,2,0.395880441923079,-0.4506491734784919,qnm,s=-2 from qnm package,0.8163632634693878,0.03777222260494911,0.4506491734784919,11.930703104017118
0.4323891891891892,2,2,2,0.3970050134489232,-0.4502828276209526,qnm,s=-2 from qnm package,0.8130395890723155,0.03773174813018052,0.4502828276209526,11.933791831414897
0.436249806949807,2,2,2,0.3981365981686003,-0.4499132081781432,qnm,s=-2 from qnm package,0.8096861059362561,0.03769074696965055,0.4499132081781432,11.93696714316709
0.4401104247104247,2,2,2,0.3992752873551243,-0.449540264568259,qnm,s=-2 from qnm package,0.8063028140612096,0.0376492134628368,0.449540264568259,11.940229907113364
0.4439710424710425,2,2,2,0.4004211741762262,-0.449163945061876,qnm,s=-2 from qnm package,0.8028897134471757,0.03760714182699374,0.449163945061876,11.94358101256911
0.4478316602316602,2,2,2,0.4015743537467693,-0.4487841967463211,qnm,s=-2 from qnm package,0.7994468040941548,0.03756452615405535,0.4487841967463211,11.947021370795907
0.451692277992278,2,2,2,0.40273492318288,-0.4484009654886499,qnm,s=-2 from qnm package,0.7959740860021467,0.03752136040743332,0.4484009654886499,11.950551915484855
0.4555528957528957,2,2,2,0.403902981657999,-0.4480141958971319,qnm,s=-2 from qnm package,0.7924715591711513,0.037477638418706695,0.4480141958971319,11.95417360325214
0.4594135135135135,2,2,2,0.4050786304608021,-0.4476238312812212,qnm,s=-2 from qnm package,0.7889392236011687,0.03743335388419864,0.4476238312812212,11.957887414148377
0.4632741312741313,2,2,2,0.4062619730550933,-0.4472298136099014,qnm,s=-2 from qnm package,0.785377079292199,0.03738850036143554,0.4472298136099014,11.961694352181016
0.467134749034749,2,2,2,0.4074531151418507,-0.4468320834683478,qnm,s=-2 from qnm package,0.7817851262442421,0.03734307126548389,0.4468320834683478,11.965595445850584
0.4709953667953668,2,2,2,0.4086521647233724,-0.4464305800128137,qnm,s=-2 from qnm package,0.7781633644572978,0.0372970598651597,0.4464305800128137,11.969591748700756
0.4748559845559846,2,2,2,0.4098592321696664,-0.4460252409236686,qnm,s=-2 from qnm package,0.7745117939313665,0.03725045927910531,0.4460252409236686,11.973684339882892
0.4787166023166023,2,2,2,0.4110744302871981,-0.44561600235649,qnm,s=-2 from qnm package,0.7708304146664481,0.0372032624717279,0.44561600235649,11.977874324735087
0.4825772200772201,2,2,2,0.4122978743900746,-0.445202798891109,qnm,s=-2 from qnm package,0.7671192266625423,0.037155462248994055,0.445202798891109,11.982162835375904
0.4864378378378378,2,2,2,0.4135296823737209,-0.4447855634785181,qnm,s=-2 from qnm package,0.7633782299196494,0.03710705125407407,0.4447855634785181,11.98655103131333
0.4902984555984556,2,2,2,0.4147699747912399,-0.4443642273855347,qnm,s=-2 from qnm package,0.7596074244377693,0.03705802196282974,0.4443642273855347,11.99104010006915
0.4941590733590734,2,2,2,0.4160188749324617,-0.4439387201371008,qnm,s=-2 from qnm package,0.755806810216902,0.0370083666791388,0.4439387201371008,11.995631257818898
0.4980196911196911,2,2,2,0.4172765089058992,-0.4435089694561067,qnm,s=-2 from qnm package,0.7519763872570475,0.036958077530048955,0.4435089694561067,12.000325750047725
0.5018803088803089,2,2,2,0.4185430057236474,-0.4430749012006114,qnm,s=-2 from qnm package,0.7481161555582058,0.03690714646075395,0.4430749012006114,12.005124852222458
0.5057409266409266,2,2,2,0.4198184973893735,-0.4426364392983302,qnm,s=-2 from qnm package,0.7442261151203768,0.036855565229384046,0.4426364392983302,12.010029870480102
0.5096015444015445,2,2,2,0.4211031189895808,-0.4421935056782436,qnm,s=-2 from qnm package,0.7403062659435606,0.036803325401602416,0.4421935056782436,12.015042142332891
0.5134621621621622,2,2,2,0.4223970087881773,-0.4417460201991922,qnm,s=-2 from qnm package,0.7363566080277575,0.036750418344998835,0.4417460201991922,12.020163037390484
0.51732277992278,2,2,2,0.4237003083246047,-0.4412939005752796,qnm,s=-2 from qnm package,0.7323771413729669,0.036696835223271676,0.4412939005752796,12.025393958098832
0.5211833976833977,2,2,2,0.4250131625155763,-0.4408370622979491,qnm,s=-2 from qnm package,0.7283678659791892,0.0366425669901883,0.4408370622979491,12.030736340496862
0.5250440154440155,2,2,2,0.4263357197606869,-0.4403754185545203,qnm,s=-2 from qnm package,0.7243287818464245,0.0365876043833139,0.4403754185545203,12.036191654990056
0.5289046332046332,2,2,2,0.4276681320519186,-0.4399088801430469,qnm,s=-2 from qnm package,0.7202598889746724,0.03653193791749796,0.4399088801430469,12.041761407142342
0.532765250965251,2,2,2,0.4290105550873681,-0.439437355383251,qnm,s=-2 from qnm package,0.7161611873639331,0.036475557878107134,0.439437355383251,12.047447138485143
0.5366258687258687,2,2,2,0.4303631483892615,-0.4389607500233664,qnm,s=-2 from qnm package,0.7120326770142067,0.03641845431399246,0.4389607500233664,12.053250427344791
0.5404864864864866,2,2,2,0.431726075426497,-0.4384789671426442,qnm,s=-2 from qnm package,0.7078743579254929,0.036360617030178524,0.4384789671426442,12.059172889687659
0.5443471042471043,2,2,2,0.4330995037418864,-0.4379919070493031,qnm,s=-2 from qnm package,0.7036862300977922,0.0363020355802611,0.4379919070493031,12.065216179983505
0.548207722007722,2,2,2,0.4344836050843176,-0.4374994671736716,qnm,s=-2 from qnm package,0.6994682935311041,0.03624269925849938,0.4374994671736716,12.071381992086927
0.5520683397683398,2,2,2,0.4358785555460789,-0.4370015419562593,qnm,s=-2 from qnm package,0.695220548225429,0.036182597091587734,0.4370015419562593,12.077672060136885
0.5559289575289575,2,2,2,0.4372845357055015,-0.4364980227304756,qnm,s=-2 from qnm package,0.6909429941807665,0.03612171783009158,0.4364980227304756,12.08408815947414
0.5597895752895753,2,2,2,0.438701730775249,-0.4359887975997132,qnm,s=-2 from qnm package,0.6866356313971169,0.036060049939530506,0.4359887975997132,12.090632107576878
0.563650193050193,2,2,2,0.4401303307564128,-0.4354737513084791,qnm,s=-2 from qnm package,0.6822984598744801,0.035997581591091114,0.4354737513084791,12.097305765014298
0.5675108108108109,2,2,2,0.4415705305987483,-0.4349527651072227,qnm,s=-2 from qnm package,0.6779314796128559,0.03593430065195112,0.4349527651072227,12.104111036417404
0.5713714285714286,2,2,2,0.4430225303673024,-0.4344257166105396,qnm,s=-2 from qnm package,0.6735346906122448,0.035870194675194735,0.4344257166105396,12.111049871467728
0.5752320463320464,2,2,2,0.4444865354157198,-0.4338924796483565,qnm,s=-2 from qnm package,0.6691080928726465,0.0358052508892986,0.4338924796483565,12.118124265903061
0.5790926640926641,2,2,2,0.4459627565664962,-0.4333529241096983,qnm,s=-2 from qnm package,0.6646516863940608,0.035739456187165904,0.4333529241096983,12.125336262539887
0.5829532818532819,2,2,2,0.4474514102985916,-0.4328069157786334,qnm,s=-2 from qnm package,0.6601654711764882,0.035672797114685406,0.4328069157786334,12.132687952312546
0.5868138996138996,2,2,2,0.4489527189426358,-0.4322543161619243,qnm,s=-2 from qnm package,0.6556494472199281,0.03560525985879007,0.4322543161619243,12.140181475328042
0.5906745173745174,2,2,2,0.450466910884149,-0.4316949823079187,qnm,s=-2 from qnm package,0.6511036145243809,0.03553683023498887,0.4316949823079187,12.147819021936296
0.5945351351351351,2,2,2,0.4519942207751269,-0.4311287666161847,qnm,s=-2 from qnm package,0.6465279730898466,0.03546749367434367,0.4311287666161847,12.155602833815486
0.598395752895753,2,2,2,0.4535348897543326,-0.430555516637319,qnm,s=-2 from qnm package,0.641922522916325,0.035397235209860954,0.430555516637319,12.163535205070902
0.6022563706563707,2,2,2,0.4550891656768507,-0.4299750748623927,qnm,s=-2 from qnm package,0.6372872640038162,0.03532603946226654,0.4299750748623927,12.171618483347673
0.6061169884169885,2,2,2,0.456657303353134,-0.4293872785013838,qnm,s=-2 from qnm package,0.6326221963523202,0.03525389062512928,0.4293872785013838,12.179855070955284
0.6099776061776062,2,2,2,0.4582395647981476,-0.428791959249986,qnm,s=-2 from qnm package,0.6279273199618371,0.035180772449297584,0.428791959249986,12.188247426004065
0.613838223938224,2,2,2,0.459836219491074,-0.4281889430440613,qnm,s=-2 from qnm package,0.6232026348323668,0.035106668226609974,0.4281889430440613,12.196798063551494
0.6176988416988417,2,2,2,0.4614475446460209,-0.4275780498010343,qnm,s=-2 from qnm package,0.6184481409639093,0.035031560772838616,0.4275780498010343,12.205509556758113
0.6215594594594595,2,2,2,0.4630738254942964,-0.4269590931474149,qnm,s=-2 from qnm package,0.6136638383564645,0.03495543240982184,0.4269590931474149,12.214384538051007
0.6254200772200773,2,2,2,0.4647153555788704,-0.426331880131628,qnm,s=-2 from qnm package,0.6088497270100326,0.03487826494673867,0.426331880131628,12.223425700293976
0.629280694980695,2,2,2,0.4663724370615154,-0.4256962109212509,qnm,s=-2 from qnm package,0.6040058069246135,0.034800039660475166,0.4256962109212509,12.232635797962718
0.6331413127413128,2,2,2,0.468045381043377,-0.4250518784837077,qnm,s=-2 from qnm package,0.5991320781002072,0.03472073727502899,0.4250518784837077,12.242017648323477
0.6370019305019305,2,2,2,0.4697345078994755,-0.4243986682494073,qnm,s=-2 from qnm package,0.5942285405368136,0.03464033793989478,0.4243986682494073,12.25157413261357
0.6408625482625483,2,2,2,0.4714401476280938,-0.423736357756234,qnm,s=-2 from qnm package,0.5892951942344329,0.03455882120736878,0.423736357756234,12.261308197221817
0.644723166023166,2,2,2,0.4731626402154619,-0.4230647162742516,qnm,s=-2 from qnm package,0.5843320391930651,0.03447616600870691,0.4230647162742516,12.271222854867537
0.6485837837837838,2,2,2,0.4749023360168872,-0.4223835044093631,qnm,s=-2 from qnm package,0.57933907541271,0.034392350629065684,0.4223835044093631,12.281321185775482
0.6524444015444015,2,2,2,0.4766595961548797,-0.4216924736846316,qnm,s=-2 from qnm package,0.5743163028933678,0.03430735268115001,0.4216924736846316,12.291606338845499
0.6563050193050194,2,2,2,0.4784347929353463,-0.4209913660978365,qnm,s=-2 from qnm package,0.5692637216350381,0.03422114907748672,0.4209913660978365,12.30208153281436
0.6601656370656371,2,2,2,0.4802283102827238,-0.4202799136537751,qnm,s=-2 from qnm package,0.5641813316377216,0.034133716001236006,0.4202799136537751,12.312750057408238
0.6640262548262549,2,2,2,0.4820405441950467,-0.4195578378696865,qnm,s=-2 from qnm package,0.5590691329014177,0.03404502887544711,0.4195578378696865,12.323615274483343
0.6678868725868726,2,2,2,0.4838719032201141,-0.4188248492520901,qnm,s=-2 from qnm package,0.5539271254261265,0.033955062330656476,0.4188248492520901,12.334680619153282
0.6717474903474904,2,2,2,0.4857228089537725,-0.4180806467431908,qnm,s=-2 from qnm package,0.5487553092118483,0.033863790170719665,0.4180806467431908,12.345949600900974
0.6756081081081081,2,2,2,0.4875936965617026,-0.4173249171348862,qnm,s=-2 from qnm package,0.5435536842585829,0.033771185336759144,0.4173249171348862,12.357425804673719
0.6794687258687259,2,2,2,0.4894850153258304,-0.4165573344482622,qnm,s=-2 from qnm package,0.5383222505663303,0.03367721986910106,0.4165573344482622,12.369112891959785
0.6833293436293437,2,2,2,0.4913972292169669,-0.4157775592763043,qnm,s=-2 from qnm package,0.5330610081350903,0.03358186486706393,0.4157775592763043,12.381014601845004
0.6871899613899615,2,2,2,0.4933308174950658,-0.4149852380874435,qnm,s=-2 from qnm package,0.5277699569648633,0.03348509044645089,0.4149852380874435,12.393134752049864
0.6910505791505792,2,2,2,0.4952862753387097,-0.4141800024872735,qnm,s=-2 from qnm package,0.522449097055649,0.03338686569458525,0.4141800024872735,12.405477239944869
0.694911196911197,2,2,2,0.4972641145056767,-0.4133614684357053,qnm,s=-2 from qnm package,0.5170984284074476,0.033287158622715494,0.4133614684357053,12.418046043546152
0.6987718146718147,2,2,2,0.4992648640264032,-0.4125292354165277,qnm,s=-2 from qnm package,0.511717951020259,0.03318593611560162,0.4125292354165277,12.430845222491294
0.7026324324324325,2,2,2,0.5012890709323883,-0.4116828855561702,qnm,s=-2 from qnm package,0.5063076648940832,0.03308316387807821,0.4116828855561702,12.443878918997898
0.7064930501930502,2,2,2,0.5033373010217671,-0.41082198268819,qnm,s=-2 from qnm package,0.5008675700289202,0.032978806378372576,0.41082198268819,12.457151358807398
0.7103536679536679,2,2,2,0.5054101396644632,-0.409946071359762,qnm,s=-2 from qnm package,0.4953976664247701,0.0328728267879363,0.409946071359762,12.470666852118857
0.7142142857142858,2,2,2,0.5075081926495425,-0.4090546757761442,qnm,s=-2 from qnm package,0.4898979540816325,0.03276518691752773,0.4090546757761442,12.484429794518293
0.7180749034749035,2,2,2,0.5096320870775167,-0.4081472986787814,qnm,s=-2 from qnm package,0.48436843299950794,0.03265584714925904,0.4081472986787814,12.49844466791125
0.7219355212355213,2,2,2,0.5117824723009435,-0.4072234201523633,qnm,s=-2 from qnm package,0.4788091031783962,0.032544766364295444,0.4072234201523633,12.512716041468476
0.725796138996139,2,2,2,0.5139600209164211,-0.4062824963557851,qnm,s=-2 from qnm package,0.4732199646182972,0.03243190186586576,0.4062824963557851,12.52724857259738
0.7296567567567568,2,2,2,0.5161654298120367,-0.4053239581714902,qnm,s=-2 from qnm package,0.4676010173192111,0.03231720929721101,0.4053239581714902,12.542047007953432
0.7335173745173745,2,2,2,0.5183994212741178,-0.4043472097673108,qnm,s=-2 from qnm package,0.46195226128113775,0.0322006425540631,0.4043472097673108,12.557116184511976
0.7373779922779923,2,2,2,0.5206627441580403,-0.4033516270642906,qnm,s=-2 from qnm package,0.4562736965040771,0.0320821536912058,0.4033516270642906,12.572461030721117
0.7412386100386101,2,2,2,0.5229561751279244,-0.4023365561035281,qnm,s=-2 from qnm package,0.4505653229880292,0.031961692822626876,0.4023365561035281,12.588086567764615
0.7450992277992279,2,2,2,0.5252805199710147,-0.4013013113043611,qnm,s=-2 from qnm package,0.44482714073299434,0.031839208014721614,0.4013013113043611,12.603997910965935
0.7489598455598456,2,2,2,0.5276366149926253,-0.4002451736055804,qnm,s=-2 from qnm package,0.4390591497389722,0.03171464517195366,0.4002451736055804,12.62020027137276
0.7528204633204634,2,2,2,0.5300253284987388,-0.3991673884805451,qnm,s=-2 from qnm package,0.4332613500059629,0.03158794791431847,0.3991673884805451,12.636698957566878
0.7566810810810811,2,2,2,0.532447562373872,-0.3980671638162265,qnm,s=-2 from qnm package,0.4274337415339663,0.03145905744588706,0.3980671638162265,12.653499377752958
0.7605416988416989,2,2,2,0.5349042537626633,-0.3969436676452125,qnm,s=-2 from qnm package,0.42157632432298264,0.031327912413631524,0.3969436676452125,12.670607042188129
0.7644023166023166,2,2,2,0.5373963768648217,-0.3957960257186257,qnm,s=-2 from qnm package,0.4156890983730117,0.031194448755648488,0.3957960257186257,12.68802756602511
0.7682629343629344,2,2,2,0.5399249448541793,-0.3946233189066445,qnm,s=-2 from qnm package,0.4097720636840536,0.031058599537800866,0.3946233189066445,12.705766672652304
0.7721235521235522,2,2,2,0.5424910119338896,-0.3934245804119576,qnm,s=-2 from qnm package,0.4038252202561081,0.030920294777689702,0.3934245804119576,12.72383019762897
0.77598416988417,2,2,2,0.5450956755413237,-0.392198792779828,qnm,s=-2 from qnm package,0.3978485680891757,0.030779461254746135,0.392198792779828,12.74222409332625
0.7798447876447877,2,2,2,0.5477400787179845,-0.3909448846866764,qnm,s=-2 from qnm package,0.39184210718325596,0.03063602230509496,0.3909448846866764,12.760954434403184
0.7837054054054055,2,2,2,0.5504254126618101,-0.3896617274870342,qnm,s=-2 from qnm package,0.3858058375383491,0.030489897599684814,0.3896617274870342,12.780027424266006
0.7875660231660232,2,2,2,0.5531529194812661,-0.3883481314962975,qnm,s=-2 from qnm package,0.379739759154455,0.030341002904001924,0.3883481314962975,12.799449402678613
0.791426640926641,2,2,2,0.5559238951736081,-0.387002841984041,qnm,s=-2 from qnm package,0.3736438720315738,0.03018924981748167,0.387002841984041,12.819226854717652
0.7952872586872587,2,2,2,0.5587396928522562,-0.3856245348495387,qnm,s=-2 from qnm package,0.3675181761697053,0.030034545490501146,0.3856245348495387,12.83936642129304
0.7991478764478764,2,2,2,0.5616017262522557,-0.3842118119474683,qnm,s=-2 from qnm package,0.3613626715688496,0.029876792316571317,0.3842118119474683,12.859874911483159
0.8030084942084943,2,2,2,0.5645114735459315,-0.3827631960277035,qnm,s=-2 from qnm package,0.35517735822900653,0.029715887597044185,0.3827631960277035,12.880759316971458
0.806869111969112,2,2,2,0.5674704815065046,-0.3812771252481926,qnm,s=-2 from qnm package,0.3489622361501765,0.029551723175302268,0.3812771252481926,12.902026828907339
0.8107297297297298,2,2,2,0.5704803700615803,-0.3797519472143464,qnm,s=-2 from qnm package,0.34271730533235933,0.029384185036995653,0.3797519472143464,12.923684857559474
0.8145903474903475,2,2,2,0.5735428372855759,-0.3781859124918417,qnm,s=-2 from qnm package,0.33644256577555487,0.029213152872428608,0.3781859124918417,12.945741055179765
0.8184509652509653,2,2,2,0.5766596648865767,-0.3765771675320762,qnm,s=-2 from qnm package,0.33013801747976323,0.029038499596659894,0.3765771675320762,12.96820334255119
0.822311583011583,2,2,2,0.5798327242516095,-0.3749237469406239,qnm,s=-2 from qnm package,0.32380366044498443,0.028860090822256608,0.3749237469406239,12.99107993975842
0.8261722007722008,2,2,2,0.5830639831240553,-0.3732235650085307,qnm,s=-2 from qnm package,0.31743949467121835,0.028677784278913415,0.3732235650085307,13.014379401792192
0.8300328185328186,2,2,2,0.5863555129980281,-0.3714744064140051,qnm,s=-2 from qnm package,0.311045520158465,0.028491429173298312,0.3714744064140051,13.038110659683742
0.8338934362934364,2,2,2,0.5897094973276915,-0.3696739159874538,qnm,s=-2 from qnm package,0.30462173690672456,0.028300865481487462,0.3696739159874538,13.06228306796023
0.8377540540540541,2,2,2,0.5931282406650289,-0.3678195874157205,qnm,s=-2 from qnm package,0.29816814491599697,0.02810592316517713,0.3678195874157205,13.086906459327555
0.8416146718146719,2,2,2,0.5966141788579029,-0.3659087507408412,qnm,s=-2 from qnm package,0.2916847441862822,0.02790642130147261,0.3659087507408412,13.111991207612578
0.8454752895752896,2,2,2,0.6001698904615599,-0.363938558484496,qnm,s=-2 from qnm package,0.28517153471758017,0.027702167114408625,0.363938558484496,13.13754830015454
0.8493359073359074,2,2,2,0.6037981095427067,-0.3619059702002021,qnm,s=-2 from qnm package,0.27862851650989096,0.02749295489439693,0.3619059702002021,13.163589421010492
0.8531965250965251,2,2,2,0.6075017400852959,-0.3598077352206404,qnm,s=-2 from qnm package,0.2720556895632146,0.02727856478945581,0.3598077352206404,13.190127046556334
0.8570571428571429,2,2,2,0.6112838722445061,-0.3576403733256432,qnm,s=-2 from qnm package,0.265453053877551,0.027058761449266278,0.3576403733256432,13.21717455531731
0.8609177606177607,2,2,2,0.6151478007386004,-0.3554001530058856,qnm,s=-2 from qnm package,0.2588206094529001,0.026833292499711274,0.3554001530058856,13.244746354168417
0.8647783783783785,2,2,2,0.6190970457222778,-0.3530830669360734,qnm,s=-2 from qnm package,0.2521583562892621,0.02660188682144993,0.3530830669360734,13.272858023415523
0.8686389961389962,2,2,2,0.6231353765493594,-0.3506848041967121,qnm,s=-2 from qnm package,0.24546629438663692,0.02636425260108078,0.3506848041967121,13.301526483718188
0.872499613899614,2,2,2,0.6272668389122409,-0.3482007186920509,qnm,s=-2 from qnm package,0.23874442374502458,0.026120075117331342,0.3482007186920509,13.330770188367902
0.8763602316602317,2,2,2,0.6314957859425705,-0.3456257930991324,qnm,s=-2 from qnm package,0.23199274436442507,0.025869014217182826,0.3456257930991324,13.360609345119899
0.8802208494208494,2,2,2,0.6358269139782592,-0.3429545975431772,qnm,s=-2 from qnm package,0.2252112562448383,0.025610701427518836,0.3429545975431772,13.391066172622303
0.8840814671814672,2,2,2,0.6402653038520867,-0.3401812420205827,qnm,s=-2 from qnm package,0.21839995938626433,0.025344736636276823,0.3401812420205827,13.422165197553056
0.887942084942085,2,2,2,0.6448164687452527,-0.3372993213722213,qnm,s=-2 from qnm package,0.21155885378870298,0.025070684262522798,0.3372993213722213,13.453933599907247
0.8918027027027028,2,2,2,0.6494864098872496,-0.3343018513338354,qnm,s=-2 from qnm package,0.2046879394521547,0.02478806881648741,0.3343018513338354,13.486401615582073
0.8956633204633205,2,2,2,0.6542816816862492,-0.3311811938386629,qnm,s=-2 from qnm package,0.19778721637661922,0.024496369727214813,0.3311811938386629,13.519603007572565
0.8995239382239383,2,2,2,0.6592094682626144,-0.3279289692961604,qnm,s=-2 from qnm package,0.19085668456209648,0.024195015285488803,0.3279289692961604,13.553575619885597
0.903384555984556,2,2,2,0.6642776738616908,-0.3245359529863469,qnm,s=-2 from qnm package,0.18389634400858657,0.023883375510918976,0.3245359529863469,13.588362031906918
0.9072451737451738,2,2,2,0.6694950302790674,-0.3209919519454864,qnm,s=-2 from qnm package,0.17690619471608948,0.023560753701458517,0.3209919519454864,13.624010335697179
0.9111057915057916,2,2,2,0.6748712252989422,-0.317285657710766,qnm,s=-2 from qnm package,0.169886236684605,0.023226376356926898,0.317285657710766,13.660575064958017
0.9149664092664092,2,2,2,0.6804170573025566,-0.3134044689466214,qnm,s=-2 from qnm package,0.16283646991413392,0.022879381079280746,0.3134044689466214,13.698118312756117
0.9188270270270272,2,2,2,0.6861446227631197,-0.3093342761601377,qnm,s=-2 from qnm package,0.15575689440467455,0.02251880193271906,0.3093342761601377,13.736711086333836
0.9226876447876448,2,2,2,0.6920675454725917,-0.3050591982324785,qnm,s=-2 from qnm package,0.14864751015622912,0.022143551583528553,0.3050591982324785,13.776434962646025
0.9265482625482626,2,2,2,0.6982012592907378,-0.3005612570574699,qnm,s=-2 from qnm package,0.14150831716879586,0.021752399314032184,0.3005612570574699,13.817384129371963
0.9304088803088804,2,2,2,0.7045633603415532,-0.2958199717486037,qnm,s=-2 from qnm package,0.13433931544237554,0.021343943688680686,0.2958199717486037,13.859667925636705
0.934269498069498,2,2,2,0.7111740504785996,-0.2908118469758537,qnm,s=-2 from qnm package,0.12714050497696827,0.020916578199493333,0.2908118469758537,13.903414038482552
0.938130115830116,2,2,2,0.7180567024001803,-0.285509719959899,qnm,s=-2 from qnm package,0.11991188577257317,0.02046844756407321,0.285509719959899,13.9487725713519
0.9419907335907336,2,2,2,0.7252385894614819,-0.2798819157707548,qnm,s=-2 from qnm package,0.11265345782919156,0.019997391381999567,0.2798819157707548,13.995921289148114
0.9458513513513516,2,2,2,0.7327518423867166,-0.2738911380215112,qnm,s=-2 from qnm package,0.10536522114682212,0.019500870392802478,0.2738911380215112,14.045072476488071
0.9497119691119692,2,2,2,0.7406347247605165,-0.267492987010441,qnm,s=-2 from qnm package,0.09804717572546606,0.0189758683128662,0.267492987010441,14.096482047626395
0.953572586872587,2,2,2,0.7489333664283131,-0.2606339414169736,qnm,s=-2 from qnm package,0.09069932156512261,0.018418758620279196,0.2606339414169736,14.150461862832254
0.9574332046332048,2,2,2,0.7577041715429252,-0.2532485474733964,qnm,s=-2 from qnm package,0.08332165866579178,0.017825119727458618,0.2532485474733964,14.207396715730383
0.9612938223938224,2,2,2,0.7670172500950204,-0.2452554020749623,qnm,s=-2 from qnm package,0.07591418702747421,0.017189471881087867,0.2452554020749623,14.267768304435009
0.9651544401544402,2,2,2,0.776961456163564,-0.2365512358485856,qnm,s=-2 from qnm package,0.06847690665016914,0.016504891187393567,0.2365512358485856,14.332189964951928
0.969015057915058,2,2,2,0.7876520528975024,-0.2270018775180591,qnm,s=-2 from qnm package,0.06100981753387669,0.01576242267901743,0.2270018775180591,14.401458591783527
0.9728756756756756,2,2,2,0.7992428872915562,-0.2164278397350491,qnm,s=-2 from qnm package,0.053512919678597726,0.01495014805537862,0.2164278397350491,14.476635210123204
0.9767362934362936,2,2,2,0.8119467900267204,-0.2045800464442818,qnm,s=-2 from qnm package,0.045986213084330485,0.014051622681500496,0.2045800464442818,14.559175910239842
0.9805969111969112,2,2,2,0.8260721721779466,-0.1910960413078905,qnm,s=-2 from qnm package,0.038429697751077074,0.01304306784582145,0.1910960413078905,14.6511575011941
0.984457528957529,2,2,2,0.8420949102785328,-0.1754134259119199,qnm,s=-2 from qnm package,0.03084337367883594,0.011887843181811453,0.1754134259119199,14.755698172424129
0.9883181467181468,2,2,2,0.8608187262888382,-0.1565754276030917,qnm,s=-2 from qnm package,0.023227240867607746,0.010524073371630199,0.1565754276030917,14.877835042957123
0.9921787644787644,2,2,2,0.8838101912638785,-0.1327000400692069,qnm,s=-2 from qnm package,0.015581299317392494,0.008830940975551703,0.1327000400692069,15.026715775429201
0.9960393822393824,2,2,2,0.915080317517601,-0.0989177905968746,qnm,s=-2 from qnm package,0.007905549028189518,0.006497748683538172,0.0989177905968746,15.223394350027649
0.9999,2,2,2,0.9856726883990818,-0.0173441230594938,qnm,s=-2 from qnm package,0.00019998999999992773,0.0011096744852254366,0.0173441230594938,15.629919666009304
0.0,3,3,0,0.5994432884374902,-0.0927030479449474,qnm,s=-2 from qnm package,1.0,0.039788735772973836,0.0927030479449474,2.329881715113833
0.0038606177606177,3,3,0,0.6002249820901234,-0.0926953906630821,qnm,s=-2 from qnm package,0.9999850956305064,0.039788587515364085,0.0926953906630821,2.3296979473646413
0.0077212355212355,3,3,0,0.6010098942682685,-0.0926875214850546,qnm,s=-2 from qnm package,0.9999403825220257,0.03978814272927617,0.0926875214850546,2.329526213769586
0.0115818532818532,3,3,0,0.6017980491539213,-0.0926794382936461,qnm,s=-2 from qnm package,0.9998658606745576,0.03978740137493051,0.0926794382936461,2.3293664600081705
0.015442471042471,3,3,0,0.6025894711991284,-0.0926711389443207,qnm,s=-2 from qnm package,0.9997615300881024,0.03978636338601538,0.0926711389443207,2.3292186331584643
0.0193030888030888,3,3,0,0.6033841851300182,-0.092662621264777,qnm,s=-2 from qnm package,0.99962739076266,0.039785028669668425,0.092662621264777,2.3290826816827646
0.0231637065637065,3,3,0,0.6041822159509281,-0.0926538830545058,qnm,s=-2 from qnm package,0.9994634426982305,0.03978339710645071,0.0926538830545058,2.328958555414122
0.0270243243243243,3,3,0,0.6049835889485786,-0.0926449220843036,qnm,s=-2 from qnm package,0.9992696858948137,0.039781468550313254,0.0926449220843036,2.328846205542457
0.030884942084942,3,3,0,0.6057883296963658,-0.0926357360958089,qnm,s=-2 from qnm package,0.9990461203524098,0.039779242828556195,0.0926357360958089,2.328745584601947
0.0347455598455598,3,3,0,0.6065964640586999,-0.0926263228010124,qnm,s=-2 from qnm package,0.9987927460710186,0.0397767197417804,0.0926263228010124,2.3286566464584606
0.0386061776061776,3,3,0,0.6074080181954475,-0.0926166798817667,qnm,s=-2 from qnm package,0.9985095630506403,0.03977389906383156,0.0926166798817667,2.328579346297677
0.0424667953667953,3,3,0,0.6082230185664516,-0.0926068049892742,qnm,s=-2 from qnm package,0.9981965712912747,0.03977078054173678,0.0926068049892742,2.328513640613353
0.0463274131274131,3,3,0,0.609041491936144,-0.0925966957435698,qnm,s=-2 from qnm package,0.997853770792922,0.039767363895633547,0.0925966957435698,2.3284594871961555
0.0501880308880308,3,3,0,0.6098634653782332,-0.0925863497330045,qnm,s=-2 from qnm package,0.9974811615555821,0.039763648818691065,0.0925863497330045,2.328416845123225
0.0540486486486486,3,3,0,0.6106889662805073,-0.092575764513696,qnm,s=-2 from qnm package,0.997078743579255,0.03975963497702392,0.092575764513696,2.328385674747597
0.0579092664092664,3,3,0,0.6115180223496997,-0.0925649376089926,qnm,s=-2 from qnm package,0.9966465168639406,0.03975532200959805,0.0925649376089926,2.3283659376886656
0.0617698841698841,3,3,0,0.6123506616164829,-0.0925538665088981,qnm,s=-2 from qnm package,0.9961844814096391,0.03975070952812886,0.0925538665088981,2.3283575968223675
0.0656305019305019,3,3,0,0.6131869124405283,-0.0925425486695103,qnm,s=-2 from qnm package,0.9956926372163504,0.039745797116971585,0.0925425486695103,2.328360616272414
0.0694911196911197,3,3,0,0.614026803515696,-0.0925309815124351,qnm,s=-2 from qnm package,0.9951709842840745,0.039740584333003676,0.0925309815124351,2.3283749614016163
0.0733517374517374,3,3,0,0.6148703638752974,-0.0925191624241902,qnm,s=-2 from qnm package,0.9946195226128114,0.03973507070549922,0.0925191624241902,2.328400598803661
0.0772123552123552,3,3,0,0.615717622897493,-0.0925070887555912,qnm,s=-2 from qnm package,0.994038252202561,0.03972925573599533,0.0925070887555912,2.328437496295163
0.0810729729729729,3,3,0,0.616568610310767,-0.0924947578211391,qnm,s=-2 from qnm package,0.9934271730533236,0.039723138898150434,0.0924947578211391,2.32848562290846
0.0849335907335907,3,3,0,0.6174233561995424,-0.0924821668983743,qnm,s=-2 from qnm package,0.9927862851650989,0.039716719637594225,0.0924821668983743,2.3285449488843093
0.0887942084942084,3,3,0,0.6182818910098793,-0.0924693132272352,qnm,s=-2 from qnm package,0.9921155885378871,0.03970999737176943,0.0924693132272352,2.328615445665412
0.0926548262548262,3,3,0,0.619144245555315,-0.0924561940093985,qnm,s=-2 from qnm package,0.9914150831716879,0.039702971489765156,0.0924561940093985,2.3286970858902176
0.096515444015444,3,3,0,0.6200104510228,-0.0924428064075855,qnm,s=-2 from qnm package,0.9906847690665017,0.03969564135214166,0.0924428064075855,2.328789843386622
0.1003760617760617,3,3,0,0.6208805389787704,-0.092429147544887,qnm,s=-2 from qnm package,0.9899246462223282,0.039688006290746584,0.092429147544887,2.3288936931668753
0.1042366795366795,3,3,0,0.6217545413753391,-0.0924152145040549,qnm,s=-2 from qnm package,0.9891347146391676,0.03968006560852244,0.0924152145040549,2.3290086114224082
0.1080972972972973,3,3,0,0.6226324905566128,-0.0924010043267685,qnm,s=-2 from qnm package,0.9883149743170198,0.03967181857930525,0.0924010043267685,2.329134575518788
0.111957915057915,3,3,0,0.623514419265144,-0.0923865140129048,qnm,s=-2 from qnm package,0.9874654252558847,0.03966326444761426,0.0923865140129048,2.329271563991547
0.1158185328185328,3,3,0,0.6244003606485033,-0.0923717405197828,qnm,s=-2 from qnm package,0.9865860674557625,0.039654402428432545,0.0923717405197828,2.3294195565421374
0.1196791505791505,3,3,0,0.6252903482660117,-0.0923566807613893,qnm,s=-2 from qnm package,0.985676900916653,0.03964523170697833,0.0923566807613893,2.3295785340342134
0.1235397683397683,3,3,0,0.6261844160955934,-0.0923413316075938,qnm,s=-2 from qnm package,0.9847379256385563,0.03963575143846709,0.0923413316075938,2.329748478490435
0.1274003861003861,3,3,0,0.6270825985407745,-0.0923256898833334,qnm,s=-2 from qnm package,0.9837691416214726,0.039625960747863946,0.0923256898833334,2.329929373089339
0.1312610038610038,3,3,0,0.6279849304378455,-0.0923097523678071,qnm,s=-2 from qnm package,0.9827705488654015,0.039615858729626564,0.0923097523678071,2.3301212021632542
0.1351216216216216,3,3,0,0.6288914470631525,-0.0922935157936106,qnm,s=-2 from qnm package,0.9817421473703433,0.039605444447438146,0.0922935157936106,2.330323951195567
0.1389822393822394,3,3,0,0.6298021841405589,-0.0922769768458872,qnm,s=-2 from qnm package,0.9806839371362979,0.039594716933930386,0.0922769768458872,2.3305376068192363
0.1428428571428571,3,3,0,0.6307171778490663,-0.092260132161443,qnm,s=-2 from qnm package,0.9795959181632653,0.03958367519039636,0.092260132161443,2.3307621568152626
0.1467034749034749,3,3,0,0.6316364648305793,-0.0922429783278432,qnm,s=-2 from qnm package,0.9784780904512456,0.03957231818649295,0.0922429783278432,2.330997590111567
0.1505640926640926,3,3,0,0.6325600821978742,-0.092225511882493,qnm,s=-2 from qnm package,0.9773304540002385,0.0395606448599328,0.092225511882493,2.331243896782366
0.1544247104247104,3,3,0,0.6334880675426992,-0.0922077293116905,qnm,s=-2 from qnm package,0.9761530088102444,0.03954865411616552,0.0922077293116905,2.3315010680477384
0.1582853281853282,3,3,0,0.6344204589440802,-0.0921896270496638,qnm,s=-2 from qnm package,0.9749457548812629,0.039536344828047895,0.0921896270496638,2.33176909627373
0.1621459459459459,3,3,0,0.6353572949767926,-0.0921712014775797,qnm,s=-2 from qnm package,0.9737086922132944,0.03952371583550301,0.0921712014775797,2.3320479749726615
0.1660065637065637,3,3,0,0.6362986147200252,-0.0921524489225331,qnm,s=-2 from qnm package,0.9724418208063386,0.0395107659451679,0.0921524489225331,2.3323376988039177
0.1698671814671814,3,3,0,0.6372444577662308,-0.0921333656565104,qnm,s=-2 from qnm package,0.9711451406603957,0.03949749393002972,0.0921333656565104,2.3326382635750447
0.1737277992277992,3,3,0,0.6381948642301795,-0.0921139478953363,qnm,s=-2 from qnm package,0.9698186517754654,0.03948389852904991,0.0921139478953363,2.3329496662434264
0.1775884169884169,3,3,0,0.6391498747581987,-0.0920941917975823,qnm,s=-2 from qnm package,0.9684623541515481,0.0394699784467764,0.0920941917975823,2.3332719049179977
0.1814490347490347,3,3,0,0.6401095305376403,-0.0920740934634596,qnm,s=-2 from qnm package,0.9670762477886437,0.03945573235294333,0.0920740934634596,2.3336049788616084
0.1853096525096525,3,3,0,0.6410738733065405,-0.0920536489336813,qnm,s=-2 from qnm package,0.9656603326867519,0.03944115888205826,0.0920536489336813,2.3339488884936497
0.1891702702702702,3,3,0,0.6420429453635066,-0.0920328541882989,qnm,s=-2 from qnm package,0.964214608845873,0.03942625663297643,0.0920328541882989,2.334303635393118
0.193030888030888,3,3,0,0.6430167895778294,-0.0920117051455089,qnm,s=-2 from qnm package,0.9627390762660067,0.03941102416846182,0.0920117051455089,2.3346692223020207
0.1968915057915058,3,3,0,0.6439954493998187,-0.0919901976604323,qnm,s=-2 from qnm package,0.9612337349471535,0.039395460014734686,0.0919901976604323,2.335045653129222
0.2007521235521235,3,3,0,0.6449789688713771,-0.0919683275238653,qnm,s=-2 from qnm package,0.9596985848893129,0.039379562661005424,0.0919683275238653,2.3354329329547
0.2046127413127413,3,3,0,0.6459673926368219,-0.0919460904609955,qnm,s=-2 from qnm package,0.9581336260924852,0.03936333055899415,0.0919460904609955,2.335831068034122
0.2084733590733591,3,3,0,0.6469607659539472,-0.0919234821300911,qnm,s=-2 from qnm package,0.9565388585566703,0.03934676212243597,0.0919234821300911,2.336240065803923
0.2123339768339768,3,3,0,0.6479591347053504,-0.0919004981211526,qnm,s=-2 from qnm package,0.9549142822818681,0.03932985572657132,0.0919004981211526,2.3366599348866783
0.2161945945945946,3,3,0,0.6489625454100184,-0.0918771339545403,qnm,s=-2 from qnm package,0.9532598972680789,0.03931260970762127,0.0918771339545403,2.3370906850971203
0.2200552123552123,3,3,0,0.6499710452351823,-0.0918533850795524,qnm,s=-2 from qnm package,0.9515757035153024,0.0392950223622472,0.0918533850795524,2.3375323274481907
0.2239158301158301,3,3,0,0.6509846820084552,-0.0918292468729878,qnm,s=-2 from qnm package,0.9498617010235387,0.039277091946994656,0.0918292468729878,2.337984874158033
0.2277764478764478,3,3,0,0.6520035042302533,-0.091804714637653,qnm,s=-2 from qnm package,0.9481178897927879,0.03925881667772073,0.091804714637653,2.3384483386569297
0.2316370656370656,3,3,0,0.6530275610865196,-0.0917797836008406,qnm,s=-2 from qnm package,0.9463442698230498,0.03924019472900496,0.0917797836008406,2.3389227355948936
0.2354976833976834,3,3,0,0.654056902461732,-0.0917544489127754,qnm,s=-2 from qnm package,0.9445408411143245,0.03922122423354281,0.0917544489127754,2.339408080849885
0.2393583011583011,3,3,0,0.6550915789522465,-0.091728705645005,qnm,s=-2 from qnm package,0.942707603666612,0.03920190328152171,0.091728705645005,2.3399043915360718
0.2432189189189189,3,3,0,0.656131641879946,-0.0917025487887659,qnm,s=-2 from qnm package,0.9408445574799124,0.039182229919979,0.0917025487887659,2.34041168601297
0.2470795366795367,3,3,0,0.6571771433062216,-0.091675973253297,qnm,s=-2 from qnm package,0.9389517025542254,0.03916220215214129,0.091675973253297,2.3409299838947994
0.2509401544401544,3,3,0,0.6582281360462992,-0.0916489738641058,qnm,s=-2 from qnm package,0.9370290388895515,0.039141817936744816,0.0916489738641058,2.341459306060215
0.2548007722007722,3,3,0,0.6592846736839112,-0.0916215453612137,qnm,s=-2 from qnm package,0.9350765664858902,0.0391210751873362,0.0916215453612137,2.3419996746631417
0.25866138996139,3,3,0,0.660346810586329,-0.0915936823973127,qnm,s=-2 from qnm package,0.9330942853432418,0.039099971771553214,0.0915936823973127,2.3425511131430214
0.2625220077220077,3,3,0,0.6614146019197735,-0.0915653795359241,qnm,s=-2 from qnm package,0.9310821954616062,0.03907850551038478,0.0915653795359241,2.3431136462368394
0.2663826254826255,3,3,0,0.6624881036651923,-0.0915366312494649,qnm,s=-2 from qnm package,0.9290402968409833,0.03905667417740984,0.0915366312494649,2.343687299990565
0.2702432432432433,3,3,0,0.663567372634446,-0.0915074319172905,qnm,s=-2 from qnm package,0.9269685894813733,0.0390344754980144,0.0915074319172905,2.3442721017718116
0.274103861003861,3,3,0,0.6646524664868932,-0.0914777758236752,qnm,s=-2 from qnm package,0.9248670733827761,0.03901190714858609,0.0914777758236752,2.3448680802827817
0.2779644787644788,3,3,0,0.6657434437463973,-0.091447657155735,qnm,s=-2 from qnm package,0.9227357485451916,0.03898896675568576,0.091447657155735,2.345475265573669
0.2818250965250965,3,3,0,0.6668403638187494,-0.0914170700013048,qnm,s=-2 from qnm package,0.92057461496862,0.03896565189519523,0.0914170700013048,2.3460936890568806
0.2856857142857143,3,3,0,0.6679432870095648,-0.0913860083467527,qnm,s=-2 from qnm package,0.9183836726530612,0.03894196009144071,0.0913860083467527,2.3467233835216987
0.289546332046332,3,3,0,0.6690522745425995,-0.0913544660747232,qnm,s=-2 from qnm package,0.9161629215985152,0.03891788881629101,0.0913544660747232,2.347364383149228
0.2934069498069498,3,3,0,0.6701673885785673,-0.091322436961849,qnm,s=-2 from qnm package,0.913912361804982,0.038893435488229954,0.091322436961849,2.348016723528711
0.2972675675675675,3,3,0,0.6712886922344319,-0.0912899146763613,qnm,s=-2 from qnm package,0.9116319932724617,0.03886859747140204,0.0912899146763613,2.3486804416734812
0.3011281853281853,3,3,0,0.6724162496032037,-0.0912568927756703,qnm,s=-2 from qnm package,0.9093218160009541,0.0388433720746307,0.0912568927756703,2.3493555760384615
0.3049888030888031,3,3,0,0.6735501257742459,-0.0912233647038499,qnm,s=-2 from qnm package,0.9069818299904593,0.038817756550408325,0.0912233647038499,2.3500421665375795
0.3088494208494208,3,3,0,0.6746903868541261,-0.0911893237890717,qnm,s=-2 from qnm package,0.9046120352409773,0.03879174809385707,0.0911893237890717,2.3507402545623393
0.3127100386100386,3,3,0,0.6758370999880141,-0.0911547632409585,qnm,s=-2 from qnm package,0.9022124317525082,0.03876534384165964,0.0911547632409585,2.3514498830008557
0.3165706563706564,3,3,0,0.6769903333816428,-0.0911196761478566,qnm,s=-2 from qnm package,0.8997830195250518,0.03873854087095915,0.0911196761478566,2.3521710962574134
0.3204312741312741,3,3,0,0.6781501563238593,-0.091084055474051,qnm,s=-2 from qnm package,0.8973237985586082,0.038711336198226975,0.091084055474051,2.3529039402732566
0.3242918918918919,3,3,0,0.6793166392097921,-0.0910478940568806,qnm,s=-2 from qnm package,0.8948347688531775,0.03868372677809775,0.0910478940568806,2.353648462547585
0.3281525096525097,3,3,0,0.6804898535646206,-0.0910111846037753,qnm,s=-2 from qnm package,0.8923159304087596,0.03865570950217028,0.0910111846037753,2.3544047121594183
0.3320131274131274,3,3,0,0.6816698720680162,-0.0909739196892231,qnm,s=-2 from qnm package,0.8897672832253545,0.03862728119777349,0.0909739196892231,2.3551727397906252
0.3358737451737452,3,3,0,0.6828567685792352,-0.0909360917516207,qnm,s=-2 from qnm package,0.8871888273029621,0.03859843862669608,0.0909360917516207,2.355952597749019
0.3397343629343629,3,3,0,0.6840506181628984,-0.0908976930900691,qnm,s=-2 from qnm package,0.8845805626415826,0.038569178483878905,0.0908976930900691,2.3567443399931998
0.3435949806949807,3,3,0,0.6852514971155002,-0.0908587158610318,qnm,s=-2 from qnm package,0.8819424892412159,0.038539497396068684,0.0908587158610318,2.357548022157135
0.3474555984555985,3,3,0,0.6864594829926284,-0.0908191520749402,qnm,s=-2 from qnm package,0.8792746071018619,0.03850939192043193,0.0908191520749402,2.3583637015767644
0.3513162162162162,3,3,0,0.6876746546369759,-0.0907789935926556,qnm,s=-2 from qnm package,0.8765769162235209,0.038478858543127645,0.0907789935926556,2.359191437316396
0.3551768339768339,3,3,0,0.6888970922071072,-0.0907382321218596,qnm,s=-2 from qnm package,0.8738494166061925,0.038447893677837526,0.0907382321218596,2.360031290196886
0.3590374517374518,3,3,0,0.6901268772070631,-0.0906968592133199,qnm,s=-2 from qnm package,0.871092108249877,0.038416493664252135,0.0906968592133199,2.3608833228243427
0.3628980694980695,3,3,0,0.6913640925167931,-0.0906548662570455,qnm,s=-2 from qnm package,0.8683049911545743,0.038384654766511664,0.0906548662570455,2.3617475996198483
0.3667586872586872,3,3,0,0.692608822423469,-0.0906122444783205,qnm,s=-2 from qnm package,0.8654880653202844,0.03835237317159968,0.0906122444783205,2.3626241868500535
0.370619305019305,3,3,0,0.6938611526536772,-0.0905689849336317,qnm,s=-2 from qnm package,0.8626413307470073,0.03831964498768822,0.0905689849336317,2.3635131526591846
0.3744799227799228,3,3,0,0.6951211704065805,-0.0905250785064571,qnm,s=-2 from qnm package,0.859764787434743,0.03828646624243267,0.0905250785064571,2.364414567101747
0.3783405405405405,3,3,0,0.6963889643880066,-0.0904805159029321,qnm,s=-2 from qnm package,0.8568584353834916,0.038252832881214435,0.0904805159029321,2.3653285021765313
0.3822011583011583,3,3,0,0.697664624845556,-0.0904352876473714,qnm,s=-2 from qnm package,0.8539222745932529,0.03821874076532998,0.0904352876473714,2.3662550318614763
0.3860617760617761,3,3,0,0.6989482436047443,-0.0903893840776687,qnm,s=-2 from qnm package,0.850956305064027,0.038184185670123875,0.0903893840776687,2.3671942321501773
0.3899223938223938,3,3,0,0.7002399141062046,-0.0903427953405379,qnm,s=-2 from qnm package,0.847960526795814,0.03814916328306424,0.0903427953405379,2.368146181089226
0.3937830115830116,3,3,0,0.7015397314440139,-0.0902955113865962,qnm,s=-2 from qnm package,0.8449349397886138,0.0381136692017583,0.0902955113865962,2.3691109588165964
0.3976436293436293,3,3,0,0.7028477924051613,-0.0902475219653242,qnm,s=-2 from qnm package,0.8418795440424264,0.03807769893190605,0.0902475219653242,2.3700886476021803
0.4015042471042471,3,3,0,0.7041641955102064,-0.0901988166198241,qnm,s=-2 from qnm package,0.8387943395572517,0.03804124788518963,0.0901988166198241,2.3710793318886014
0.4053648648648649,3,3,0,0.7054890410551844,-0.0901493846814331,qnm,s=-2 from qnm package,0.8356793263330898,0.03800431137709618,0.0901493846814331,2.3720830983340186
0.4092254826254826,3,3,0,0.706822431154776,-0.0900992152641632,qnm,s=-2 from qnm package,0.8325345043699408,0.037966884624671716,0.0900992152641632,2.3731000358563725
0.4130861003861004,3,3,0,0.7081644697868253,-0.0900482972589471,qnm,s=-2 from qnm package,0.8293598736678046,0.037928962744203425,0.0900482972589471,2.3741302356787735
0.4169467181467182,3,3,0,0.7095152628382185,-0.0899966193277035,qnm,s=-2 from qnm package,0.8261554342266811,0.03789054074882774,0.0899966193277035,2.37517379137662
0.4208073359073359,3,3,0,0.71087491815221,-0.0899441698972077,qnm,s=-2 from qnm package,0.8229211860465706,0.03785161354606138,0.0899441698972077,2.3762307989263185
0.4246679536679537,3,3,0,0.7122435455772202,-0.0898909371527534,qnm,s=-2 from qnm package,0.8196571291274728,0.037812175935252566,0.0898909371527534,2.377301356755495
0.4285285714285714,3,3,0,0.7136212570171776,-0.0898369090316114,qnm,s=-2 from qnm package,0.8163632634693878,0.03777222260494911,0.0898369090316114,2.3783855657951274
0.4323891891891892,3,3,0,0.7150081664834704,-0.0897820732162547,qnm,s=-2 from qnm package,0.8130395890723155,0.03773174813018052,0.0897820732162547,2.3794835295330685
0.436249806949807,3,3,0,0.7164043901485476,-0.0897264171273674,qnm,s=-2 from qnm package,0.8096861059362561,0.03769074696965055,0.0897264171273674,2.3805953540697176
0.4401104247104247,3,3,0,0.7178100464012506,-0.0896699279166136,qnm,s=-2 from qnm package,0.8063028140612096,0.0376492134628368,0.0896699279166136,2.3817211481755387
0.4439710424710425,3,3,0,0.7192252559039574,-0.0896125924591482,qnm,s=-2 from qnm package,0.8028897134471757,0.03760714182699374,0.0896125924591482,2.382861023350247
0.4478316602316602,3,3,0,0.720650141651551,-0.0895543973458768,qnm,s=-2 from qnm package,0.7994468040941548,0.03756452615405535,0.0895543973458768,2.3840150938842277
0.451692277992278,3,3,0,0.722084829032378,-0.0894953288754582,qnm,s=-2 from qnm package,0.7959740860021467,0.03752136040743332,0.0894953288754582,2.385183476922345
0.4555528957528957,3,3,0,0.7235294458911843,-0.0894353730459969,qnm,s=-2 from qnm package,0.7924715591711513,0.037477638418706695,0.0894353730459969,2.386366292529144
0.4594135135135135,3,3,0,0.7249841225941679,-0.0893745155464754,qnm,s=-2 from qnm package,0.7889392236011687,0.03743335388419864,0.0893745155464754,2.387563663757154
0.4632741312741313,3,3,0,0.7264489920962074,-0.0893127417478675,qnm,s=-2 from qnm package,0.785377079292199,0.03738850036143554,0.0893127417478675,2.3887757167171473
0.467134749034749,3,3,0,0.7279241900103769,-0.089250036693928,qnm,s=-2 from qnm package,0.7817851262442421,0.03734307126548389,0.089250036693928,2.39000258065066
0.4709953667953668,3,3,0,0.7294098546797971,-0.0891863850916689,qnm,s=-2 from qnm package,0.7781633644572978,0.0372970598651597,0.0891863850916689,2.391244388005516
0.4748559845559846,3,3,0,0.7309061272519841,-0.0891217713014762,qnm,s=-2 from qnm package,0.7745117939313665,0.03725045927910531,0.0891217713014762,2.3925012745135943
0.4787166023166023,3,3,0,0.7324131517557376,-0.0890561793268752,qnm,s=-2 from qnm package,0.7708304146664481,0.0372032624717279,0.0890561793268752,2.393773379271568
0.4825772200772201,3,3,0,0.7339310751807238,-0.0889895928039115,qnm,s=-2 from qnm package,0.7671192266625423,0.037155462248994055,0.0889895928039115,2.395060844824257
0.4864378378378378,3,3,0,0.7354600475598266,-0.0889219949901551,qnm,s=-2 from qnm package,0.7633782299196494,0.03710705125407407,0.0889219949901551,2.396363817251368
0.4902984555984556,3,3,0,0.7370002220544134,-0.0888533687532784,qnm,s=-2 from qnm package,0.7596074244377693,0.03705802196282974,0.0888533687532784,2.397682446256869
0.4941590733590734,3,3,0,0.7385517550426405,-0.088783696559211,qnm,s=-2 from qnm package,0.755806810216902,0.0370083666791388,0.088783696559211,2.399016885261715
0.4980196911196911,3,3,0,0.7401148062109,-0.0887129604598579,qnm,s=-2 from qnm package,0.7519763872570475,0.036958077530048955,0.0887129604598579,2.400367291500197
0.5018803088803089,3,3,0,0.7416895386485882,-0.0886411420803384,qnm,s=-2 from qnm package,0.7481161555582058,0.03690714646075395,0.0886411420803384,2.4017338261194743
0.5057409266409266,3,3,0,0.7432761189462935,-0.0885682226057406,qnm,s=-2 from qnm package,0.7442261151203768,0.036855565229384046,0.0885682226057406,2.4031166542828464
0.5096015444015445,3,3,0,0.7448747172976065,-0.0884941827673615,qnm,s=-2 from qnm package,0.7403062659435606,0.036803325401602416,0.0884941827673615,2.4045159452767404
0.5134621621621622,3,3,0,0.7464855076046676,-0.0884190028284204,qnm,s=-2 from qnm package,0.7363566080277575,0.036750418344998835,0.0884190028284204,2.4059318726218764
0.51732277992278,3,3,0,0.7481086675876576,-0.0883426625692036,qnm,s=-2 from qnm package,0.7323771413729669,0.036696835223271676,0.0883426625692036,2.4073646141883156
0.5211833976833977,3,3,0,0.7497443788983668,-0.088265141271627,qnm,s=-2 from qnm package,0.7283678659791892,0.0366425669901883,0.088265141271627,2.4088143523149337
0.5250440154440155,3,3,0,0.7513928272380881,-0.0881864177031876,qnm,s=-2 from qnm package,0.7243287818464245,0.0365876043833139,0.0881864177031876,2.410281273933469
0.5289046332046332,3,3,0,0.753054202479968,-0.0881064701002649,qnm,s=-2 from qnm package,0.7202598889746724,0.03653193791749796,0.0881064701002649,2.4117655706970837
0.532765250965251,3,3,0,0.7547286987960717,-0.0880252761507549,qnm,s=-2 from qnm package,0.7161611873639331,0.036475557878107134,0.0880252761507549,2.413267439114022
0.5366258687258687,3,3,0,0.7564165147893641,-0.0879428129759884,qnm,s=-2 from qnm package,0.7120326770142067,0.03641845431399246,0.0879428129759884,2.414787080686167
0.5404864864864866,3,3,0,0.7581178536308262,-0.0878590571119237,qnm,s=-2 from qnm package,0.7078743579254929,0.036360617030178524,0.0878590571119237,2.4163247020533944
0.5443471042471043,3,3,0,0.7598329232019789,-0.0877739844895357,qnm,s=-2 from qnm package,0.7036862300977922,0.0363020355802611,0.0877739844895357,2.417880515142848
0.548207722007722,3,3,0,0.7615619362430482,-0.0876875704144192,qnm,s=-2 from qnm package,0.6994682935311041,0.03624269925849938,0.0876875704144192,2.419454737324934
0.5520683397683398,3,3,0,0.7633051105070594,-0.0875997895455057,qnm,s=-2 from qnm package,0.695220548225429,0.036182597091587734,0.0875997895455057,2.4210475915746854
0.5559289575289575,3,3,0,0.7650626689201415,-0.0875106158728974,qnm,s=-2 from qnm package,0.6909429941807665,0.03612171783009158,0.0875106158728974,2.422659306640055
0.5597895752895753,3,3,0,0.766834839748352,-0.0874200226947488,qnm,s=-2 from qnm package,0.6866356313971169,0.036060049939530506,0.0874200226947488,2.4242901172168203
0.563650193050193,3,3,0,0.7686218567713405,-0.0873279825931507,qnm,s=-2 from qnm package,0.6822984598744801,0.035997581591091114,0.0873279825931507,2.425940264130497
0.5675108108108109,3,3,0,0.7704239594631987,-0.0872344674089654,qnm,s=-2 from qnm package,0.6779314796128559,0.03593430065195112,0.0872344674089654,2.4276099945256298
0.5713714285714286,3,3,0,0.7722413931808533,-0.0871394482155687,qnm,s=-2 from qnm package,0.6735346906122448,0.035870194675194735,0.0871394482155687,2.4292995620630995
0.5752320463320464,3,3,0,0.7740744093603973,-0.087042895291416,qnm,s=-2 from qnm package,0.6691080928726465,0.0358052508892986,0.087042895291416,2.4310092271251533
0.5790926640926641,3,3,0,0.7759232657217414,-0.0869447780914102,qnm,s=-2 from qnm package,0.6646516863940608,0.035739456187165904,0.0869447780914102,2.4327392570296635
0.5829532818532819,3,3,0,0.777788226482054,-0.0868450652169523,qnm,s=-2 from qnm package,0.6601654711764882,0.035672797114685406,0.0868450652169523,2.43448992625254
0.5868138996138996,3,3,0,0.7796695625784217,-0.0867437243846588,qnm,s=-2 from qnm package,0.6556494472199281,0.03560525985879007,0.0867437243846588,2.4362615166602666
0.5906745173745174,3,3,0,0.7815675519002152,-0.0866407223936381,qnm,s=-2 from qnm package,0.6511036145243809,0.03553683023498887,0.0866407223936381,2.4380543177521035
0.5945351351351351,3,3,0,0.7834824795317016,-0.0865360250912539,qnm,s=-2 from qnm package,0.6465279730898466,0.03546749367434367,0.0865360250912539,2.4398686269126477
0.598395752895753,3,3,0,0.7854146380054319,-0.0864295973373067,qnm,s=-2 from qnm package,0.641922522916325,0.035397235209860954,0.0864295973373067,2.4417047496757363
0.6022563706563707,3,3,0,0.7873643275669981,-0.0863214029665087,qnm,s=-2 from qnm package,0.6372872640038162,0.03532603946226654,0.0863214029665087,2.443562999999272
0.6061169884169885,3,3,0,0.7893318564517776,-0.086211404749208,qnm,s=-2 from qnm package,0.6326221963523202,0.03525389062512928,0.086211404749208,2.4454437005530325
0.6099776061776062,3,3,0,0.7913175411743291,-0.0860995643502097,qnm,s=-2 from qnm package,0.6279273199618371,0.035180772449297584,0.0860995643502097,2.447347183018682
0.613838223938224,3,3,0,0.7933217068311599,-0.085985842285618,qnm,s=-2 from qnm package,0.6232026348323668,0.035106668226609974,0.085985842285618,2.4492737884036195
0.6176988416988417,3,3,0,0.7953446874175922,-0.0858701978775689,qnm,s=-2 from qnm package,0.6184481409639093,0.035031560772838616,0.0858701978775689,2.4512238673689795
0.6215594594594595,3,3,0,0.7973868261595574,-0.0857525892067382,qnm,s=-2 from qnm package,0.6136638383564645,0.03495543240982184,0.0857525892067382,2.4531977805728213
0.6254200772200773,3,3,0,0.7994484758611552,-0.0856329730624812,qnm,s=-2 from qnm package,0.6088497270100326,0.03487826494673867,0.0856329730624812,2.4551958990290426
0.629280694980695,3,3,0,0.8015299992689229,-0.0855113048904775,qnm,s=-2 from qnm package,0.6040058069246135,0.034800039660475166,0.0855113048904775,2.457218604483335
0.6331413127413128,3,3,0,0.8036317694537626,-0.0853875387377068,qnm,s=-2 from qnm package,0.5991320781002072,0.03472073727502899,0.0853875387377068,2.4592662898065005
0.6370019305019305,3,3,0,0.805754170211593,-0.0852616271946288,qnm,s=-2 from qnm package,0.5942285405368136,0.03464033793989478,0.0852616271946288,2.461339359407179
0.6408625482625483,3,3,0,0.8078975964838486,-0.0851335213343415,qnm,s=-2 from qnm package,0.5892951942344329,0.03455882120736878,0.0851335213343415,2.4634382296636024
0.644723166023166,3,3,0,0.8100624547990237,-0.0850031706485947,qnm,s=-2 from qnm package,0.5843320391930651,0.03447616600870691,0.0850031706485947,2.4655633293773804
0.6485837837837838,3,3,0,0.8122491637365458,-0.0848705229803928,qnm,s=-2 from qnm package,0.57933907541271,0.034392350629065684,0.0848705229803928,2.4677151002486863
0.6524444015444015,3,3,0,0.8144581544143831,-0.0847355244530162,qnm,s=-2 from qnm package,0.5743163028933678,0.03430735268115001,0.0847355244530162,2.469893997375486
0.6563050193050194,3,3,0,0.8166898710018217,-0.084598119395228,qnm,s=-2 from qnm package,0.5692637216350381,0.03422114907748672,0.084598119395228,2.4721004897782084
0.6601656370656371,3,3,0,0.8189447712590797,-0.0844582502623684,qnm,s=-2 from qnm package,0.5641813316377216,0.034133716001236006,0.0844582502623684,2.4743350609500037
0.6640262548262549,3,3,0,0.8212233271053955,-0.0843158575531446,qnm,s=-2 from qnm package,0.5590691329014177,0.03404502887544711,0.0843158575531446,2.4765982094364514
0.6678868725868726,3,3,0,0.8235260252174912,-0.0841708797217571,qnm,s=-2 from qnm package,0.5539271254261265,0.033955062330656476,0.0841708797217571,2.478890449444502
0.6717474903474904,3,3,0,0.8258533676603748,-0.0840232530850869,qnm,s=-2 from qnm package,0.5487553092118483,0.033863790170719665,0.0840232530850869,2.4812123114835987
0.6756081081081081,3,3,0,0.8282058725526186,-0.0838729117246081,qnm,s=-2 from qnm package,0.5435536842585829,0.033771185336759144,0.0838729117246081,2.4835643430411194
0.6794687258687259,3,3,0,0.8305840747684404,-0.0837197873826321,qnm,s=-2 from qnm package,0.5383222505663303,0.03367721986910106,0.0837197873826321,2.485947109293461
0.6833293436293437,3,3,0,0.8329885266790668,-0.0835638093525263,qnm,s=-2 from qnm package,0.5330610081350903,0.03358186486706393,0.0835638093525263,2.488361193856245
0.6871899613899615,3,3,0,0.8354197989360694,-0.0834049043624553,qnm,s=-2 from qnm package,0.5277699569648633,0.03348509044645089,0.0834049043624553,2.490807199575459
0.6910505791505792,3,3,0,0.8378784812996225,-0.0832429964521929,qnm,s=-2 from qnm package,0.522449097055649,0.03338686569458525,0.0832429964521929,2.4932857493626126
0.694911196911197,3,3,0,0.8403651835147894,-0.08307800684251,qnm,s=-2 from qnm package,0.5170984284074476,0.033287158622715494,0.08307800684251,2.4957974870770956
0.6987718146718147,3,3,0,0.8428805362392953,-0.0829098537965672,qnm,s=-2 from qnm package,0.511717951020259,0.03318593611560162,0.0829098537965672,2.4983430784581366
0.7026324324324325,3,3,0,0.8454251920264789,-0.0827384524727725,qnm,s=-2 from qnm package,0.5063076648940832,0.03308316387807821,0.0827384524727725,2.5009232121114393
0.7064930501930502,3,3,0,0.8479998263674565,-0.0825637147683979,qnm,s=-2 from qnm package,0.5008675700289202,0.032978806378372576,0.0825637147683979,2.503538600552353
0.7103536679536679,3,3,0,0.8506051387968874,-0.0823855491533195,qnm,s=-2 from qnm package,0.4953976664247701,0.0328728267879363,0.0823855491533195,2.5061899813116595
0.7142142857142858,3,3,0,0.8532418540670684,-0.0822038604930731,qnm,s=-2 from qnm package,0.4898979540816325,0.03276518691752773,0.0822038604930731,2.508878118107062
0.7180749034749035,3,3,0,0.8559107233956056,-0.0820185498604106,qnm,s=-2 from qnm package,0.48436843299950794,0.03265584714925904,0.0820185498604106,2.5116038020857654
0.7219355212355213,3,3,0,0.8586125257922703,-0.0818295143344528,qnm,s=-2 from qnm package,0.4788091031783962,0.032544766364295444,0.0818295143344528,2.5143678531435762
0.725796138996139,3,3,0,0.8613480694712465,-0.0816366467864514,qnm,s=-2 from qnm package,0.4732199646182972,0.03243190186586576,0.0816366467864514,2.5171711213264714
0.7296567567567568,3,3,0,0.8641181933555138,-0.0814398356510446,qnm,s=-2 from qnm package,0.4676010173192111,0.03231720929721101,0.0814398356510446,2.520014488320094
0.7335173745173745,3,3,0,0.8669237686807681,-0.0812389646818586,qnm,s=-2 from qnm package,0.46195226128113775,0.0322006425540631,0.0812389646818586,2.522898869035388
0.7373779922779923,3,3,0,0.8697657007069626,-0.0810339126901091,qnm,s=-2 from qnm package,0.4562736965040771,0.0320821536912058,0.0810339126901091,2.5258252132967525
0.7412386100386101,3,3,0,0.8726449305463657,-0.0808245532647936,qnm,s=-2 from qnm package,0.4505653229880292,0.031961692822626876,0.0808245532647936,2.528794507641813
0.7450992277992279,3,3,0,0.8755624371179045,-0.0806107544728777,qnm,s=-2 from qnm package,0.44482714073299434,0.031839208014721614,0.0806107544728777,2.5318077772413625
0.7489598455598456,3,3,0,0.8785192392385003,-0.0803923785377501,qnm,s=-2 from qnm package,0.4390591497389722,0.03171464517195366,0.0803923785377501,2.5348660879499234
0.7528204633204634,3,3,0,0.8815163978632772,-0.0801692814940109,qnm,s=-2 from qnm package,0.4332613500059629,0.03158794791431847,0.0801692814940109,2.5379705484974235
0.7566810810810811,3,3,0,0.8845550184876322,-0.0799413128164718,qnm,s=-2 from qnm package,0.4274337415339663,0.03145905744588706,0.0799413128164718,2.5411223128340508
0.7605416988416989,3,3,0,0.8876362537256359,-0.079708315021056,qnm,s=-2 from qnm package,0.42157632432298264,0.031327912413631524,0.079708315021056,2.5443225826427236
0.7644023166023166,3,3,0,0.8907613060806806,-0.0794701232349254,qnm,s=-2 from qnm package,0.4156890983730117,0.031194448755648488,0.0794701232349254,2.5475726100316316
0.7682629343629344,3,3,0,0.8939314309260665,-0.079226564733028,qnm,s=-2 from qnm package,0.4097720636840536,0.031058599537800866,0.079226564733028,2.5508737004256345
0.7721235521235522,3,3,0,0.897147939715155,-0.0789774584377991,qnm,s=-2 from qnm package,0.4038252202561081,0.030920294777689702,0.0789774584377991,2.554227215672752
0.77598416988417,3,3,0,0.9004122034428782,-0.078722614378464,qnm,s=-2 from qnm package,0.3978485680891757,0.030779461254746135,0.078722614378464,2.55763457738641
0.7798447876447877,3,3,0,0.9037256563829398,-0.0784618331059551,qnm,s=-2 from qnm package,0.39184210718325596,0.03063602230509496,0.0784618331059551,2.5610972705456745
0.7837054054054055,3,3,0,0.9070898001277944,-0.078194905058986,qnm,s=-2 from qnm package,0.3858058375383491,0.030489897599684814,0.078194905058986,2.5646168473781406
0.7875660231660232,3,3,0,0.9105062079617152,-0.0779216098762955,qnm,s=-2 from qnm package,0.379739759154455,0.030341002904001924,0.0779216098762955,2.5681949315530956
0.791426640926641,3,3,0,0.9139765296008948,-0.07764171564946,qnm,s=-2 from qnm package,0.3736438720315738,0.03018924981748167,0.07764171564946,2.5718332227155924
0.7952872586872587,3,3,0,0.9175024963386716,-0.0773549781100034,qnm,s=-2 from qnm package,0.3675181761697053,0.030034545490501146,0.0773549781100034,2.5755335013965173
0.7991478764478764,3,3,0,0.9210859266387053,-0.0770611397437111,qnm,s=-2 from qnm package,0.3613626715688496,0.029876792316571317,0.0770611397437111,2.579297634337028
0.8030084942084943,3,3,0,0.9247287322243608,-0.076759928824158,qnm,s=-2 from qnm package,0.35517735822900653,0.029715887597044185,0.076759928824158,2.583127580271008
0.806869111969112,3,3,0,0.9284329247188132,-0.0764510583564152,qnm,s=-2 from qnm package,0.3489622361501765,0.029551723175302268,0.0764510583564152,2.5870253962147585
0.8107297297297298,3,3,0,0.9322006228975696,-0.0761342249206951,qnm,s=-2 from qnm package,0.34271730533235933,0.029384185036995653,0.0761342249206951,2.590993244319678
0.8145903474903475,3,3,0,0.936034060623396,-0.0758091074042835,qnm,s=-2 from qnm package,0.33644256577555487,0.029213152872428608,0.0758091074042835,2.595033399350475
0.8184509652509653,3,3,0,0.939935595543278,-0.0754753656084981,qnm,s=-2 from qnm package,0.33013801747976323,0.029038499596659894,0.0754753656084981,2.599148256860335
0.822311583011583,3,3,0,0.9439077186382068,-0.0751326387155385,qnm,s=-2 from qnm package,0.32380366044498443,0.028860090822256608,0.0751326387155385,2.603340342144626
0.8261722007722008,3,3,0,0.9479530647295882,-0.0747805435978677,qnm,s=-2 from qnm package,0.31743949467121835,0.028677784278913415,0.0747805435978677,2.607612320065234
0.8300328185328186,3,3,0,0.9520744240612964,-0.0744186729502277,qnm,s=-2 from qnm package,0.311045520158465,0.028491429173298312,0.0744186729502277,2.6119670058521187
0.8338934362934364,3,3,0,0.9562747550942458,-0.0740465932213481,qnm,s=-2 from qnm package,0.30462173690672456,0.028300865481487462,0.0740465932213481,2.616407377003521
0.8377540540540541,3,3,0,0.9605571986713024,-0.0736638423188499,qnm,s=-2 from qnm package,0.29816814491599697,0.02810592316517713,0.0736638423188499,2.6209365864245453
0.8416146718146719,3,3,0,0.9649250937352096,-0.0732699270566665,qnm,s=-2 from qnm package,0.2916847441862822,0.02790642130147261,0.0732699270566665,2.625557976966401
0.8454752895752896,3,3,0,0.9693819948114688,-0.0728643203092816,qnm,s=-2 from qnm package,0.28517153471758017,0.027702167114408625,0.0728643203092816,2.6302750975530342
0.8493359073359074,3,3,0,0.9739316915032188,-0.0724464578311644,qnm,s=-2 from qnm package,0.27862851650989096,0.02749295489439693,0.0724464578311644,2.635091721113215
0.8531965250965251,3,3,0,0.9785782302867626,-0.0720157346926446,qnm,s=-2 from qnm package,0.2720556895632146,0.02727856478945581,0.0720157346926446,2.6400118645714596
0.8570571428571429,3,3,0,0.9833259389466256,-0.0715715012749583,qnm,s=-2 from qnm package,0.265453053877551,0.027058761449266278,0.0715715012749583,2.645039811195757
0.8609177606177607,3,3,0,0.9881794540493198,-0.0711130587568517,qnm,s=-2 from qnm package,0.2588206094529001,0.026833292499711274,0.0711130587568517,2.650180135651146
0.8647783783783785,3,3,0,0.9931437519282308,-0.070639654012632,qnm,s=-2 from qnm package,0.2521583562892621,0.02660188682144993,0.070639654012632,2.655437732171428
0.8686389961389962,3,3,0,0.9982241837409715,-0.0701504738263652,qnm,s=-2 from qnm package,0.24546629438663692,0.02636425260108078,0.0701504738263652,2.660817846339761
0.872499613899614,3,3,0,1.0034265152695172,-0.0696446383081546,qnm,s=-2 from qnm package,0.23874442374502458,0.026120075117331342,0.0696446383081546,2.666326111058677
0.8763602316602317,3,3,0,1.008756972267418,-0.0691211933755544,qnm,s=-2 from qnm package,0.23199274436442507,0.025869014217182826,0.0691211933755544,2.671968587409196
0.8802208494208494,3,3,0,1.014222292324205,-0.0685791021345958,qnm,s=-2 from qnm package,0.2252112562448383,0.025610701427518836,0.0685791021345958,2.6777518112372816
0.8840814671814672,3,3,0,1.0198297844235853,-0.0680172349594422,qnm,s=-2 from qnm package,0.21839995938626433,0.025344736636276823,0.0680172349594422,2.6836828464844538
0.887942084942085,3,3,0,1.025587397630879,-0.0674343580250466,qnm,s=-2 from qnm package,0.21155885378870298,0.025070684262522798,0.0674343580250466,2.6897693464973207
0.8918027027027028,3,3,0,1.0315038006718025,-0.0668291199909205,qnm,s=-2 from qnm package,0.2046879394521547,0.02478806881648741,0.0668291199909205,2.6960196248313677
0.8956633204633205,3,3,0,1.0375884745801989,-0.0662000364623203,qnm,s=-2 from qnm package,0.19778721637661922,0.024496369727214813,0.0662000364623203,2.7024427374140187
0.8995239382239383,3,3,0,1.0438518211248151,-0.0655454717631197,qnm,s=-2 from qnm package,0.19085668456209648,0.024195015285488803,0.0655454717631197,2.709048578383467
0.903384555984556,3,3,0,1.0503052904136856,-0.0648636174354875,qnm,s=-2 from qnm package,0.18389634400858657,0.023883375510918976,0.0648636174354875,2.7158479925014465
0.9072451737451738,3,3,0,1.0569615319727006,-0.064152466725796,qnm,s=-2 from qnm package,0.17690619471608948,0.023560753701458517,0.064152466725796,2.7228529077923627
0.9111057915057916,3,3,0,1.0638345747780946,-0.0634097841109288,qnm,s=-2 from qnm package,0.169886236684605,0.023226376356926898,0.0634097841109288,2.7300764930564747
0.9149664092664092,3,3,0,1.0709400432975489,-0.062633068645487,qnm,s=-2 from qnm package,0.16283646991413392,0.022879381079280746,0.062633068645487,2.7375333462235414
0.9188270270270272,3,3,0,1.0782954187154203,-0.0618195095414792,qnm,s=-2 from qnm package,0.15575689440467455,0.02251880193271906,0.0618195095414792,2.745239721286306
0.9226876447876448,3,3,0,1.0859203574086738,-0.0609659318885191,qnm,s=-2 from qnm package,0.14864751015622912,0.022143551583528553,0.0609659318885191,2.7532138039621663
0.9265482625482626,3,3,0,1.0938370827343855,-0.0600687297260561,qnm,s=-2 from qnm package,0.14150831716879586,0.021752399314032184,0.0600687297260561,2.761476049554982
0.9304088803088804,3,3,0,1.102070871789597,-0.0591237827013851,qnm,s=-2 from qnm package,0.13433931544237554,0.021343943688680686,0.0591237827013851,2.7700496011306552
0.934269498069498,3,3,0,1.1106506667820817,-0.0581263511526597,qnm,s=-2 from qnm package,0.12714050497696827,0.020916578199493333,0.0581263511526597,2.7789608127235508
0.938130115830116,3,3,0,1.1196098522187523,-0.0570709424314484,qnm,s=-2 from qnm package,0.11991188577257317,0.02046844756407321,0.0570709424314484,2.788239911834882
0.9419907335907336,3,3,0,1.128987256224027,-0.0559511382819435,qnm,s=-2 from qnm package,0.11265345782919156,0.019997391381999567,0.0559511382819435,2.797921849562204
0.9458513513513516,3,3,0,1.1388284601511052,-0.0547593685587995,qnm,s=-2 from qnm package,0.10536522114682212,0.019500870392802478,0.0547593685587995,2.8080474079254683
0.9497119691119692,3,3,0,1.1491875406808072,-0.0534866095340547,qnm,s=-2 from qnm package,0.09804717572546606,0.0189758683128662,0.0534866095340547,2.818664666733021
0.953572586872587,3,3,0,1.1601294323261282,-0.0521219738376407,qnm,s=-2 from qnm package,0.09069932156512261,0.018418758620279196,0.0521219738376407,2.8298309843886007
0.9574332046332048,3,3,0,1.1717332029281948,-0.0506521406483269,qnm,s=-2 from qnm package,0.08332165866579178,0.017825119727458618,0.0506521406483269,2.841615732336432
0.9612938223938224,3,3,0,1.1840967129557154,-0.0490605433373268,qnm,s=-2 from qnm package,0.07591418702747421,0.017189471881087867,0.0490605433373268,2.8541041677553802
0.9651544401544402,3,3,0,1.1973434458800627,-0.0473261759228412,qnm,s=-2 from qnm package,0.06847690665016914,0.016504891187393567,0.0473261759228412,2.867403085879713
0.969015057915058,3,3,0,1.21163288722033,-0.0454217754045255,qnm,s=-2 from qnm package,0.06100981753387669,0.01576242267901743,0.0454217754045255,2.8816493713869193
0.9728756756756756,3,3,0,1.2271769980395215,-0.0433109304364395,qnm,s=-2 from qnm package,0.053512919678597726,0.01495014805537862,0.0433109304364395,2.897023512811133
0.9767362934362936,3,3,0,1.2442678134357368,-0.0409432268383898,qnm,s=-2 from qnm package,0.045986213084330485,0.014051622681500496,0.0409432268383898,2.913772150478616
0.9805969111969112,3,3,0,1.2633269826970497,-0.0382455147888116,qnm,s=-2 from qnm package,0.038429697751077074,0.01304306784582145,0.0382455147888116,2.9322483974553695
0.984457528957529,3,3,0,1.285003224696119,-0.0351046927578916,qnm,s=-2 from qnm package,0.03084337367883594,0.011887843181811453,0.0351046927578916,2.952990901798083
0.9883181467181468,3,3,0,1.3103903111759412,-0.0313291168582571,qnm,s=-2 from qnm package,0.023227240867607746,0.010524073371630199,0.0313291168582571,2.9769002696913125
0.9921787644787644,3,3,0,1.3416204290890232,-0.026543325247945,qnm,s=-2 from qnm package,0.015581299317392494,0.008830940975551703,0.026543325247945,3.0057187927571603
0.9960393822393824,3,3,0,1.3841672292711875,-0.0197784559197434,qnm,s=-2 from qnm package,0.007905549028189518,0.006497748683538172,0.0197784559197434,3.0438936442481155
0.9999,3,3,0,1.4804730212037691,-0.0034685567986829,qnm,s=-2 from qnm package,0.00019998999999992773,0.0011096744852254366,0.0034685567986829,3.125742589258726
0.0,3,3,1,0.5826438030333005,-0.2812981134350445,qnm,s=-2 from qnm package,1.0,0.039788735772973836,0.2812981134350445,7.069792693089633
0.0038606177606177,3,3,1,0.5834725679107571,-0.2812642104702346,qnm,s=-2 from qnm package,0.9999850956305064,0.039788587515364085,0.2812642104702346,7.068966958468339
0.0077212355212355,3,3,1,0.5843046572418525,-0.2812296531899155,qnm,s=-2 from qnm package,0.9999403825220257,0.03978814272927617,0.2812296531899155,7.0681774493330725
0.0115818532818532,3,3,1,0.5851400955266879,-0.2811944351963494,qnm,s=-2 from qnm package,0.9998658606745576,0.03978740137493051,0.2811944351963494,7.067423995514472
0.015442471042471,3,3,1,0.5859789075362478,-0.2811585500095428,qnm,s=-2 from qnm package,0.9997615300881024,0.03978636338601538,0.2811585500095428,7.066706431087593
0.0193030888030888,3,3,1,0.5868211183164532,-0.2811219910659066,qnm,s=-2 from qnm package,0.99962739076266,0.039785028669668425,0.2811219910659066,7.0660245943276205
0.0231637065637065,3,3,1,0.5876667531922906,-0.2810847517168944,qnm,s=-2 from qnm package,0.9994634426982305,0.03978339710645071,0.2810847517168944,7.065378327667189
0.0270243243243243,3,3,1,0.5885158377719707,-0.281046825227592,qnm,s=-2 from qnm package,0.9992696858948137,0.039781468550313254,0.281046825227592,7.064767477654591
0.030884942084942,3,3,1,0.5893683979512272,-0.2810082047752976,qnm,s=-2 from qnm package,0.9990461203524098,0.039779242828556195,0.2810082047752976,7.064191894913876
0.0347455598455598,3,3,1,0.5902244599176656,-0.2809688834480754,qnm,s=-2 from qnm package,0.9987927460710186,0.0397767197417804,0.2809688834480754,7.063651434106398
0.0386061776061776,3,3,1,0.5910840501551978,-0.2809288542432587,qnm,s=-2 from qnm package,0.9985095630506403,0.03977389906383156,0.2809288542432587,7.063145953893207
0.0424667953667953,3,3,1,0.5919471954485599,-0.2808881100659454,qnm,s=-2 from qnm package,0.9981965712912747,0.03977078054173678,0.2808881100659454,7.062675316899352
0.0463274131274131,3,3,1,0.5928139228879341,-0.2808466437274503,qnm,s=-2 from qnm package,0.997853770792922,0.039767363895633547,0.2808466437274503,7.062239389679214
0.0501880308880308,3,3,1,0.5936842598736335,-0.2808044479437276,qnm,s=-2 from qnm package,0.9974811615555821,0.039763648818691065,0.2808044479437276,7.061838042683204
0.0540486486486486,3,3,1,0.5945582341208965,-0.2807615153337653,qnm,s=-2 from qnm package,0.997078743579255,0.03975963497702392,0.2807615153337653,7.061471150225857
0.0579092664092664,3,3,1,0.5954358736647656,-0.2807178384179331,qnm,s=-2 from qnm package,0.9966465168639406,0.03975532200959805,0.2807178384179331,7.061138590454881
0.0617698841698841,3,3,1,0.5963172068650764,-0.28067340961632,qnm,s=-2 from qnm package,0.9961844814096391,0.03975070952812886,0.28067340961632,7.060840245322076
0.0656305019305019,3,3,1,0.5972022624115194,-0.2806282212470099,qnm,s=-2 from qnm package,0.9956926372163504,0.039745797116971585,0.2806282212470099,7.060576000554805
0.0694911196911197,3,3,1,0.5980910693288195,-0.2805822655243416,qnm,s=-2 from qnm package,0.9951709842840745,0.039740584333003676,0.2805822655243416,7.060345745629217
0.0733517374517374,3,3,1,0.5989836569820192,-0.280535534557122,qnm,s=-2 from qnm package,0.9946195226128114,0.03973507070549922,0.280535534557122,7.060149373744456
0.0772123552123552,3,3,1,0.5998800550818526,-0.2804880203468025,qnm,s=-2 from qnm package,0.994038252202561,0.03972925573599533,0.2804880203468025,7.059986781798077
0.0810729729729729,3,3,1,0.6007802936902442,-0.2804397147856206,qnm,s=-2 from qnm package,0.9934271730533236,0.039723138898150434,0.2804397147856206,7.059857870362763
0.0849335907335907,3,3,1,0.6016844032258962,-0.2803906096546945,qnm,s=-2 from qnm package,0.9927862851650989,0.039716719637594225,0.2803906096546945,7.059762543664059
0.0887942084942084,3,3,1,0.6025924144700153,-0.280340696622093,qnm,s=-2 from qnm package,0.9921155885378871,0.03970999737176943,0.280340696622093,7.059700709559663
0.0926548262548262,3,3,1,0.6035043585721279,-0.2802899672408366,qnm,s=-2 from qnm package,0.9914150831716879,0.039702971489765156,0.2802899672408366,7.05967227951921
0.096515444015444,3,3,1,0.6044202670560378,-0.2802384129468911,qnm,s=-2 from qnm package,0.9906847690665017,0.03969564135214166,0.2802384129468911,7.059677168606112
0.1003760617760617,3,3,1,0.605340171825876,-0.2801860250570757,qnm,s=-2 from qnm package,0.9899246462223282,0.039688006290746584,0.2801860250570757,7.059715295459479
0.1042366795366795,3,3,1,0.6062641051723159,-0.2801327947669716,qnm,s=-2 from qnm package,0.9891347146391676,0.03968006560852244,0.2801327947669716,7.059786582278357
0.1080972972972973,3,3,1,0.6071920997788669,-0.2800787131487454,qnm,s=-2 from qnm package,0.9883149743170198,0.03967181857930525,0.2800787131487454,7.059890954806092
0.111957915057915,3,3,1,0.6081241887283311,-0.28002377114894,qnm,s=-2 from qnm package,0.9874654252558847,0.03966326444761426,0.28002377114894,7.060028342316221
0.1158185328185328,3,3,1,0.6090604055093984,-0.2799679595862365,qnm,s=-2 from qnm package,0.9865860674557625,0.039654402428432545,0.2799679595862365,7.06019867759997
0.1196791505791505,3,3,1,0.6100007840233389,-0.2799112691491235,qnm,s=-2 from qnm package,0.985676900916653,0.03964523170697833,0.2799112691491235,7.0604018969538185
0.1235397683397683,3,3,1,0.6109453585908885,-0.2798536903935578,qnm,s=-2 from qnm package,0.9847379256385563,0.03963575143846709,0.2798536903935578,7.060637940169228
0.1274003861003861,3,3,1,0.6118941639592261,-0.279795213740541,qnm,s=-2 from qnm package,0.9837691416214726,0.039625960747863946,0.279795213740541,7.060906750522723
0.1312610038610038,3,3,1,0.6128472353091489,-0.2797358294736656,qnm,s=-2 from qnm package,0.9827705488654015,0.039615858729626564,0.2797358294736656,7.061208274767656
0.1351216216216216,3,3,1,0.6138046082623504,-0.279675527736587,qnm,s=-2 from qnm package,0.9817421473703433,0.039605444447438146,0.279675527736587,7.061542463126623
0.1389822393822394,3,3,1,0.6147663188888954,-0.2796142985304538,qnm,s=-2 from qnm package,0.9806839371362979,0.039594716933930386,0.2796142985304538,7.06190926928538
0.1428428571428571,3,3,1,0.6157324037148187,-0.2795521317112644,qnm,s=-2 from qnm package,0.9795959181632653,0.03958367519039636,0.2795521317112644,7.062308650387479
0.1467034749034749,3,3,1,0.6167028997299174,-0.2794890169871766,qnm,s=-2 from qnm package,0.9784780904512456,0.03957231818649295,0.2794890169871766,7.062740567030349
0.1505640926640926,3,3,1,0.6176778443956976,-0.2794249439157569,qnm,s=-2 from qnm package,0.9773304540002385,0.0395606448599328,0.2794249439157569,7.06320498326254
0.1544247104247104,3,3,1,0.6186572756534782,-0.2793599019011452,qnm,s=-2 from qnm package,0.9761530088102444,0.03954865411616552,0.2793599019011452,7.063701866581518
0.1582853281853282,3,3,1,0.6196412319326893,-0.2792938801911778,qnm,s=-2 from qnm package,0.9749457548812629,0.039536344828047895,0.2792938801911778,7.06423118793321
0.1621459459459459,3,3,1,0.6206297521593646,-0.279226867874441,qnm,s=-2 from qnm package,0.9737086922132944,0.03952371583550301,0.279226867874441,7.064792921712579
0.1660065637065637,3,3,1,0.6216228757647787,-0.2791588538772386,qnm,s=-2 from qnm package,0.9724418208063386,0.0395107659451679,0.2791588538772386,7.0653870457649095
0.1698671814671814,3,3,1,0.6226206426943157,-0.279089826960506,qnm,s=-2 from qnm package,0.9711451406603957,0.03949749393002972,0.279089826960506,7.066013541388649
0.1737277992277992,3,3,1,0.6236230934164949,-0.2790197757166404,qnm,s=-2 from qnm package,0.9698186517754654,0.03948389852904991,0.2790197757166404,7.066672393339127
0.1775884169884169,3,3,1,0.6246302689322543,-0.2789486885662762,qnm,s=-2 from qnm package,0.9684623541515481,0.0394699784467764,0.2789486885662762,7.067363589833896
0.1814490347490347,3,3,1,0.6256422107843644,-0.2788765537549471,qnm,s=-2 from qnm package,0.9670762477886437,0.03945573235294333,0.2788765537549471,7.068087122558337
0.1853096525096525,3,3,1,0.6266589610671276,-0.2788033593497106,qnm,s=-2 from qnm package,0.9656603326867519,0.03944115888205826,0.2788033593497106,7.068842986673446
0.1891702702702702,3,3,1,0.6276805624362414,-0.2787290932356592,qnm,s=-2 from qnm package,0.964214608845873,0.03942625663297643,0.2787290932356592,7.0696311808239996
0.193030888030888,3,3,1,0.6287070581189157,-0.278653743112367,qnm,s=-2 from qnm package,0.9627390762660067,0.03941102416846182,0.278653743112367,7.070451707148383
0.1968915057915058,3,3,1,0.629738491924211,-0.2785772964902421,qnm,s=-2 from qnm package,0.9612337349471535,0.039395460014734686,0.2785772964902421,7.0713045712893985
0.2007521235521235,3,3,1,0.6307749082536023,-0.2784997406867905,qnm,s=-2 from qnm package,0.9596985848893129,0.039379562661005424,0.2784997406867905,7.072189782406283
0.2046127413127413,3,3,1,0.6318163521118035,-0.2784210628227927,qnm,s=-2 from qnm package,0.9581336260924852,0.03936333055899415,0.2784210628227927,7.073107353188033
0.2084733590733591,3,3,1,0.6328628691178366,-0.2783412498183856,qnm,s=-2 from qnm package,0.9565388585566703,0.03934676212243597,0.2783412498183856,7.074057299867941
0.2123339768339768,3,3,1,0.633914505516341,-0.2782602883890457,qnm,s=-2 from qnm package,0.9549142822818681,0.03932985572657132,0.2782602883890457,7.075039642239332
0.2161945945945946,3,3,1,0.6349713081891645,-0.2781781650414721,qnm,s=-2 from qnm package,0.9532598972680789,0.03931260970762127,0.2781781650414721,7.076054403672508
0.2200552123552123,3,3,1,0.6360333246672332,-0.2780948660693781,qnm,s=-2 from qnm package,0.9515757035153024,0.0392950223622472,0.2780948660693781,7.077101611133284
0.2239158301158301,3,3,1,0.6371006031426537,-0.2780103775491555,qnm,s=-2 from qnm package,0.9498617010235387,0.039277091946994656,0.2780103775491555,7.078181295202224
0.2277764478764478,3,3,1,0.6381731924811743,-0.2779246853354606,qnm,s=-2 from qnm package,0.9481178897927879,0.03925881667772073,0.2779246853354606,7.079293490095999
0.2316370656370656,3,3,1,0.6392511422348605,-0.2778377750566547,qnm,s=-2 from qnm package,0.9463442698230498,0.03924019472900496,0.2778377750566547,7.080438233689163
0.2354976833976834,3,3,1,0.6403345026551591,-0.2777496321101662,qnm,s=-2 from qnm package,0.9445408411143245,0.03922122423354281,0.2777496321101662,7.081615567538274
0.2393583011583011,3,3,1,0.6414233247061841,-0.2776602416576974,qnm,s=-2 from qnm package,0.942707603666612,0.03920190328152171,0.2776602416576974,7.082825536906417
0.2432189189189189,3,3,1,0.6425176600783961,-0.2775695886203357,qnm,s=-2 from qnm package,0.9408445574799124,0.039182229919979,0.2775695886203357,7.084068190789802
0.2470795366795367,3,3,1,0.6436175612025841,-0.2774776576735328,qnm,s=-2 from qnm package,0.9389517025542254,0.03916220215214129,0.2774776576735328,7.085343581945659
0.2509401544401544,3,3,1,0.6447230812641779,-0.2773844332419446,qnm,s=-2 from qnm package,0.9370290388895515,0.039141817936744816,0.2773844332419446,7.086651766921303
0.2548007722007722,3,3,1,0.6458342742179213,-0.2772898994941467,qnm,s=-2 from qnm package,0.9350765664858902,0.0391210751873362,0.2772898994941467,7.087992806084931
0.25866138996139,3,3,1,0.6469511948029195,-0.2771940403372176,qnm,s=-2 from qnm package,0.9330942853432418,0.039099971771553214,0.2771940403372176,7.089366763658058
0.2625220077220077,3,3,1,0.6480738985580267,-0.2770968394111606,qnm,s=-2 from qnm package,0.9310821954616062,0.03907850551038478,0.2770968394111606,7.090773707748994
0.2663826254826255,3,3,1,0.6492024418376442,-0.2769982800831984,qnm,s=-2 from qnm package,0.9290402968409833,0.03905667417740984,0.2769982800831984,7.092213710388393
0.2702432432432433,3,3,1,0.6503368818278881,-0.2768983454419041,qnm,s=-2 from qnm package,0.9269685894813733,0.0390344754980144,0.2768983454419041,7.093686847566054
0.274103861003861,3,3,1,0.6514772765631915,-0.2767970182911823,qnm,s=-2 from qnm package,0.9248670733827761,0.03901190714858609,0.2767970182911823,7.095193199269527
0.2779644787644788,3,3,1,0.6526236849433001,-0.276694281144092,qnm,s=-2 from qnm package,0.9227357485451916,0.03898896675568576,0.276694281144092,7.096732849524455
0.2818250965250965,3,3,1,0.6537761667507022,-0.2765901162164924,qnm,s=-2 from qnm package,0.92057461496862,0.03896565189519523,0.2765901162164924,7.098305886436308
0.2856857142857143,3,3,1,0.6549347826685219,-0.2764845054205307,qnm,s=-2 from qnm package,0.9183836726530612,0.03894196009144071,0.2764845054205307,7.09991240223424
0.289546332046332,3,3,1,0.6560995942988391,-0.2763774303579359,qnm,s=-2 from qnm package,0.9161629215985152,0.03891788881629101,0.2763774303579359,7.101552493316246
0.2934069498069498,3,3,1,0.6572706641815126,-0.276268872313156,qnm,s=-2 from qnm package,0.913912361804982,0.038893435488229954,0.276268872313156,7.103226260296839
0.2972675675675675,3,3,1,0.658448055813471,-0.2761588122462789,qnm,s=-2 from qnm package,0.9116319932724617,0.03886859747140204,0.2761588122462789,7.104933808055861
0.3011281853281853,3,3,1,0.659631833668496,-0.2760472307857662,qnm,s=-2 from qnm package,0.9093218160009541,0.0388433720746307,0.2760472307857662,7.106675245789425
0.3049888030888031,3,3,1,0.6608220632175665,-0.2759341082210085,qnm,s=-2 from qnm package,0.9069818299904593,0.038817756550408325,0.2759341082210085,7.108450687063365
0.3088494208494208,3,3,1,0.6620188109496796,-0.2758194244946347,qnm,s=-2 from qnm package,0.9046120352409773,0.03879174809385707,0.2758194244946347,7.110260249867743
0.3127100386100386,3,3,1,0.6632221443932661,-0.2757031591946333,qnm,s=-2 from qnm package,0.9022124317525082,0.03876534384165964,0.2757031591946333,7.112104056674085
0.3165706563706564,3,3,1,0.6644321321381561,-0.2755852915462455,qnm,s=-2 from qnm package,0.8997830195250518,0.03873854087095915,0.2755852915462455,7.1139822344945784
0.3204312741312741,3,3,1,0.665648843858142,-0.2754658004036235,qnm,s=-2 from qnm package,0.8973237985586082,0.038711336198226975,0.2754658004036235,7.115894914943292
0.3242918918918919,3,3,1,0.6668723503341222,-0.2753446642412533,qnm,s=-2 from qnm package,0.8948347688531775,0.03868372677809775,0.2753446642412533,7.117842234299672
0.3281525096525097,3,3,1,0.6681027234779118,-0.2752218611451384,qnm,s=-2 from qnm package,0.8923159304087596,0.03865570950217028,0.2752218611451384,7.119824333574485
0.3320131274131274,3,3,1,0.6693400363566641,-0.2750973688037182,qnm,s=-2 from qnm package,0.8897672832253545,0.03862728119777349,0.2750973688037182,7.121841358577809
0.3358737451737452,3,3,1,0.6705843632179816,-0.2749711644985382,qnm,s=-2 from qnm package,0.8871888273029621,0.03859843862669608,0.2749711644985382,7.123893459989808
0.3397343629343629,3,3,1,0.6718357795157122,-0.274843225094633,qnm,s=-2 from qnm package,0.8845805626415826,0.038569178483878905,0.274843225094633,7.125980793433586
0.3435949806949807,3,3,1,0.6730943619364312,-0.2747135270306308,qnm,s=-2 from qnm package,0.8819424892412159,0.038539497396068684,0.2747135270306308,7.128103519550662
0.3474555984555985,3,3,1,0.6743601884267204,-0.2745820463085845,qnm,s=-2 from qnm package,0.8792746071018619,0.03850939192043193,0.2745820463085845,7.1302618040795265
0.3513162162162162,3,3,1,0.6756333382211471,-0.2744487584834765,qnm,s=-2 from qnm package,0.8765769162235209,0.038478858543127645,0.2744487584834765,7.132455817936243
0.3551768339768339,3,3,1,0.6769138918710588,-0.2743136386524223,qnm,s=-2 from qnm package,0.8738494166061925,0.038447893677837526,0.2743136386524223,7.134685737298129
0.3590374517374518,3,3,1,0.678201931274201,-0.2741766614435572,qnm,s=-2 from qnm package,0.871092108249877,0.038416493664252135,0.2741766614435572,7.136951743690444
0.3628980694980695,3,3,1,0.6794975397051597,-0.2740378010045768,qnm,s=-2 from qnm package,0.8683049911545743,0.038384654766511664,0.2740378010045768,7.13925402407575
0.3667586872586872,3,3,1,0.6808008018466803,-0.2738970309909375,qnm,s=-2 from qnm package,0.8654880653202844,0.03835237317159968,0.2738970309909375,7.141592770946467
0.370619305019305,3,3,1,0.6821118038218957,-0.2737543245536923,qnm,s=-2 from qnm package,0.8626413307470073,0.03831964498768822,0.2737543245536923,7.143968182420459
0.3744799227799228,3,3,1,0.6834306332274737,-0.2736096543269616,qnm,s=-2 from qnm package,0.859764787434743,0.03828646624243267,0.2736096543269616,7.146380462340021
0.3783405405405405,3,3,1,0.6847573791677506,-0.2734629924150117,qnm,s=-2 from qnm package,0.8568584353834916,0.038252832881214435,0.2734629924150117,7.148829820374075
0.3822011583011583,3,3,1,0.6860921322898329,-0.2733143103789218,qnm,s=-2 from qnm package,0.8539222745932529,0.03821874076532998,0.2733143103789218,7.151316472123489
0.3860617760617761,3,3,1,0.6874349848197823,-0.273163579222867,qnm,s=-2 from qnm package,0.850956305064027,0.038184185670123875,0.273163579222867,7.153840639230812
0.3899223938223938,3,3,1,0.6887860305998217,-0.2730107693799337,qnm,s=-2 from qnm package,0.847960526795814,0.03814916328306424,0.2730107693799337,7.156402549492686
0.3937830115830116,3,3,1,0.6901453651266916,-0.2728558506975125,qnm,s=-2 from qnm package,0.8449349397886138,0.0381136692017583,0.2728558506975125,7.159002436976727
0.3976436293436293,3,3,1,0.6915130855911401,-0.2726987924222164,qnm,s=-2 from qnm package,0.8418795440424264,0.03807769893190605,0.2726987924222164,7.161640542142023
0.4015042471042471,3,3,1,0.692889290918612,-0.2725395631843176,qnm,s=-2 from qnm package,0.8387943395572517,0.03804124788518963,0.2725395631843176,7.164317111963716
0.4053648648648649,3,3,1,0.6942740818111621,-0.2723781309816794,qnm,s=-2 from qnm package,0.8356793263330898,0.03800431137709618,0.2723781309816794,7.167032400061637
0.4092254826254826,3,3,1,0.6956675607906879,-0.2722144631631912,qnm,s=-2 from qnm package,0.8325345043699408,0.037966884624671716,0.2722144631631912,7.169786666833872
0.4130861003861004,3,3,1,0.6970698322434499,-0.2720485264116268,qnm,s=-2 from qnm package,0.8293598736678046,0.037928962744203425,0.2720485264116268,7.172580179593844
0.4169467181467182,3,3,1,0.6984810024659937,-0.2718802867259672,qnm,s=-2 from qnm package,0.8261554342266811,0.03789054074882774,0.2718802867259672,7.175413212712691
0.4208073359073359,3,3,1,0.699901179712513,-0.2717097094031407,qnm,s=-2 from qnm package,0.8229211860465706,0.03785161354606138,0.2717097094031407,7.178286047766469
0.4246679536679537,3,3,1,0.701330474243681,-0.2715367590191362,qnm,s=-2 from qnm package,0.8196571291274728,0.037812175935252566,0.2715367590191362,7.181198973687746
0.4285285714285714,3,3,1,0.7027689983770444,-0.2713613994095176,qnm,s=-2 from qnm package,0.8163632634693878,0.03777222260494911,0.2713613994095176,7.184152286923206
0.4323891891891892,3,3,1,0.704216866538993,-0.2711835936492443,qnm,s=-2 from qnm package,0.8130395890723155,0.03773174813018052,0.2711835936492443,7.1871462915955515
0.436249806949807,3,3,1,0.7056741953184361,-0.271003304031846,qnm,s=-2 from qnm package,0.8096861059362561,0.03769074696965055,0.271003304031846,7.190181299671881
0.4401104247104247,3,3,1,0.7071411035221602,-0.2708204920478632,qnm,s=-2 from qnm package,0.8063028140612096,0.0376492134628368,0.2708204920478632,7.193257631137173
0.4439710424710425,3,3,1,0.7086177122320353,-0.2706351183625589,qnm,s=-2 from qnm package,0.8028897134471757,0.03760714182699374,0.2706351183625589,7.196375614173949
0.4478316602316602,3,3,1,0.7101041448640392,-0.2704471427928657,qnm,s=-2 from qnm package,0.7994468040941548,0.03756452615405535,0.2704471427928657,7.199535585348227
0.451692277992278,3,3,1,0.7116005272292646,-0.2702565242835131,qnm,s=-2 from qnm package,0.7959740860021467,0.03752136040743332,0.2702565242835131,7.202737889801374
0.4555528957528957,3,3,1,0.7131069875969216,-0.2700632208823429,qnm,s=-2 from qnm package,0.7924715591711513,0.037477638418706695,0.2700632208823429,7.20598288144919
0.4594135135135135,3,3,1,0.7146236567594526,-0.269867189714736,qnm,s=-2 from qnm package,0.7889392236011687,0.03743335388419864,0.269867189714736,7.209270923187363
0.4632741312741313,3,3,1,0.7161506680998401,-0.2696683869571534,qnm,s=-2 from qnm package,0.785377079292199,0.03738850036143554,0.2696683869571534,7.21260238710466
0.467134749034749,3,3,1,0.7176881576611783,-0.2694667678097137,qnm,s=-2 from qnm package,0.7817851262442421,0.03734307126548389,0.2694667678097137,7.215977654703007
0.4709953667953668,3,3,1,0.7192362642186155,-0.2692622864677893,qnm,s=-2 from qnm package,0.7781633644572978,0.0372970598651597,0.2692622864677893,7.219397117125451
0.4748559845559846,3,3,1,0.7207951293537684,-0.2690548960925775,qnm,s=-2 from qnm package,0.7745117939313665,0.03725045927910531,0.2690548960925775,7.2228611753921905
0.4787166023166023,3,3,1,0.7223648975317218,-0.2688445487806126,qnm,s=-2 from qnm package,0.7708304146664481,0.0372032624717279,0.2688445487806126,7.226370240645354
0.4825772200772201,3,3,1,0.7239457161806766,-0.2686311955321251,qnm,s=-2 from qnm package,0.7671192266625423,0.037155462248994055,0.2686311955321251,7.229924734401549
0.4864378378378378,3,3,1,0.7255377357744102,-0.2684147862182671,qnm,s=-2 from qnm package,0.7633782299196494,0.03710705125407407,0.2684147862182671,7.233525088814412
0.4902984555984556,3,3,1,0.7271411099176494,-0.2681952695470921,qnm,s=-2 from qnm package,0.7596074244377693,0.03705802196282974,0.2681952695470921,7.237171746945902
0.4941590733590734,3,3,1,0.728755995434466,-0.2679725930282718,qnm,s=-2 from qnm package,0.755806810216902,0.0370083666791388,0.2679725930282718,7.24086516304771
0.4980196911196911,3,3,1,0.7303825524598602,-0.2677467029364765,qnm,s=-2 from qnm package,0.7519763872570475,0.036958077530048955,0.2677467029364765,7.244605802852805
0.5018803088803089,3,3,1,0.7320209445346287,-0.2675175442733711,qnm,s=-2 from qnm package,0.7481161555582058,0.03690714646075395,0.2675175442733711,7.248394143877851
0.5057409266409266,3,3,1,0.7336713387036938,-0.2672850607281249,qnm,s=-2 from qnm package,0.7442261151203768,0.036855565229384046,0.2672850607281249,7.252230675735913
0.5096015444015445,3,3,1,0.7353339056180362,-0.2670491946364393,qnm,s=-2 from qnm package,0.7403062659435606,0.036803325401602416,0.2670491946364393,7.256115900461864
0.5134621621621622,3,3,1,0.7370088196404028,-0.2668098869379459,qnm,s=-2 from qnm package,0.7363566080277575,0.036750418344998835,0.2668098869379459,7.2600503328489205
0.51732277992278,3,3,1,0.7386962589549175,-0.2665670771319513,qnm,s=-2 from qnm package,0.7323771413729669,0.036696835223271676,0.2665670771319513,7.2640345007981795
0.5211833976833977,3,3,1,0.740396405680838,-0.2663207032314312,qnm,s=-2 from qnm package,0.7283678659791892,0.0366425669901883,0.2663207032314312,7.2680689456812155
0.5250440154440155,3,3,1,0.7421094459905928,-0.2660707017151924,qnm,s=-2 from qnm package,0.7243287818464245,0.0365876043833139,0.2660707017151924,7.272154222716378
0.5289046332046332,3,3,1,0.7438355702323147,-0.2658170074781105,qnm,s=-2 from qnm package,0.7202598889746724,0.03653193791749796,0.2658170074781105,7.276290901359225
0.532765250965251,3,3,1,0.7455749730570927,-0.2655595537793629,qnm,s=-2 from qnm package,0.7161611873639331,0.036475557878107134,0.2655595537793629,7.280479565708123
0.5366258687258687,3,3,1,0.7473278535511475,-0.265298272188558,qnm,s=-2 from qnm package,0.7120326770142067,0.03641845431399246,0.265298272188558,7.2847208149256035
0.5404864864864866,3,3,1,0.7490944153731443,-0.2650330925296276,qnm,s=-2 from qnm package,0.7078743579254929,0.036360617030178524,0.2650330925296276,7.2890152636754175
0.5443471042471043,3,3,1,0.7508748668969439,-0.2647639428224357,qnm,s=-2 from qnm package,0.7036862300977922,0.0363020355802611,0.2647639428224357,7.293363542577725
0.548207722007722,3,3,1,0.7526694213599856,-0.2644907492219004,qnm,s=-2 from qnm package,0.6994682935311041,0.03624269925849938,0.2644907492219004,7.297766298680801
0.5520683397683398,3,3,1,0.7544782970176275,-0.2642134359546059,qnm,s=-2 from qnm package,0.695220548225429,0.036182597091587734,0.2642134359546059,7.30222419595287
0.5559289575289575,3,3,1,0.7563017173036901,-0.2639319252526854,qnm,s=-2 from qnm package,0.6909429941807665,0.03612171783009158,0.2639319252526854,7.306737915792423
0.5597895752895753,3,3,1,0.758139910997562,-0.2636461372848981,qnm,s=-2 from qnm package,0.6866356313971169,0.036060049939530506,0.2636461372848981,7.31130815755966
0.563650193050193,3,3,1,0.7599931123981339,-0.2633559900847298,qnm,s=-2 from qnm package,0.6822984598744801,0.035997581591091114,0.2633559900847298,7.315935639129342
0.5675108108108109,3,3,1,0.7618615615049433,-0.26306139947536,qnm,s=-2 from qnm package,0.6779314796128559,0.03593430065195112,0.26306139947536,7.320621097466011
0.5713714285714286,3,3,1,0.7637455042068737,-0.2627622789913374,qnm,s=-2 from qnm package,0.6735346906122448,0.035870194675194735,0.2627622789913374,7.325365289222839
0.5752320463320464,3,3,1,0.7656451924788158,-0.26245853979681,qnm,s=-2 from qnm package,0.6691080928726465,0.0358052508892986,0.26245853979681,7.330168991365819
0.5790926640926641,3,3,1,0.7675608845866488,-0.2621500906000691,qnm,s=-2 from qnm package,0.6646516863940608,0.035739456187165904,0.2621500906000691,7.335033001823
0.5829532818532819,3,3,1,0.7694928453010609,-0.2618368375642963,qnm,s=-2 from qnm package,0.6601654711764882,0.035672797114685406,0.2618368375642963,7.339958140162383
0.5868138996138996,3,3,1,0.7714413461205529,-0.261518684214194,qnm,s=-2 from qnm package,0.6556494472199281,0.03560525985879007,0.261518684214194,7.344945248296831
0.5906745173745174,3,3,1,0.773406665504244,-0.2611955313384209,qnm,s=-2 from qnm package,0.6511036145243809,0.03553683023498887,0.2611955313384209,7.349995191221441
0.5945351351351351,3,3,1,0.7753890891148624,-0.2608672768874264,qnm,s=-2 from qnm package,0.6465279730898466,0.03546749367434367,0.2608672768874264,7.355108857780146
0.598395752895753,3,3,1,0.777388910072588,-0.2605338158665856,qnm,s=-2 from qnm package,0.641922522916325,0.035397235209860954,0.2605338158665856,7.360287161467518
0.6022563706563707,3,3,1,0.7794064292202741,-0.2601950402242903,qnm,s=-2 from qnm package,0.6372872640038162,0.03532603946226654,0.2601950402242903,7.365531041265389
0.6061169884169885,3,3,1,0.7814419554006592,-0.2598508387346973,qnm,s=-2 from qnm package,0.6326221963523202,0.03525389062512928,0.2598508387346973,7.370841462515725
0.6099776061776062,3,3,1,0.7834958057462889,-0.259501096874888,qnm,s=-2 from qnm package,0.6279273199618371,0.035180772449297584,0.259501096874888,7.376219417833424
0.613838223938224,3,3,1,0.7855683059827987,-0.2591456966960546,qnm,s=-2 from qnm package,0.6232026348323668,0.035106668226609974,0.2591456966960546,7.381665928059463
0.6176988416988417,3,3,1,0.7876597907463472,-0.2587845166884181,qnm,s=-2 from qnm package,0.6184481409639093,0.035031560772838616,0.2587845166884181,7.387182043258096
0.6215594594594595,3,3,1,0.7897706039159982,-0.2584174316394565,qnm,s=-2 from qnm package,0.6136638383564645,0.03495543240982184,0.2584174316394565,7.392768843759058
0.6254200772200773,3,3,1,0.7919010989618993,-0.2580443124850974,qnm,s=-2 from qnm package,0.6088497270100326,0.03487826494673867,0.2580443124850974,7.398427441248797
0.629280694980695,3,3,1,0.7940516393101895,-0.2576650261533972,qnm,s=-2 from qnm package,0.6040058069246135,0.034800039660475166,0.2576650261533972,7.404158979911893
0.6331413127413128,3,3,1,0.7962225987255978,-0.2572794354003036,qnm,s=-2 from qnm package,0.5991320781002072,0.03472073727502899,0.2572794354003036,7.409964637627034
0.6370019305019305,3,3,1,0.7984143617128273,-0.2568873986369806,qnm,s=-2 from qnm package,0.5942285405368136,0.03464033793989478,0.2568873986369806,7.415845627219678
0.6408625482625483,3,3,1,0.8006273239377706,-0.2564887697481726,qnm,s=-2 from qnm package,0.5892951942344329,0.03455882120736878,0.2564887697481726,7.4218031977746675
0.644723166023166,3,3,1,0.8028618926698646,-0.2560833979010919,qnm,s=-2 from qnm package,0.5843320391930651,0.03447616600870691,0.2560833979010919,7.427838636013598
0.6485837837837838,3,3,1,0.8051184872467536,-0.2556711273441556,qnm,s=-2 from qnm package,0.57933907541271,0.034392350629065684,0.2556711273441556,7.433953267738631
0.6524444015444015,3,3,1,0.8073975395627732,-0.2552517971949962,qnm,s=-2 from qnm package,0.5743163028933678,0.03430735268115001,0.2552517971949962,7.440148459348858
0.6563050193050194,3,3,1,0.8096994945826183,-0.2548252412169932,qnm,s=-2 from qnm package,0.5692637216350381,0.03422114907748672,0.2548252412169932,7.446425619431834
0.6601656370656371,3,3,1,0.8120248108818829,-0.2543912875836335,qnm,s=-2 from qnm package,0.5641813316377216,0.034133716001236006,0.2543912875836335,7.452786200436595
0.6640262548262549,3,3,1,0.8143739612161528,-0.2539497586298412,qnm,s=-2 from qnm package,0.5590691329014177,0.03404502887544711,0.2539497586298412,7.45923170043151
0.6678868725868726,3,3,1,0.8167474331204769,-0.2535004705894469,qnm,s=-2 from qnm package,0.5539271254261265,0.033955062330656476,0.2535004705894469,7.465763664953514
0.6717474903474904,3,3,1,0.8191457295412655,-0.2530432333178549,qnm,s=-2 from qnm package,0.5487553092118483,0.033863790170719665,0.2530432333178549,7.47238368895425
0.6756081081081081,3,3,1,0.8215693695026565,-0.2525778499988546,qnm,s=-2 from qnm package,0.5435536842585829,0.033771185336759144,0.2525778499988546,7.479093418848095
0.6794687258687259,3,3,1,0.8240188888098061,-0.2521041168345732,qnm,s=-2 from qnm package,0.5383222505663303,0.03367721986910106,0.2521041168345732,7.485894554671342
0.6833293436293437,3,3,1,0.8264948407914492,-0.2516218227172886,qnm,s=-2 from qnm package,0.5330610081350903,0.03358186486706393,0.2516218227172886,7.492788852356786
0.6871899613899615,3,3,1,0.8289977970845345,-0.2511307488819,qnm,s=-2 from qnm package,0.5277699569648633,0.03348509044645089,0.2511307488819,7.4997781261336725
0.6910505791505792,3,3,1,0.8315283484637903,-0.2506306685376225,qnm,s=-2 from qnm package,0.522449097055649,0.03338686569458525,0.2506306685376225,7.5068642510599695
0.694911196911197,3,3,1,0.8340871057194181,-0.2501213464774365,qnm,s=-2 from qnm package,0.5170984284074476,0.033287158622715494,0.2501213464774365,7.514049165696923
0.6987718146718147,3,3,1,0.8366747005862986,-0.2496025386636487,qnm,s=-2 from qnm package,0.511717951020259,0.03318593611560162,0.2496025386636487,7.52133487493528
0.7026324324324325,3,3,1,0.8392917867284561,-0.2490739917877833,qnm,s=-2 from qnm package,0.5063076648940832,0.03308316387807821,0.2490739917877833,7.528723452983479
0.7064930501930502,3,3,1,0.8419390407827846,-0.2485354428029063,qnm,s=-2 from qnm package,0.5008675700289202,0.032978806378372576,0.2485354428029063,7.536217046530079
0.7103536679536679,3,3,1,0.8446171634664306,-0.247986618426258,qnm,s=-2 from qnm package,0.4953976664247701,0.0328728267879363,0.247986618426258,7.543817878092076
0.7142142857142858,3,3,1,0.8473268807525827,-0.2474272346099082,qnm,s=-2 from qnm package,0.4898979540816325,0.03276518691752773,0.2474272346099082,7.551528249562558
0.7180749034749035,3,3,1,0.8500689451198784,-0.2468569959769807,qnm,s=-2 from qnm package,0.48436843299950794,0.03265584714925904,0.2468569959769807,7.559350545973568
0.7219355212355213,3,3,1,0.8528441368810844,-0.2462755952206779,qnm,s=-2 from qnm package,0.4788091031783962,0.032544766364295444,0.2462755952206779,7.567287239488821
0.725796138996139,3,3,1,0.8556532655971946,-0.2456827124631376,qnm,s=-2 from qnm package,0.4732199646182972,0.03243190186586576,0.2456827124631376,7.5753408936438635
0.7296567567567568,3,3,1,0.8584971715837606,-0.2450780145708936,qnm,s=-2 from qnm package,0.4676010173192111,0.03231720929721101,0.2450780145708936,7.583514167853718
0.7335173745173745,3,3,1,0.8613767275167853,-0.244461154423322,qnm,s=-2 from qnm package,0.46195226128113775,0.0322006425540631,0.244461154423322,7.5918098222072805
0.7373779922779923,3,3,1,0.8642928401463204,-0.2438317701302064,qnm,s=-2 from qnm package,0.4562736965040771,0.0320821536912058,0.2438317701302064,7.600230722572853
0.7412386100386101,3,3,1,0.8672464521266112,-0.2431894841940305,qnm,s=-2 from qnm package,0.4505653229880292,0.031961692822626876,0.2431894841940305,7.608779846037053
0.7450992277992279,3,3,1,0.8702385439725864,-0.2425339026123666,qnm,s=-2 from qnm package,0.44482714073299434,0.031839208014721614,0.2425339026123666,7.617460286707675
0.7489598455598456,3,3,1,0.8732701361533988,-0.2418646139150498,qnm,s=-2 from qnm package,0.4390591497389722,0.03171464517195366,0.2418646139150498,7.626275261907672
0.7528204633204634,3,3,1,0.876342291334842,-0.2411811881304061,qnm,s=-2 from qnm package,0.4332613500059629,0.03158794791431847,0.2411811881304061,7.6352281187940445
0.7566810810810811,3,3,1,0.8794561167836832,-0.2404831756741727,qnm,s=-2 from qnm package,0.4274337415339663,0.03145905744588706,0.2404831756741727,7.644322341437897
0.7605416988416989,3,3,1,0.8826127669483587,-0.2397701061540813,qnm,s=-2 from qnm package,0.42157632432298264,0.031327912413631524,0.2397701061540813,7.65356155840603
0.7644023166023166,3,3,1,0.8858134462318805,-0.239041487082244,qnm,s=-2 from qnm package,0.4156890983730117,0.031194448755648488,0.239041487082244,7.6629495508863545
0.7682629343629344,3,3,1,0.8890594119747189,-0.2382968024867405,qnm,s=-2 from qnm package,0.4097720636840536,0.031058599537800866,0.2382968024867405,7.672490261407754
0.7721235521235522,3,3,1,0.8923519776672062,-0.2375355114127466,qnm,s=-2 from qnm package,0.4038252202561081,0.030920294777689702,0.2375355114127466,7.682187803207442
0.77598416988417,3,3,1,0.8956925164132551,-0.2367570463024584,qnm,s=-2 from qnm package,0.3978485680891757,0.030779461254746135,0.2367570463024584,7.692046470304963
0.7798447876447877,3,3,1,0.8990824646697116,-0.2359608112419072,qnm,s=-2 from qnm package,0.39184210718325596,0.03063602230509496,0.2359608112419072,7.702070748351214
0.7837054054054055,3,3,1,0.902523326288374,-0.2351461800612278,qnm,s=-2 from qnm package,0.3858058375383491,0.030489897599684814,0.2351461800612278,7.712265326324304
0.7875660231660232,3,3,1,0.9060166768909812,-0.234312494273462,qnm,s=-2 from qnm package,0.379739759154455,0.030341002904001924,0.234312494273462,7.722635109156415
0.791426640926641,3,3,1,0.90956416861107,-0.2334590608350994,qnm,s=-2 from qnm package,0.3736438720315738,0.03018924981748167,0.2334590608350994,7.733185231383604
0.7952872586872587,3,3,1,0.9131675352407174,-0.232585149709467,qnm,s=-2 from qnm package,0.3675181761697053,0.030034545490501146,0.232585149709467,7.743921071921178
0.7991478764478764,3,3,1,0.9168285978249964,-0.231689991211774,qnm,s=-2 from qnm package,0.3613626715688496,0.029876792316571317,0.231689991211774,7.754848270082393
0.8030084942084943,3,3,1,0.9205492707522818,-0.2307727731117718,qnm,s=-2 from qnm package,0.35517735822900653,0.029715887597044185,0.2307727731117718,7.765972742968868
0.806869111969112,3,3,1,0.9243315683948704,-0.2298326374669482,qnm,s=-2 from qnm package,0.3489622361501765,0.029551723175302268,0.2298326374669482,7.7773007043809175
0.8107297297297298,3,3,1,0.928177612361538,-0.2288686771555401,qnm,s=-2 from qnm package,0.34271730533235933,0.029384185036995653,0.2288686771555401,7.788838685414856
0.8145903474903475,3,3,1,0.9320896394318842,-0.2278799320743601,qnm,s=-2 from qnm package,0.33644256577555487,0.029213152872428608,0.2278799320743601,7.80059355693282
0.8184509652509653,3,3,1,0.9360700102520076,-0.2268653849617377,qnm,s=-2 from qnm package,0.33013801747976323,0.029038499596659894,0.2268653849617377,7.81257255412165
0.822311583011583,3,3,1,0.9401212188821486,-0.2258239568000687,qnm,s=-2 from qnm package,0.32380366044498443,0.028860090822256608,0.2258239568000687,7.824783303381553
0.8261722007722008,3,3,1,0.9442459032999152,-0.2247545017459849,qnm,s=-2 from qnm package,0.31743949467121835,0.028677784278913415,0.2247545017459849,7.837233851823253
0.8300328185328186,3,3,1,0.948446856977992,-0.2236558015284033,qnm,s=-2 from qnm package,0.311045520158465,0.028491429173298312,0.2236558015284033,7.849932699690957
0.8338934362934364,3,3,1,0.9527270416728608,-0.2225265592456256,qnm,s=-2 from qnm package,0.30462173690672456,0.028300865481487462,0.2225265592456256,7.862888836074204
0.8377540540540541,3,3,1,0.9570896015822538,-0.2213653924820917,qnm,s=-2 from qnm package,0.29816814491599697,0.02810592316517713,0.2213653924820917,7.876111778330075
0.8416146718146719,3,3,1,0.9615378790535284,-0.2201708256526584,qnm,s=-2 from qnm package,0.2916847441862822,0.02790642130147261,0.2201708256526584,7.889611615697928
0.8454752895752896,3,3,1,0.9660754320547226,-0.2189412814674214,qnm,s=-2 from qnm package,0.28517153471758017,0.027702167114408625,0.2189412814674214,7.903399057669545
0.8493359073359074,3,3,1,0.970706053654755,-0.2176750713921743,qnm,s=-2 from qnm package,0.27862851650989096,0.02749295489439693,0.2176750713921743,7.9174854877653225
0.8531965250965251,3,3,1,0.9754337938010492,-0.2163703849583823,qnm,s=-2 from qnm package,0.2720556895632146,0.02727856478945581,0.2163703849583823,7.931883023479943
0.8570571428571429,3,3,1,0.980262983732776,-0.215025277750803,qnm,s=-2 from qnm package,0.265453053877551,0.027058761449266278,0.215025277750803,7.946604583286779
0.8609177606177607,3,3,1,0.9851982634282856,-0.2136376578701054,qnm,s=-2 from qnm package,0.2588206094529001,0.026833292499711274,0.2136376578701054,7.961663961752146
0.8647783783783785,3,3,1,0.9902446125582626,-0.2122052706302429,qnm,s=-2 from qnm package,0.2521583562892621,0.02660188682144993,0.2122052706302429,7.977075913996265
0.8686389961389962,3,3,1,0.9954073855050118,-0.2107256812047132,qnm,s=-2 from qnm package,0.24546629438663692,0.02636425260108078,0.2107256812047132,7.992856250970478
0.872499613899614,3,3,1,1.0006923511170307,-0.2091962548798682,qnm,s=-2 from qnm package,0.23874442374502458,0.026120075117331342,0.2091962548798682,8.009021947301411
0.8763602316602317,3,3,1,1.0061057380017877,-0.2076141345045321,qnm,s=-2 from qnm package,0.23199274436442507,0.025869014217182826,0.2076141345045321,8.025591263799676
0.8802208494208494,3,3,1,1.0116542863251812,-0.2059762146397177,qnm,s=-2 from qnm package,0.2252112562448383,0.025610701427518836,0.2059762146397177,8.042583887155669
0.8840814671814672,3,3,1,1.017345307292319,-0.2042791118058394,qnm,s=-2 from qnm package,0.21839995938626433,0.025344736636276823,0.2042791118058394,8.060021089879761
0.887942084942085,3,3,1,1.023186751742676,-0.2025191300910835,qnm,s=-2 from qnm package,0.21155885378870298,0.025070684262522798,0.2025191300910835,8.077925914204965
0.8918027027027028,3,3,1,1.0291872896189034,-0.2006922212158174,qnm,s=-2 from qnm package,0.2046879394521547,0.02478806881648741,0.2006922212158174,8.096323384511907
0.8956633204633205,3,3,1,1.0353564024834008,-0.1987939379327754,qnm,s=-2 from qnm package,0.19778721637661922,0.024496369727214813,0.1987939379327754,8.115240753895081
0.8995239382239383,3,3,1,1.0417044917885228,-0.1968193793668447,qnm,s=-2 from qnm package,0.19085668456209648,0.024195015285488803,0.1968193793668447,8.13470779185203
0.903384555984556,3,3,1,1.0482430062937749,-0.1947631265410068,qnm,s=-2 from qnm package,0.18389634400858657,0.023883375510918976,0.1947631265410068,8.154757121830004
0.9072451737451738,3,3,1,1.0549845929202089,-0.1926191658683953,qnm,s=-2 from qnm package,0.17690619471608948,0.023560753701458517,0.1926191658683953,8.175424619649215
0.9111057915057916,3,3,1,1.0619432765137615,-0.1903807977749773,qnm,s=-2 from qnm package,0.169886236684605,0.023226376356926898,0.1903807977749773,8.19674988682422
0.9149664092664092,3,3,1,1.0691346755623252,-0.1880405267969502,qnm,s=-2 from qnm package,0.16283646991413392,0.022879381079280746,0.1880405267969502,8.218776816792353
0.9188270270270272,3,3,1,1.0765762630294915,-0.1855899283908851,qnm,s=-2 from qnm package,0.15575689440467455,0.02251880193271906,0.1855899283908851,8.241554277416029
0.9226876447876448,3,3,1,1.0842876843555969,-0.1830194861849156,qnm,s=-2 from qnm package,0.14864751015622912,0.022143551583528553,0.1830194861849156,8.265136940410876
0.9265482625482626,3,3,1,1.0922911486663776,-0.1803183913107617,qnm,s=-2 from qnm package,0.14150831716879586,0.021752399314032184,0.1803183913107617,8.289586298392411
0.9304088803088804,3,3,1,1.1006119148232212,-0.1774742925246479,qnm,s=-2 from qnm package,0.13433931544237554,0.021343943688680686,0.1774742925246479,8.314971924273191
0.934269498069498,3,3,1,1.109278901918223,-0.1744729816431453,qnm,s=-2 from qnm package,0.12714050497696827,0.020916578199493333,0.1744729816431453,8.341373047689588
0.938130115830116,3,3,1,1.1183254653733306,-0.1712979927482106,qnm,s=-2 from qnm package,0.11991188577257317,0.02046844756407321,0.1712979927482106,8.368880551980777
0.9419907335907336,3,3,1,1.1277903968910163,-0.1679300846260022,qnm,s=-2 from qnm package,0.11265345782919156,0.019997391381999567,0.1679300846260022,8.397599537765842
0.9458513513513516,3,3,1,1.137719232329096,-0.164346562301419,qnm,s=-2 from qnm package,0.10536522114682212,0.019500870392802478,0.164346562301419,8.42765266324098
0.9497119691119692,3,3,1,1.1481659915651965,-0.1605203724388874,qnm,s=-2 from qnm package,0.09804717572546606,0.0189758683128662,0.1605203724388874,8.45918457022859
0.953572586872587,3,3,1,1.1591955380797023,-0.1564188737642038,qnm,s=-2 from qnm package,0.09069932156512261,0.018418758620279196,0.1564188737642038,8.492367861967928
0.9574332046332048,3,3,1,1.1708868505562129,-0.1520021283789361,qnm,s=-2 from qnm package,0.08332165866579178,0.017825119727458618,0.1520021283789361,8.527411355604258
0.9612938223938224,3,3,1,1.1833376768619963,-0.1472204655878826,qnm,s=-2 from qnm package,0.07591418702747421,0.017189471881087867,0.1472204655878826,8.564571768482132
0.9651544401544402,3,3,1,1.19667135694549,-0.142010902304559,qnm,s=-2 from qnm package,0.06847690665016914,0.016504891187393567,0.142010902304559,8.604170769270318
0.969015057915058,3,3,1,1.2110471909846732,-0.1362916911702426,qnm,s=-2 from qnm package,0.06100981753387669,0.01576242267901743,0.1362916911702426,8.64662076037784
0.9728756756756756,3,3,1,1.226676896282477,-0.1299536475412882,qnm,s=-2 from qnm package,0.053512919678597726,0.01495014805537862,0.1299536475412882,8.692465590301277
0.9767362934362936,3,3,1,1.2438521790312864,-0.1228455862682956,qnm,s=-2 from qnm package,0.045986213084330485,0.014051622681500496,0.1228455862682956,8.742448402776041
0.9805969111969112,3,3,1,1.2629942283626925,-0.1147481213731019,qnm,s=-2 from qnm package,0.038429697751077074,0.01304306784582145,0.1147481213731019,8.797632790805674
0.984457528957529,3,3,1,1.2847510849493196,-0.1053220103257759,qnm,s=-2 from qnm package,0.03084337367883594,0.011887843181811453,0.1053220103257759,8.859639946034944
0.9883181467181468,3,3,1,1.3102154413590543,-0.0939923605471435,qnm,s=-2 from qnm package,0.023227240867607746,0.010524073371630199,0.0939923605471435,8.931176857861825
0.9921787644787644,3,3,1,1.3415175553059084,-0.0796327486413381,qnm,s=-2 from qnm package,0.015581299317392494,0.008830940975551703,0.0796327486413381,9.017470376237355
0.9960393822393824,3,3,1,1.3841269214502148,-0.0593363850021595,qnm,s=-2 from qnm package,0.007905549028189518,0.006497748683538172,0.0593363850021595,9.131837485879723
0.9999,3,3,1,1.4804728285083646,-0.0104056700753783,qnm,s=-2 from qnm package,0.00019998999999992773,0.0011096744852254366,0.0104056700753783,9.377227478799181
0.0,4,4,0,0.8091783775322389,-0.0941639609889228,qnm,s=-2 from qnm package,1.0,0.039788735772973836,0.0941639609889228,2.3665984646057256
0.0038606177606177,4,4,0,0.8102586575354647,-0.0941585984700024,qnm,s=-2 from qnm package,0.9999850956305064,0.039788587515364085,0.0941585984700024,2.3664725075662387
0.0077212355212355,4,4,0,0.8113433125653451,-0.0941530160343014,qnm,s=-2 from qnm package,0.9999403825220257,0.03978814272927617,0.0941530160343014,2.366358658028626
0.0115818532818532,4,4,0,0.8124323749830173,-0.0941472113916305,qnm,s=-2 from qnm package,0.9998658606745576,0.03978740137493051,0.0941472113916305,2.366256858658564
0.015442471042471,4,4,0,0.8135258775068461,-0.0941411822222564,qnm,s=-2 from qnm package,0.9997615300881024,0.03978636338601538,0.0941411822222564,2.366167053492161
0.0193030888030888,4,4,0,0.8146238532177082,-0.0941349261764232,qnm,s=-2 from qnm package,0.99962739076266,0.039785028669668425,0.0941349261764232,2.3660891879208426
0.0231637065637065,4,4,0,0.8157263355643969,-0.0941284408738622,qnm,s=-2 from qnm package,0.9994634426982305,0.03978339710645071,0.0941284408738622,2.366023208676659
0.0270243243243243,4,4,0,0.8168333583691089,-0.0941217239032979,qnm,s=-2 from qnm package,0.9992696858948137,0.039781468550313254,0.0941217239032979,2.365969063818202
0.030884942084942,4,4,0,0.8179449558330515,-0.0941147728219254,qnm,s=-2 from qnm package,0.9990461203524098,0.039779242828556195,0.0941147728219254,2.3659267027165116
0.0347455598455598,4,4,0,0.8190611625421429,-0.0941075851549118,qnm,s=-2 from qnm package,0.9987927460710186,0.0397767197417804,0.0941075851549118,2.365896076042281
0.0386061776061776,4,4,0,0.8201820134728299,-0.0941001583948387,qnm,s=-2 from qnm package,0.9985095630506403,0.03977389906383156,0.0941001583948387,2.3658771357522954
0.0424667953667953,4,4,0,0.8213075439980095,-0.0940924900011905,qnm,s=-2 from qnm package,0.9981965712912747,0.03977078054173678,0.0940924900011905,2.365869835077708
0.0463274131274131,4,4,0,0.8224377898930666,-0.0940845773997799,qnm,s=-2 from qnm package,0.997853770792922,0.039767363895633547,0.0940845773997799,2.3658741285114546
0.0501880308880308,4,4,0,0.8235727873420287,-0.0940764179822006,qnm,s=-2 from qnm package,0.9974811615555821,0.039763648818691065,0.0940764179822006,2.3658899717970447
0.0540486486486486,4,4,0,0.8247125729438416,-0.0940680091052371,qnm,s=-2 from qnm package,0.997078743579255,0.03975963497702392,0.0940680091052371,2.3659173219169793
0.0579092664092664,4,4,0,0.8258571837187549,-0.0940593480902966,qnm,s=-2 from qnm package,0.9966465168639406,0.03975532200959805,0.0940593480902966,2.3659561370824274
0.0617698841698841,4,4,0,0.8270066571148472,-0.094050432222792,qnm,s=-2 from qnm package,0.9961844814096391,0.03975070952812886,0.094050432222792,2.366006376722381
0.0656305019305019,4,4,0,0.8281610310146715,-0.0940412587515473,qnm,s=-2 from qnm package,0.9956926372163504,0.039745797116971585,0.0940412587515473,2.3660680014740825
0.0694911196911197,4,4,0,0.8293203437420261,-0.0940318248881594,qnm,s=-2 from qnm package,0.9951709842840745,0.039740584333003676,0.0940318248881594,2.3661409731730605
0.0733517374517374,4,4,0,0.8304846340688653,-0.0940221278063735,qnm,s=-2 from qnm package,0.9946195226128114,0.03973507070549922,0.0940221278063735,2.366225254844233
0.0772123552123552,4,4,0,0.8316539412223509,-0.0940121646414288,qnm,s=-2 from qnm package,0.994038252202561,0.03972925573599533,0.0940121646414288,2.3663208106929696
0.0810729729729729,4,4,0,0.832828304892024,-0.0940019324893913,qnm,s=-2 from qnm package,0.9934271730533236,0.039723138898150434,0.0940019324893913,2.3664276060965608
0.0849335907335907,4,4,0,0.8340077652371464,-0.0939914284064794,qnm,s=-2 from qnm package,0.9927862851650989,0.039716719637594225,0.0939914284064794,2.366545607596226
0.0887942084942084,4,4,0,0.8351923628941694,-0.0939806494083721,qnm,s=-2 from qnm package,0.9921155885378871,0.03970999737176943,0.0939806494083721,2.366674782889426
0.0926548262548262,4,4,0,0.836382138984356,-0.0939695924694979,qnm,s=-2 from qnm package,0.9914150831716879,0.039702971489765156,0.0939695924694979,2.366815100822413
0.096515444015444,4,4,0,0.8375771351215647,-0.093958254522321,qnm,s=-2 from qnm package,0.9906847690665017,0.03969564135214166,0.093958254522321,2.3669665313834702
0.1003760617760617,4,4,0,0.8387773934201841,-0.0939466324566013,qnm,s=-2 from qnm package,0.9899246462223282,0.039688006290746584,0.0939466324566013,2.367129045696239
0.1042366795366795,4,4,0,0.8399829565032275,-0.0939347231186276,qnm,s=-2 from qnm package,0.9891347146391676,0.03968006560852244,0.0939347231186276,2.367302616013125
0.1080972972972973,4,4,0,0.841193867510598,-0.0939225233104701,qnm,s=-2 from qnm package,0.9883149743170198,0.03967181857930525,0.0939225233104701,2.3674872157099616
0.111957915057915,4,4,0,0.8424101701075198,-0.0939100297891757,qnm,s=-2 from qnm package,0.9874654252558847,0.03966326444761426,0.0939100297891757,2.3676828192800046
0.1158185328185328,4,4,0,0.8436319084931442,-0.0938972392659764,qnm,s=-2 from qnm package,0.9865860674557625,0.039654402428432545,0.0938972392659764,2.3678894023290407
0.1196791505791505,4,4,0,0.8448591274093329,-0.0938841484054589,qnm,s=-2 from qnm package,0.985676900916653,0.03964523170697833,0.0938841484054589,2.368106941570314
0.1235397683397683,4,4,0,0.8460918721496299,-0.0938707538247341,qnm,s=-2 from qnm package,0.9847379256385563,0.03963575143846709,0.0938707538247341,2.3683354148202453
0.1274003861003861,4,4,0,0.8473301885683968,-0.093857052092569,qnm,s=-2 from qnm package,0.9837691416214726,0.039625960747863946,0.093857052092569,2.3685748009940277
0.1312610038610038,4,4,0,0.8485741230901832,-0.0938430397285176,qnm,s=-2 from qnm package,0.9827705488654015,0.039615858729626564,0.0938430397285176,2.368825080102011
0.1351216216216216,4,4,0,0.8498237227192468,-0.0938287132020218,qnm,s=-2 from qnm package,0.9817421473703433,0.039605444447438146,0.0938287132020218,2.369086233246173
0.1389822393822394,4,4,0,0.8510790350493027,-0.0938140689315004,qnm,s=-2 from qnm package,0.9806839371362979,0.039594716933930386,0.0938140689315004,2.36935824261714
0.1428428571428571,4,4,0,0.8523401082734817,-0.0937991032833947,qnm,s=-2 from qnm package,0.9795959181632653,0.03958367519039636,0.0937991032833947,2.3696410914909665
0.1467034749034749,4,4,0,0.8536069911944807,-0.0937838125712339,qnm,s=-2 from qnm package,0.9784780904512456,0.03957231818649295,0.0937838125712339,2.369934764227301
0.1505640926640926,4,4,0,0.854879733234947,-0.0937681930546348,qnm,s=-2 from qnm package,0.9773304540002385,0.0395606448599328,0.0937681930546348,2.370239246266778
0.1544247104247104,4,4,0,0.8561583844480802,-0.0937522409383134,qnm,s=-2 from qnm package,0.9761530088102444,0.03954865411616552,0.0937522409383134,2.370554524129613
0.1582853281853282,4,4,0,0.8574429955284616,-0.0937359523710494,qnm,s=-2 from qnm package,0.9749457548812629,0.039536344828047895,0.0937359523710494,2.370880585413935
0.1621459459459459,4,4,0,0.8587336178231268,-0.0937193234446451,qnm,s=-2 from qnm package,0.9737086922132944,0.03952371583550301,0.0937193234446451,2.371217418794914
0.1660065637065637,4,4,0,0.8600303033428663,-0.093702350192845,qnm,s=-2 from qnm package,0.9724418208063386,0.0395107659451679,0.093702350192845,2.3715650140238456
0.1698671814671814,4,4,0,0.8613331047737849,-0.0936850285902469,qnm,s=-2 from qnm package,0.9711451406603957,0.03949749393002972,0.0936850285902469,2.3719233619280007
0.1737277992277992,4,4,0,0.8626420754891062,-0.0936673545511693,qnm,s=-2 from qnm package,0.9698186517754654,0.03948389852904991,0.0936673545511693,2.372292454410357
0.1775884169884169,4,4,0,0.8639572695612506,-0.093649323928507,qnm,s=-2 from qnm package,0.9684623541515481,0.0394699784467764,0.093649323928507,2.372672284450045
0.1814490347490347,4,4,0,0.8652787417741675,-0.0936309325125521,qnm,s=-2 from qnm package,0.9670762477886437,0.03945573235294333,0.0936309325125521,2.373062846102954
0.1853096525096525,4,4,0,0.8666065476359541,-0.0936121760297912,qnm,s=-2 from qnm package,0.9656603326867519,0.03944115888205826,0.0936121760297912,2.3734641345027843
0.1891702702702702,4,4,0,0.8679407433917378,-0.0935930501416679,qnm,s=-2 from qnm package,0.964214608845873,0.03942625663297643,0.0935930501416679,2.3738761458622966
0.193030888030888,4,4,0,0.8692813860368769,-0.0935735504433302,qnm,s=-2 from qnm package,0.9627390762660067,0.03941102416846182,0.0935735504433302,2.3742988774752845
0.1968915057915058,4,4,0,0.8706285333304398,-0.0935536724623256,qnm,s=-2 from qnm package,0.9612337349471535,0.039395460014734686,0.0935536724623256,2.3747323277183376
0.2007521235521235,4,4,0,0.8719822438089893,-0.0935334116572845,qnm,s=-2 from qnm package,0.9596985848893129,0.039379562661005424,0.0935334116572845,2.3751764960534594
0.2046127413127413,4,4,0,0.873342576800698,-0.093512763416563,qnm,s=-2 from qnm package,0.9581336260924852,0.03936333055899415,0.093512763416563,2.37563138303083
0.2084733590733591,4,4,0,0.8747095924397634,-0.0934917230568578,qnm,s=-2 from qnm package,0.9565388585566703,0.03934676212243597,0.0934917230568578,2.3760969902920612
0.2123339768339768,4,4,0,0.8760833516811811,-0.0934702858217736,qnm,s=-2 from qnm package,0.9549142822818681,0.03932985572657132,0.0934702858217736,2.3765733205734825
0.2161945945945946,4,4,0,0.8774639163158391,-0.0934484468803811,qnm,s=-2 from qnm package,0.9532598972680789,0.03931260970762127,0.0934484468803811,2.377060377710434
0.2200552123552123,4,4,0,0.878851348985973,-0.0934262013257105,qnm,s=-2 from qnm package,0.9515757035153024,0.0392950223622472,0.0934262013257105,2.3775581666412275
0.2239158301158301,4,4,0,0.8802457132009871,-0.0934035441732297,qnm,s=-2 from qnm package,0.9498617010235387,0.039277091946994656,0.0934035441732297,2.378066693412026
0.2277764478764478,4,4,0,0.8816470733536242,-0.0933804703592722,qnm,s=-2 from qnm package,0.9481178897927879,0.03925881667772073,0.0933804703592722,2.3785859651818124
0.2316370656370656,4,4,0,0.883055494736554,-0.0933569747394305,qnm,s=-2 from qnm package,0.9463442698230498,0.03924019472900496,0.0933569747394305,2.3791159902278554
0.2354976833976834,4,4,0,0.8844710435593174,-0.0933330520869164,qnm,s=-2 from qnm package,0.9445408411143245,0.03922122423354281,0.0933330520869164,2.379656777951771
0.2393583011583011,4,4,0,0.8858937869657019,-0.0933086970908611,qnm,s=-2 from qnm package,0.942707603666612,0.03920190328152171,0.0933086970908611,2.3802083388855073
0.2432189189189189,4,4,0,0.8873237930515211,-0.0932839043545892,qnm,s=-2 from qnm package,0.9408445574799124,0.039182229919979,0.0932839043545892,2.3807706846981618
0.2470795366795367,4,4,0,0.8887611308828145,-0.0932586683938487,qnm,s=-2 from qnm package,0.9389517025542254,0.03916220215214129,0.0932586683938487,2.3813438282032244
0.2509401544401544,4,4,0,0.8902058705145116,-0.0932329836349786,qnm,s=-2 from qnm package,0.9370290388895515,0.039141817936744816,0.0932329836349786,2.381927783365808
0.2548007722007722,4,4,0,0.8916580830095179,-0.093206844413049,qnm,s=-2 from qnm package,0.9350765664858902,0.0391210751873362,0.093206844413049,2.3825225653108015
0.25866138996139,4,4,0,0.8931178404583071,-0.093180244969951,qnm,s=-2 from qnm package,0.9330942853432418,0.039099971771553214,0.093180244969951,2.3831281903314143
0.2625220077220077,4,4,0,0.8945852159989467,-0.0931531794524154,qnm,s=-2 from qnm package,0.9310821954616062,0.03907850551038478,0.0931531794524154,2.3837446758976166
0.2663826254826255,4,4,0,0.8960602838376555,-0.0931256419100152,qnm,s=-2 from qnm package,0.9290402968409833,0.03905667417740984,0.0931256419100152,2.384372040665934
0.2702432432432433,4,4,0,0.8975431192698675,-0.0930976262930787,qnm,s=-2 from qnm package,0.9269685894813733,0.0390344754980144,0.0930976262930787,2.3850103044887687
0.274103861003861,4,4,0,0.8990337987017895,-0.0930691264505827,qnm,s=-2 from qnm package,0.9248670733827761,0.03901190714858609,0.0930691264505827,2.385659488425082
0.2779644787644788,4,4,0,0.9005323996725386,-0.093040136127957,qnm,s=-2 from qnm package,0.9227357485451916,0.03898896675568576,0.093040136127957,2.386319614750729
0.2818250965250965,4,4,0,0.9020390008768184,-0.0930106489648598,qnm,s=-2 from qnm package,0.92057461496862,0.03896565189519523,0.0930106489648598,2.386990706970021
0.2856857142857143,4,4,0,0.9035536821881665,-0.0929806584928711,qnm,s=-2 from qnm package,0.9183836726530612,0.03894196009144071,0.0929806584928711,2.3876727898272354
0.289546332046332,4,4,0,0.9050765246828028,-0.0929501581331354,qnm,s=-2 from qnm package,0.9161629215985152,0.03891788881629101,0.0929501581331354,2.3883658893189113
0.2934069498069498,4,4,0,0.9066076106640866,-0.0929191411939492,qnm,s=-2 from qnm package,0.913912361804982,0.038893435488229954,0.0929191411939492,2.3890700327068988
0.2972675675675675,4,4,0,0.9081470236876004,-0.0928876008682513,qnm,s=-2 from qnm package,0.9116319932724617,0.03886859747140204,0.0928876008682513,2.3897852485311386
0.3011281853281853,4,4,0,0.9096948485868792,-0.0928555302310886,qnm,s=-2 from qnm package,0.9093218160009541,0.0388433720746307,0.0928555302310886,2.390511566624109
0.3049888030888031,4,4,0,0.9112511714998172,-0.0928229222369735,qnm,s=-2 from qnm package,0.9069818299904593,0.038817756550408325,0.0928229222369735,2.3912490181248534
0.3088494208494208,4,4,0,0.9128160798957656,-0.0927897697171934,qnm,s=-2 from qnm package,0.9046120352409773,0.03879174809385707,0.0927897697171934,2.3919976354942167
0.3127100386100386,4,4,0,0.9143896626033352,-0.0927560653770351,qnm,s=-2 from qnm package,0.9022124317525082,0.03876534384165964,0.0927560653770351,2.392757452530414
0.3165706563706564,4,4,0,0.915972009838936,-0.0927218017929336,qnm,s=-2 from qnm package,0.8997830195250518,0.03873854087095915,0.0927218017929336,2.393528504385247
0.3204312741312741,4,4,0,0.9175632132360824,-0.0926869714095396,qnm,s=-2 from qnm package,0.8973237985586082,0.038711336198226975,0.0926869714095396,2.394310827580908
0.3242918918918919,4,4,0,0.9191633658754768,-0.0926515665367077,qnm,s=-2 from qnm package,0.8948347688531775,0.03868372677809775,0.0926515665367077,2.395104460027514
0.3281525096525097,4,4,0,0.9207725623158992,-0.0926155793463975,qnm,s=-2 from qnm package,0.8923159304087596,0.03865570950217028,0.0926155793463975,2.395909441041244
0.3320131274131274,4,4,0,0.9223908986259348,-0.0925790018694873,qnm,s=-2 from qnm package,0.8897672832253545,0.03862728119777349,0.0925790018694873,2.396725811363178
0.3358737451737452,4,4,0,0.9240184724165724,-0.0925418259924958,qnm,s=-2 from qnm package,0.8871888273029621,0.03859843862669608,0.0925418259924958,2.3975536131788115
0.3397343629343629,4,4,0,0.9256553828746814,-0.0925040434542064,qnm,s=-2 from qnm package,0.8845805626415826,0.038569178483878905,0.0925040434542064,2.3983928901382
0.3435949806949807,4,4,0,0.9273017307974112,-0.0924656458422048,qnm,s=-2 from qnm package,0.8819424892412159,0.038539497396068684,0.0924656458422048,2.3992436873771217
0.3474555984555985,4,4,0,0.9289576186275494,-0.0924266245893002,qnm,s=-2 from qnm package,0.8792746071018619,0.03850939192043193,0.0924266245893002,2.4001060515385966
0.3513162162162162,4,4,0,0.9306231504898606,-0.0923869709698521,qnm,s=-2 from qnm package,0.8765769162235209,0.038478858543127645,0.0923869709698521,2.4009800307954428
0.3551768339768339,4,4,0,0.932298432228442,-0.0923466760959853,qnm,s=-2 from qnm package,0.8738494166061925,0.038447893677837526,0.0923466760959853,2.401865674873539
0.3590374517374518,4,4,0,0.933983571445122,-0.0923057309137024,qnm,s=-2 from qnm package,0.871092108249877,0.038416493664252135,0.0923057309137024,2.4027630350761564
0.3628980694980695,4,4,0,0.9356786775389612,-0.0922641261988567,qnm,s=-2 from qnm package,0.8683049911545743,0.038384654766511664,0.0922641261988567,2.4036721643085266
0.3667586872586872,4,4,0,0.9373838617468664,-0.0922218525530388,qnm,s=-2 from qnm package,0.8654880653202844,0.03835237317159968,0.0922218525530388,2.404593117104159
0.370619305019305,4,4,0,0.9390992371853716,-0.0921789003993007,qnm,s=-2 from qnm package,0.8626413307470073,0.03831964498768822,0.0921789003993007,2.4055259496510732
0.3744799227799228,4,4,0,0.9408249188936268,-0.0921352599777856,qnm,s=-2 from qnm package,0.859764787434743,0.03828646624243267,0.0921352599777856,2.406470719819857
0.3783405405405405,4,4,0,0.9425610238776214,-0.0920909213412032,qnm,s=-2 from qnm package,0.8568584353834916,0.038252832881214435,0.0920909213412032,2.407427487192147
0.3822011583011583,4,4,0,0.9443076711557236,-0.0920458743501708,qnm,s=-2 from qnm package,0.8539222745932529,0.03821874076532998,0.0920458743501708,2.4083963130901984
0.3860617760617761,4,4,0,0.9460649818055114,-0.0920001086684161,qnm,s=-2 from qnm package,0.850956305064027,0.038184185670123875,0.0920001086684161,2.4093772606076276
0.3899223938223938,4,4,0,0.9478330790120386,-0.0919536137578204,qnm,s=-2 from qnm package,0.847960526795814,0.03814916328306424,0.0919536137578204,2.4103703946409185
0.3937830115830116,4,4,0,0.9496120881174988,-0.0919063788733241,qnm,s=-2 from qnm package,0.8449349397886138,0.0381136692017583,0.0919063788733241,2.4113757819224655
0.3976436293436293,4,4,0,0.951402136672382,-0.0918583930576542,qnm,s=-2 from qnm package,0.8418795440424264,0.03807769893190605,0.0918583930576542,2.4123934910542677
0.4015042471042471,4,4,0,0.95320335448818,-0.0918096451358929,qnm,s=-2 from qnm package,0.8387943395572517,0.03804124788518963,0.0918096451358929,2.413423592542993
0.4053648648648649,4,4,0,0.9550158736916748,-0.0917601237098785,qnm,s=-2 from qnm package,0.8356793263330898,0.03800431137709618,0.0917601237098785,2.414466158836363
0.4092254826254826,4,4,0,0.9568398287808936,-0.091709817152417,qnm,s=-2 from qnm package,0.8325345043699408,0.037966884624671716,0.091709817152417,2.4155212643605197
0.4130861003861004,4,4,0,0.9586753566827578,-0.091658713601323,qnm,s=-2 from qnm package,0.8293598736678046,0.037928962744203425,0.091658713601323,2.416588985559088
0.4169467181467182,4,4,0,0.9605225968125491,-0.0916068009532418,qnm,s=-2 from qnm package,0.8261554342266811,0.03789054074882774,0.0916068009532418,2.4176694009328945
0.4208073359073359,4,4,0,0.9623816911351668,-0.0915540668572971,qnm,s=-2 from qnm package,0.8229211860465706,0.03785161354606138,0.0915540668572971,2.418762591081766
0.4246679536679537,4,4,0,0.9642527842283624,-0.0915004987085172,qnm,s=-2 from qnm package,0.8196571291274728,0.037812175935252566,0.0915004987085172,2.41986863874741
0.4285285714285714,4,4,0,0.9661360233479106,-0.0914460836410458,qnm,s=-2 from qnm package,0.8163632634693878,0.03777222260494911,0.0914460836410458,2.420987628857828
0.4323891891891892,4,4,0,0.9680315584948797,-0.0913908085211237,qnm,s=-2 from qnm package,0.8130395890723155,0.03773174813018052,0.0913908085211237,2.4221196485731564
0.436249806949807,4,4,0,0.9699395424850302,-0.0913346599398445,qnm,s=-2 from qnm package,0.8096861059362561,0.03769074696965055,0.0913346599398445,2.4232647873333275
0.4401104247104247,4,4,0,0.9718601310204382,-0.0912776242056608,qnm,s=-2 from qnm package,0.8063028140612096,0.0376492134628368,0.0912776242056608,2.4244231369072327
0.4439710424710425,4,4,0,0.9737934827634503,-0.0912196873366324,qnm,s=-2 from qnm package,0.8028897134471757,0.03760714182699374,0.0912196873366324,2.425594791443484
0.4478316602316602,4,4,0,0.9757397594130198,-0.0911608350524233,qnm,s=-2 from qnm package,0.7994468040941548,0.03756452615405535,0.0911608350524233,2.426779847523296
0.451692277992278,4,4,0,0.977699125783576,-0.0911010527660105,qnm,s=-2 from qnm package,0.7959740860021467,0.03752136040743332,0.0911010527660105,2.427978404214858
0.4555528957528957,4,4,0,0.979671749886452,-0.0910403255751118,qnm,s=-2 from qnm package,0.7924715591711513,0.037477638418706695,0.0910403255751118,2.429190563129764
0.4594135135135135,4,4,0,0.981657803014062,-0.0909786382533152,qnm,s=-2 from qnm package,0.7889392236011687,0.03743335388419864,0.0909786382533152,2.4304164284814216
0.4632741312741313,4,4,0,0.9836574598268548,-0.0909159752408991,qnm,s=-2 from qnm package,0.785377079292199,0.03738850036143554,0.0909159752408991,2.4316561071455705
0.467134749034749,4,4,0,0.985670898443224,-0.0908523206353241,qnm,s=-2 from qnm package,0.7817851262442421,0.03734307126548389,0.0908523206353241,2.432909708722825
0.4709953667953668,4,4,0,0.9876983005324522,-0.0907876581813913,qnm,s=-2 from qnm package,0.7781633644572978,0.0372970598651597,0.0907876581813913,2.4341773456035543
0.4748559845559846,4,4,0,0.9897398514108282,-0.0907219712610503,qnm,s=-2 from qnm package,0.7745117939313665,0.03725045927910531,0.0907219712610503,2.435459133035132
0.4787166023166023,4,4,0,0.99179574014109,-0.090655242882829,qnm,s=-2 from qnm package,0.7708304146664481,0.0372032624717279,0.090655242882829,2.4367551891913024
0.4825772200772201,4,4,0,0.9938661596352858,-0.0905874556708969,qnm,s=-2 from qnm package,0.7671192266625423,0.037155462248994055,0.0905874556708969,2.438065635244505
0.4864378378378378,4,4,0,0.9959513067612492,-0.0905185918537141,qnm,s=-2 from qnm package,0.7633782299196494,0.03710705125407407,0.0905185918537141,2.4393905954404245
0.4902984555984556,4,4,0,0.9980513824528114,-0.0904486332522699,qnm,s=-2 from qnm package,0.7596074244377693,0.03705802196282974,0.0904486332522699,2.440730197175458
0.4941590733590734,4,4,0,1.0001665918239049,-0.0903775612678848,qnm,s=-2 from qnm package,0.755806810216902,0.0370083666791388,0.0903775612678848,2.442084571076994
0.4980196911196911,4,4,0,1.00229714428676,-0.0903053568695556,qnm,s=-2 from qnm package,0.7519763872570475,0.036958077530048955,0.0903053568695556,2.443453851086609
0.5018803088803089,4,4,0,1.0044432536743424,-0.0902320005808255,qnm,s=-2 from qnm package,0.7481161555582058,0.03690714646075395,0.0902320005808255,2.444838174546378
0.5057409266409266,4,4,0,1.006605138367216,-0.0901574724661545,qnm,s=-2 from qnm package,0.7442261151203768,0.036855565229384046,0.0901574724661545,2.4462376822883223
0.5096015444015445,4,4,0,1.008783021425055,-0.0900817521167769,qnm,s=-2 from qnm package,0.7403062659435606,0.036803325401602416,0.0900817521167769,2.4476525187274176
0.5134621621621622,4,4,0,1.010977130722986,-0.0900048186360037,qnm,s=-2 from qnm package,0.7363566080277575,0.036750418344998835,0.0900048186360037,2.4490828319578015
0.51732277992278,4,4,0,1.0131876990929876,-0.0899266506239625,qnm,s=-2 from qnm package,0.7323771413729669,0.036696835223271676,0.0899266506239625,2.4505287738528088
0.5211833976833977,4,4,0,1.01541496447056,-0.0898472261617454,qnm,s=-2 from qnm package,0.7283678659791892,0.0366425669901883,0.0898472261617454,2.4519905001689315
0.5250440154440155,4,4,0,1.0176591700469475,-0.0897665227949175,qnm,s=-2 from qnm package,0.7243287818464245,0.0365876043833139,0.0897665227949175,2.453468170653346
0.5289046332046332,4,4,0,1.019920564427104,-0.0896845175163975,qnm,s=-2 from qnm package,0.7202598889746724,0.03653193791749796,0.0896845175163975,2.4549619491562935
0.532765250965251,4,4,0,1.022199401793739,-0.0896011867486215,qnm,s=-2 from qnm package,0.7161611873639331,0.036475557878107134,0.0896011867486215,2.456472003746945
0.5366258687258687,4,4,0,1.0244959420776558,-0.0895165063250178,qnm,s=-2 from qnm package,0.7120326770142067,0.03641845431399246,0.0895165063250178,2.4579985068346066
0.5404864864864866,4,4,0,1.026810451134748,-0.0894304514707122,qnm,s=-2 from qnm package,0.7078743579254929,0.036360617030178524,0.0894304514707122,2.4595416352942214
0.5443471042471043,4,4,0,1.0291432009299162,-0.0893429967824448,qnm,s=-2 from qnm package,0.7036862300977922,0.0363020355802611,0.0893429967824448,2.461101570596891
0.548207722007722,4,4,0,1.0314944697282515,-0.0892541162076741,qnm,s=-2 from qnm package,0.6994682935311041,0.03624269925849938,0.0892541162076741,2.4626784989460426
0.5520683397683398,4,4,0,1.0338645422938677,-0.0891637830227823,qnm,s=-2 from qnm package,0.695220548225429,0.036182597091587734,0.0891637830227823,2.464272611418278
0.5559289575289575,4,4,0,1.036253710096693,-0.0890719698103962,qnm,s=-2 from qnm package,0.6909429941807665,0.03612171783009158,0.0890719698103962,2.4658841041107364
0.5597895752895753,4,4,0,1.038662271527679,-0.0889786484357287,qnm,s=-2 from qnm package,0.6866356313971169,0.036060049939530506,0.0889786484357287,2.4675131782939284
0.563650193050193,4,4,0,1.0410905321227872,-0.0888837900219262,qnm,s=-2 from qnm package,0.6822984598744801,0.035997581591091114,0.0888837900219262,2.4691600405712717
0.5675108108108109,4,4,0,1.0435388047962284,-0.0887873649243389,qnm,s=-2 from qnm package,0.6779314796128559,0.03593430065195112,0.0887873649243389,2.4708249030447744
0.5713714285714286,4,4,0,1.0460074100834045,-0.0886893427036885,qnm,s=-2 from qnm package,0.6735346906122448,0.035870194675194735,0.0886893427036885,2.4725079834880215
0.5752320463320464,4,4,0,1.0484966763940409,-0.0885896920980609,qnm,s=-2 from qnm package,0.6691080928726465,0.0358052508892986,0.0885896920980609,2.4742095055264204
0.5790926640926641,4,4,0,1.0510069402760611,-0.0884883809936497,qnm,s=-2 from qnm package,0.6646516863940608,0.035739456187165904,0.0884883809936497,2.475929698824741
0.5829532818532819,4,4,0,1.0535385466907172,-0.088385376394216,qnm,s=-2 from qnm package,0.6601654711764882,0.035672797114685406,0.088385376394216,2.477668799283206
0.5868138996138996,4,4,0,1.056091849299585,-0.0882806443891594,qnm,s=-2 from qnm package,0.6556494472199281,0.03560525985879007,0.0882806443891594,2.4794270492415764
0.5906745173745174,4,4,0,1.0586672107640818,-0.0881741501201525,qnm,s=-2 from qnm package,0.6511036145243809,0.03553683023498887,0.0881741501201525,2.481204697692423
0.5945351351351351,4,4,0,1.0612650030580888,-0.0880658577462437,qnm,s=-2 from qnm package,0.6465279730898466,0.03546749367434367,0.0880658577462437,2.4830020005035887
0.598395752895753,4,4,0,1.0638856077944734,-0.0879557304073568,qnm,s=-2 from qnm package,0.641922522916325,0.035397235209860954,0.0879557304073568,2.4848192206507167
0.6022563706563707,4,4,0,1.0665294165662094,-0.0878437301860756,qnm,s=-2 from qnm package,0.6372872640038162,0.03532603946226654,0.0878437301860756,2.4866566284597442
0.6061169884169885,4,4,0,1.0691968313029037,-0.0877298180676502,qnm,s=-2 from qnm package,0.6326221963523202,0.03525389062512928,0.0877298180676502,2.4885145018608426
0.6099776061776062,4,4,0,1.0718882646435994,-0.0876139538980933,qnm,s=-2 from qnm package,0.6279273199618371,0.035180772449297584,0.0876139538980933,2.4903931266535504
0.613838223938224,4,4,0,1.074604140326724,-0.0874960963402671,qnm,s=-2 from qnm package,0.6232026348323668,0.035106668226609974,0.0874960963402671,2.4922927967840383
0.6176988416988417,4,4,0,1.0773448935982086,-0.0873762028278595,qnm,s=-2 from qnm package,0.6184481409639093,0.035031560772838616,0.0873762028278595,2.4942138146355672
0.6215594594594595,4,4,0,1.0801109716387471,-0.0872542295171019,qnm,s=-2 from qnm package,0.6136638383564645,0.03495543240982184,0.0872542295171019,2.496156491332233
0.6254200772200773,4,4,0,1.08290283401133,-0.0871301312360992,qnm,s=-2 from qnm package,0.6088497270100326,0.03487826494673867,0.0871301312360992,2.4981211470568403
0.629280694980695,4,4,0,1.0857209531302392,-0.087003861431664,qnm,s=-2 from qnm package,0.6040058069246135,0.034800039660475166,0.087003861431664,2.5001081113847223
0.6331413127413128,4,4,0,1.0885658147527328,-0.086875372113433,qnm,s=-2 from qnm package,0.5991320781002072,0.03472073727502899,0.086875372113433,2.502117723632367
0.6370019305019305,4,4,0,1.0914379184947791,-0.086744613795192,qnm,s=-2 from qnm package,0.5942285405368136,0.03464033793989478,0.086744613795192,2.504150333224361
0.6408625482625483,4,4,0,1.094337778372297,-0.0866115354331491,qnm,s=-2 from qnm package,0.5892951942344329,0.03455882120736878,0.0866115354331491,2.506206300077198
0.644723166023166,4,4,0,1.0972659233693982,-0.0864760843610315,qnm,s=-2 from qnm package,0.5843320391930651,0.03447616600870691,0.0864760843610315,2.5082859950028107
0.6485837837837838,4,4,0,1.1002228980353508,-0.0863382062217653,qnm,s=-2 from qnm package,0.57933907541271,0.034392350629065684,0.0863382062217653,2.5103898001318674
0.6524444015444015,4,4,0,1.1032092631119617,-0.0861978448955523,qnm,s=-2 from qnm package,0.5743163028933678,0.03430735268115001,0.0861978448955523,2.512518109358908
0.6563050193050194,4,4,0,1.106225596193366,-0.0860549424240795,qnm,s=-2 from qnm package,0.5692637216350381,0.03422114907748672,0.0860549424240795,2.514671328809733
0.6601656370656371,4,4,0,1.109272492420189,-0.0859094389306447,qnm,s=-2 from qnm package,0.5641813316377216,0.034133716001236006,0.0859094389306447,2.516849877333422
0.6640262548262549,4,4,0,1.1123505652103145,-0.0857612725359027,qnm,s=-2 from qnm package,0.5590691329014177,0.03404502887544711,0.0857612725359027,2.5190541870197314
0.6678868725868726,4,4,0,1.1154604470286655,-0.0856103792689572,qnm,s=-2 from qnm package,0.5539271254261265,0.033955062330656476,0.0856103792689572,2.5212847037439685
0.6717474903474904,4,4,0,1.1186027901984483,-0.0854566929734772,qnm,s=-2 from qnm package,0.5487553092118483,0.033863790170719665,0.0854566929734772,2.523541887740828
0.6756081081081081,4,4,0,1.1217782677567163,-0.0853001452085047,qnm,s=-2 from qnm package,0.5435536842585829,0.033771185336759144,0.0853001452085047,2.5258262142092325
0.6794687258687259,4,4,0,1.1249875743571274,-0.0851406651435937,qnm,s=-2 from qnm package,0.5383222505663303,0.03367721986910106,0.0851406651435937,2.5281381739503526
0.6833293436293437,4,4,0,1.1282314272231415,-0.0849781794478767,qnm,s=-2 from qnm package,0.5330610081350903,0.03358186486706393,0.0849781794478767,2.530478274040722
0.6871899613899615,4,4,0,1.131510567155103,-0.0848126121726317,qnm,s=-2 from qnm package,0.5277699569648633,0.03348509044645089,0.0848126121726317,2.5328470385428226
0.6910505791505792,4,4,0,1.1348257595949351,-0.0846438846269049,qnm,s=-2 from qnm package,0.522449097055649,0.03338686569458525,0.0846438846269049,2.535245009256218
0.694911196911197,4,4,0,1.1381777957525177,-0.0844719152456646,qnm,s=-2 from qnm package,0.5170984284074476,0.033287158622715494,0.0844719152456646,2.537672746511326
0.6987718146718147,4,4,0,1.1415674937980926,-0.0842966194499608,qnm,s=-2 from qnm package,0.511717951020259,0.03318593611560162,0.0842966194499608,2.5401308300093617
0.7026324324324325,4,4,0,1.1449957001254982,-0.0841179094984869,qnm,s=-2 from qnm package,0.5063076648940832,0.03308316387807821,0.0841179094984869,2.542619859711352
0.7064930501930502,4,4,0,1.148463290691372,-0.0839356943299158,qnm,s=-2 from qnm package,0.5008675700289202,0.032978806378372576,0.0839356943299158,2.5451404567801648
0.7103536679536679,4,4,0,1.1519711724359278,-0.0837498793952977,qnm,s=-2 from qnm package,0.4953976664247701,0.0328728267879363,0.0837498793952977,2.547693264579008
0.7142142857142858,4,4,0,1.1555202847914403,-0.0835603664797619,qnm,s=-2 from qnm package,0.4898979540816325,0.03276518691752773,0.0835603664797619,2.550278949730676
0.7180749034749035,4,4,0,1.1591116012850655,-0.0833670535127023,qnm,s=-2 from qnm package,0.48436843299950794,0.03265584714925904,0.0833670535127023,2.552898203242414
0.7219355212355213,4,4,0,1.1627461312432694,-0.0831698343655254,qnm,s=-2 from qnm package,0.4788091031783962,0.032544766364295444,0.0831698343655254,2.55555174170094
0.725796138996139,4,4,0,1.1664249216057636,-0.082968598635967,qnm,s=-2 from qnm package,0.4732199646182972,0.03243190186586576,0.082968598635967,2.5582403085429473
0.7296567567567568,4,4,0,1.1701490588576338,-0.0827632314179177,qnm,s=-2 from qnm package,0.4676010173192111,0.03231720929721101,0.0827632314179177,2.5609646754077926
0.7335173745173745,4,4,0,1.1739196710891,-0.082553613055531,qnm,s=-2 from qnm package,0.46195226128113775,0.0322006425540631,0.082553613055531,2.563725643577703
0.7373779922779923,4,4,0,1.1777379301933089,-0.0823396188803343,qnm,s=-2 from qnm package,0.4562736965040771,0.0320821536912058,0.0823396188803343,2.5665240455133413
0.7412386100386101,4,4,0,1.1816050542135454,-0.0821211189299034,qnm,s=-2 from qnm package,0.4505653229880292,0.031961692822626876,0.0821211189299034,2.5693607464923383
0.7450992277992279,4,4,0,1.1855223098523568,-0.081897977646511,qnm,s=-2 from qnm package,0.44482714073299434,0.031839208014721614,0.081897977646511,2.5722366463589017
0.7489598455598456,4,4,0,1.1894910151563487,-0.081670053554027,qnm,s=-2 from qnm package,0.4390591497389722,0.03171464517195366,0.081670053554027,2.575152681394355
0.7528204633204634,4,4,0,1.1935125423918351,-0.0814371989111407,qnm,s=-2 from qnm package,0.4332613500059629,0.03158794791431847,0.0814371989111407,2.578109826318477
0.7566810810810811,4,4,0,1.19758832112802,-0.0811992593387882,qnm,s=-2 from qnm package,0.4274337415339663,0.03145905744588706,0.0811992593387882,2.5811090964330257
0.7605416988416989,4,4,0,1.2017198415462171,-0.0809560734194454,qnm,s=-2 from qnm package,0.42157632432298264,0.031327912413631524,0.0809560734194454,2.5841515499200476
0.7644023166023166,4,4,0,1.2059086579955052,-0.0807074722656876,qnm,s=-2 from qnm package,0.4156890983730117,0.031194448755648488,0.0807074722656876,2.5872382903087403
0.7682629343629344,4,4,0,1.2101563928174983,-0.0804532790551324,qnm,s=-2 from qnm package,0.4097720636840536,0.031058599537800866,0.0804532790551324,2.590370469126084
0.7721235521235522,4,4,0,1.214464740465346,-0.0801933085285505,qnm,s=-2 from qnm package,0.4038252202561081,0.030920294777689702,0.0801933085285505,2.5935492887478344
0.77598416988417,4,4,0,1.218835471944895,-0.0799273664476014,qnm,s=-2 from qnm package,0.3978485680891757,0.030779461254746135,0.0799273664476014,2.596776005469451
0.7798447876447877,4,4,0,1.2232704396091834,-0.0796552490081812,qnm,s=-2 from qnm package,0.39184210718325596,0.03063602230509496,0.0796552490081812,2.600051932816815
0.7837054054054055,4,4,0,1.2277715823409112,-0.0793767422049695,qnm,s=-2 from qnm package,0.3858058375383491,0.030489897599684814,0.0793767422049695,2.603378445121116
0.7875660231660232,4,4,0,1.2323409311617846,-0.0790916211421677,qnm,s=-2 from qnm package,0.379739759154455,0.030341002904001924,0.0790916211421677,2.6067569813829605
0.791426640926641,4,4,0,1.23698061531214,-0.0787996492848585,qnm,s=-2 from qnm package,0.3736438720315738,0.03018924981748167,0.0787996492848585,2.6101890494552147
0.7952872586872587,4,4,0,1.2416928688496427,-0.0785005776447097,qnm,s=-2 from qnm package,0.3675181761697053,0.030034545490501146,0.0785005776447097,2.6136762305771075
0.7991478764478764,4,4,0,1.2464800378219114,-0.0781941438929621,qnm,s=-2 from qnm package,0.3613626715688496,0.029876792316571317,0.0781941438929621,2.617220184296402
0.8030084942084943,4,4,0,1.251344588074848,-0.0778800713926988,qnm,s=-2 from qnm package,0.35517735822900653,0.029715887597044185,0.0778800713926988,2.6208226538198867
0.806869111969112,4,4,0,1.2562891137664691,-0.0775580681414161,qnm,s=-2 from qnm package,0.3489622361501765,0.029551723175302268,0.0775580681414161,2.6244854718399275
0.8107297297297298,4,4,0,1.261316346665232,-0.0772278256136312,qnm,s=-2 from qnm package,0.34271730533235933,0.029384185036995653,0.0772278256136312,2.628210566888237
0.8145903474903475,4,4,0,1.2664291663224487,-0.0768890174919424,qnm,s=-2 from qnm package,0.33644256577555487,0.029213152872428608,0.0768890174919424,2.6319999702774397
0.8184509652509653,4,4,0,1.271630611220745,-0.0765412982732753,qnm,s=-2 from qnm package,0.33013801747976323,0.029038499596659894,0.0765412982732753,2.6358558236968737
0.822311583011583,4,4,0,1.276923891014756,-0.0761843017352208,qnm,s=-2 from qnm package,0.32380366044498443,0.028860090822256608,0.0761843017352208,2.6397803875401613
0.8261722007722008,4,4,0,1.2823123999969612,-0.0758176392451574,qnm,s=-2 from qnm package,0.31743949467121835,0.028677784278913415,0.0758176392451574,2.643776050052291
0.8300328185328186,4,4,0,1.2877997319409784,-0.0754408978922635,qnm,s=-2 from qnm package,0.311045520158465,0.028491429173298312,0.0754408978922635,2.6478453373959017
0.8338934362934364,4,4,0,1.2933896964974934,-0.0750536384195605,qnm,s=-2 from qnm package,0.30462173690672456,0.028300865481487462,0.0750536384195605,2.651990924753011
0.8377540540540541,4,4,0,1.299086337344853,-0.0746553929295372,qnm,s=-2 from qnm package,0.29816814491599697,0.02810592316517713,0.0746553929295372,2.656215648594466
0.8416146718146719,4,4,0,1.3048939523280434,-0.074245662332719,qnm,s=-2 from qnm package,0.2916847441862822,0.02790642130147261,0.074245662332719,2.6605225202703107
0.8454752895752896,4,4,0,1.3108171158573485,-0.0738239135035811,qnm,s=-2 from qnm package,0.28517153471758017,0.027702167114408625,0.0738239135035811,2.6649147410992025
0.8493359073359074,4,4,0,1.3168607038827314,-0.073389576102254,qnm,s=-2 from qnm package,0.27862851650989096,0.02749295489439693,0.073389576102254,2.669395719163341
0.8531965250965251,4,4,0,1.3230299218133643,-0.0729420390133811,qnm,s=-2 from qnm package,0.2720556895632146,0.02727856478945581,0.0729420390133811,2.6739690880502605
0.8570571428571429,4,4,0,1.3293303358158362,-0.0724806463449611,qnm,s=-2 from qnm package,0.265453053877551,0.027058761449266278,0.0724806463449611,2.678638727824199
0.8609177606177607,4,4,0,1.3357679080018277,-0.0720046929196993,qnm,s=-2 from qnm package,0.2588206094529001,0.026833292499711274,0.0720046929196993,2.6834087885589915
0.8647783783783785,4,4,0,1.3423490361095538,-0.071513419178956,qnm,s=-2 from qnm package,0.2521583562892621,0.02660188682144993,0.071513419178956,2.68828371682615
0.8686389961389962,4,4,0,1.3490805983971788,-0.0710060054041145,qnm,s=-2 from qnm package,0.24546629438663692,0.02636425260108078,0.0710060054041145,2.6932682856028953
0.872499613899614,4,4,0,1.3559700046056231,-0.0704815651416148,qnm,s=-2 from qnm package,0.23874442374502458,0.026120075117331342,0.0704815651416148,2.6983676281561864
0.8763602316602317,4,4,0,1.3630252540195853,-0.0699391376949191,qnm,s=-2 from qnm package,0.23199274436442507,0.025869014217182826,0.0699391376949191,2.7035872765674944
0.8802208494208494,4,4,0,1.3702550018676225,-0.0693776795182483,qnm,s=-2 from qnm package,0.2252112562448383,0.025610701427518836,0.0693776795182483,2.7089332056989903
0.8840814671814672,4,4,0,1.377668635566154,-0.0687960543114878,qnm,s=-2 from qnm package,0.21839995938626433,0.025344736636276823,0.0687960543114878,2.7144118835710276
0.887942084942085,4,4,0,1.3852763626431912,-0.0681930215711317,qnm,s=-2 from qnm package,0.21155885378870298,0.025070684262522798,0.0681930215711317,2.7200303293305335
0.8918027027027028,4,4,0,1.3930893125952872,-0.0675672232959474,qnm,s=-2 from qnm package,0.2046879394521547,0.02478806881648741,0.0675672232959474,2.725796180257741
0.8956633204633205,4,4,0,1.4011196554623184,-0.0669171684743925,qnm,s=-2 from qnm package,0.19778721637661922,0.024496369727214813,0.0669171684743925,2.7317177695946233
0.8995239382239383,4,4,0,1.409380740585522,-0.0662412148889506,qnm,s=-2 from qnm package,0.19085668456209648,0.024195015285488803,0.0662412148889506,2.7378042174116506
0.903384555984556,4,4,0,1.4178872598941976,-0.0655375476535852,qnm,s=-2 from qnm package,0.18389634400858657,0.023883375510918976,0.0655375476535852,2.7440655372865037
0.9072451737451738,4,4,0,1.4266554412145085,-0.0648041537451531,qnm,s=-2 from qnm package,0.17690619471608948,0.023560753701458517,0.0648041537451531,2.750512762295097
0.9111057915057916,4,4,0,1.4357032786059567,-0.0640387915846752,qnm,s=-2 from qnm package,0.169886236684605,0.023226376356926898,0.0640387915846752,2.757158094769985
0.9149664092664092,4,4,0,1.4450508087442169,-0.0632389544511912,qnm,s=-2 from qnm package,0.16283646991413392,0.022879381079280746,0.0632389544511912,2.764015085550523
0.9188270270270272,4,4,0,1.4547204450795053,-0.0624018261426573,qnm,s=-2 from qnm package,0.15575689440467455,0.02251880193271906,0.0624018261426573,2.771098850156391
0.9226876447876448,4,4,0,1.4647373851943766,-0.0615242267956267,qnm,s=-2 from qnm package,0.14864751015622912,0.022143551583528553,0.0615242267956267,2.7784263316364934
0.9265482625482626,4,4,0,1.4751301118893103,-0.0606025460801134,qnm,s=-2 from qnm package,0.14150831716879586,0.021752399314032184,0.0606025460801134,2.786016623049923
0.9304088803088804,4,4,0,1.4859310156802763,-0.0596326600098948,qnm,s=-2 from qnm package,0.13433931544237554,0.021343943688680686,0.0596326600098948,2.793891367016665
0.934269498069498,4,4,0,1.497177176586476,-0.0586098262161712,qnm,s=-2 from qnm package,0.12714050497696827,0.020916578199493333,0.0586098262161712,2.8020752561521234
0.938130115830116,4,4,0,1.5089113578674018,-0.0575285505110146,qnm,s=-2 from qnm package,0.11991188577257317,0.02046844756407321,0.0575285505110146,2.8105966674282774
0.9419907335907336,4,4,0,1.521183286223447,-0.0563824145741672,qnm,s=-2 from qnm package,0.11265345782919156,0.019997391381999567,0.0563824145741672,2.8194884771280324
0.9458513513513516,4,4,0,1.5340513260010005,-0.0551638500682092,qnm,s=-2 from qnm package,0.10536522114682212,0.019500870392802478,0.0551638500682092,2.8287891236162195
0.9497119691119692,4,4,0,1.547584706084461,-0.053863837465556,qnm,s=-2 from qnm package,0.09804717572546606,0.0189758683128662,0.053863837465556,2.8385440169309524
0.953572586872587,4,4,0,1.5618665395618527,-0.0524714966797747,qnm,s=-2 from qnm package,0.09069932156512261,0.018418758620279196,0.0524714966797747,2.848807444710371
0.9574332046332048,4,4,0,1.576998009952035,-0.0509735181893806,qnm,s=-2 from qnm package,0.08332165866579178,0.017825119727458618,0.0509735181893806,2.8596452068065883
0.9612938223938224,4,4,0,1.5931043254338042,-0.0493533519646881,qnm,s=-2 from qnm package,0.07591418702747421,0.017189471881087867,0.0493533519646881,2.871138351783073
0.9651544401544402,4,4,0,1.6103434467152995,-0.047590015724743,qnm,s=-2 from qnm package,0.06847690665016914,0.016504891187393567,0.047590015724743,2.883388638217273
0.969015057915058,4,4,0,1.6289193481261968,-0.0456562798633527,qnm,s=-2 from qnm package,0.06100981753387669,0.01576242267901743,0.0456562798633527,2.896526808923179
0.9728756756756756,4,4,0,1.649103063400967,-0.0435157799480731,qnm,s=-2 from qnm package,0.053512919678597726,0.01495014805537862,0.0435157799480731,2.9107256855839236
0.9767362934362936,4,4,0,1.6712679406926072,-0.0411181680503355,qnm,s=-2 from qnm package,0.045986213084330485,0.014051622681500496,0.0411181680503355,2.9262220444098004
0.9805969111969112,4,4,0,1.6959529197833243,-0.0383903890854059,qnm,s=-2 from qnm package,0.038429697751077074,0.01304306784582145,0.0383903890854059,2.9433557763563165
0.984457528957529,4,4,0,1.7239869971345532,-0.0352194796450999,qnm,s=-2 from qnm package,0.03084337367883594,0.011887843181811453,0.0352194796450999,2.9626467229132145
0.9883181467181468,4,4,0,1.7567675890210783,-0.0314140024532913,qnm,s=-2 from qnm package,0.023227240867607746,0.010524073371630199,0.0314140024532913,2.9849661194850836
0.9921787644787644,4,4,0,1.797018145363508,-0.0265988137110627,qnm,s=-2 from qnm package,0.015581299317392494,0.008830940975551703,0.0265988137110627,3.0120022073186794
0.9960393822393824,4,4,0,1.851728213899159,-0.019805549275834,qnm,s=-2 from qnm package,0.007905549028189518,0.006497748683538172,0.019805549275834,3.048063297063288
0.9999,4,4,0,1.9750699651797792,-0.0034691799896662,qnm,s=-2 from qnm package,0.00019998999999992773,0.0011096744852254366,0.0034691799896662,3.1263041872693114
