chi,ell,m,n,Rew,Imw,source,note
0.0,2,2,0,0.37367168441804177,-0.08896231568893546,qnm,s=-2 from qnm package
0.003860617760617761,2,2,0,0.37415829150028035,-0.08895453238959679,qnm,s=-2 from qnm package
0.007721235521235522,2,2,0,0.3746470537606836,-0.08894659204576759,qnm,s=-2 from qnm package
0.011581853281853283,2,2,0,0.3751379880643603,-0.08893849310185865,qnm,s=-2 from qnm package
0.015442471042471043,2,2,0,0.37563111146941736,-0.08893023397962796,qnm,s=-2 from qnm package
0.019303088803088803,2,2,0,0.3761264412299015,-0.08892181307777577,qnm,s=-2 from qnm package
0.023163706563706567,2,2,0,0.37662399479878483,-0.08891322877153324,qnm,s=-2 from qnm package
0.027024324324324327,2,2,0,0.37712378983101286,-0.08890447941223502,qnm,s=-2 from qnm package
0.030884942084942087,2,2,0,0.37762584418660966,-0.08889556332689086,qnm,s=-2 from qnm package
0.03474555984555985,2,2,0,0.37813017593384385,-0.08888647881773265,qnm,s=-2 from qnm package
0.03860617760617761,2,2,0,0.37863680335244737,-0.08887722416177146,qnm,s=-2 from qnm package
0.04246679536679537,2,2,0,0.37914574493691233,-0.0888677976103458,qnm,s=-2 from qnm package
0.04632741312741313,2,2,0,0.37965701939983504,-0.08885819738862144,qnm,s=-2 from qnm package
0.05018803088803089,2,2,0,0.3801706456753331,-0.08884842169513944,qnm,s=-2 from qnm package
0.05404864864864865,2,2,0,0.3806866429225324,-0.08883846870129729,qnm,s=-2 from qnm package
0.05790926640926641,2,2,0,0.38120503052911353,-0.088828336550871,qnm,s=-2 from qnm package
0.06176988416988417,2,2,0,0.3817258281149356,-0.08881802335947812,qnm,s=-2 from qnm package
0.06563050193050193,2,2,0,0.3822490555357288,-0.08880752721406275,qnm,s=-2 from qnm package
0.0694911196911197,2,2,0,0.38277473288685876,-0.08879684617235314,qnm,s=-2 from qnm package
0.07335173745173745,2,2,0,0.38330288050717026,-0.08878597826232026,qnm,s=-2 from qnm package
0.07721235521235521,2,2,0,0.3838335189828992,-0.08877492148159057,qnm,s=-2 from qnm package
0.08107297297297297,2,2,0,0.3843666691516768,-0.08876367379690892,qnm,s=-2 from qnm package
0.08493359073359073,2,2,0,0.38490235210659857,-0.08875223314351113,qnm,s=-2 from qnm package
0.08879420849420849,2,2,0,0.38544058920038876,-0.08874059742454662,qnm,s=-2 from qnm package
0.09265482625482627,2,2,0,0.38598140204964254,-0.08872876451045661,qnm,s=-2 from qnm package
0.09651544401544403,2,2,0,0.38652481253915444,-0.08871673223834144,qnm,s=-2 from qnm package
0.10037606177606179,2,2,0,0.38707084282634036,-0.08870449841130826,qnm,s=-2 from qnm package
0.10423667953667955,2,2,0,0.38761951534574546,-0.08869206079783744,qnm,s=-2 from qnm package
0.1080972972972973,2,2,0,0.38817085281364694,-0.08867941713107838,qnm,s=-2 from qnm package
0.11195791505791507,2,2,0,0.3887248782327517,-0.08866656510817103,qnm,s=-2 from qnm package
0.11581853281853283,2,2,0,0.38928161489699437,-0.08865350238954056,qnm,s=-2 from qnm package
0.11967915057915059,2,2,0,0.3898410863964348,-0.08864022659818004,qnm,s=-2 from qnm package
0.12353976833976835,2,2,0,0.3904033166222516,-0.08862673531888492,qnm,s=-2 from qnm package
0.12740038610038612,2,2,0,0.3909683297718521,-0.08861302609753507,qnm,s=-2 from qnm package
0.13126100386100387,2,2,0,0.39153615035408307,-0.08859909644027095,qnm,s=-2 from qnm package
0.13512162162162164,2,2,0,0.392106803194552,-0.08858494381274071,qnm,s=-2 from qnm package
0.1389822393822394,2,2,0,0.3926803134410676,-0.08857056563926148,qnm,s=-2 from qnm package
0.14284285714285716,2,2,0,0.3932567065691932,-0.08855595930199349,qnm,s=-2 from qnm package
0.1467034749034749,2,2,0,0.39383600838791494,-0.08854112214008625,qnm,s=-2 from qnm package
0.15056409266409268,2,2,0,0.39441824504544437,-0.08852605144880077,qnm,s=-2 from qnm package
0.15442471042471043,2,2,0,0.39500344303513396,-0.08851074447861904,qnm,s=-2 from qnm package
0.1582853281853282,2,2,0,0.3955916292015336,-0.08849519843432922,qnm,s=-2 from qnm package
0.16214594594594595,2,2,0,0.396182830746569,-0.08847941047406316,qnm,s=-2 from qnm package
0.16600656370656372,2,2,0,0.3967770752358642,-0.08846337770836847,qnm,s=-2 from qnm package
0.16986718146718147,2,2,0,0.3973743906052013,-0.08844709719918577,qnm,s=-2 from qnm package
0.17372779922779924,2,2,0,0.3979748051671189,-0.08843056595886653,qnm,s=-2 from qnm package
0.17758841698841699,2,2,0,0.398578347617667,-0.08841378094910388,qnm,s=-2 from qnm package
0.18144903474903476,2,2,0,0.39918504704330376,-0.08839673907989944,qnm,s=-2 from qnm package
0.18530965250965253,2,2,0,0.39979493292795576,-0.088379437208465,qnm,s=-2 from qnm package
0.18917027027027028,2,2,0,0.400408035160228,-0.08836187213807924,qnm,s=-2 from qnm package
0.19303088803088805,2,2,0,0.40102438404078944,-0.08834404061697816,qnm,s=-2 from qnm package
0.1968915057915058,2,2,0,0.40164401028991653,-0.08832593933716308,qnm,s=-2 from qnm package
0.20075212355212357,2,2,0,0.40226694505521715,-0.08830756493318594,qnm,s=-2 from qnm package
0.20461274131274132,2,2,0,0.402893219919527,-0.08828891398092222,qnm,s=-2 from qnm package
0.2084733590733591,2,2,0,0.40352286690899,-0.08826998299630966,qnm,s=-2 from qnm package
0.21233397683397684,2,2,0,0.404155918501329,-0.08825076843402971,qnm,s=-2 from qnm package
0.2161945945945946,2,2,0,0.404792407634306,-0.08823126668617857,qnm,s=-2 from qnm package
0.22005521235521236,2,2,0,0.40543236771438584,-0.08821147408090682,qnm,s=-2 from qnm package
0.22391583011583013,2,2,0,0.40607583262559616,-0.08819138688098746,qnm,s=-2 from qnm package
0.22777644787644788,2,2,0,0.40672283673860304,-0.08817100128240347,qnm,s=-2 from qnm package
0.23163706563706565,2,2,0,0.40737341492000156,-0.0881503134128416,qnm,s=-2 from qnm package
0.2354976833976834,2,2,0,0.408027602541828,-0.08812931933018145,qnm,s=-2 from qnm package
0.23935830115830117,2,2,0,0.40868543549129893,-0.08810801502092319,qnm,s=-2 from qnm package
0.24321891891891892,2,2,0,0.40934695018079026,-0.08808639639860039,qnm,s=-2 from qnm package
0.2470795366795367,2,2,0,0.41001218355804714,-0.08806445930210885,qnm,s=-2 from qnm package
0.25094015444015444,2,2,0,0.4106811731166587,-0.0880421994940363,qnm,s=-2 from qnm package
0.25480077220077224,2,2,0,0.4113539569067765,-0.0880196126589083,qnm,s=-2 from qnm package
0.25866138996139,2,2,0,0.4120305735461013,-0.08799669440140925,qnm,s=-2 from qnm package
0.26252200772200773,2,2,0,0.41271106223114323,-0.08797344024453506,qnm,s=-2 from qnm package
0.2663826254826255,2,2,0,0.4133954627487563,-0.08794984562773651,qnm,s=-2 from qnm package
0.2702432432432433,2,2,0,0.41408381548796575,-0.08792590590494094,qnm,s=-2 from qnm package
0.274103861003861,2,2,0,0.4147761614520973,-0.08790161634258549,qnm,s=-2 from qnm package
0.2779644787644788,2,2,0,0.4154725422711966,-0.08787697211756039,qnm,s=-2 from qnm package
0.2818250965250965,2,2,0,0.41617300021478015,-0.08785196831510908,qnm,s=-2 from qnm package
0.2856857142857143,2,2,0,0.4168775782049033,-0.08782659992665538,qnm,s=-2 from qnm package
0.28954633204633207,2,2,0,0.4175863198295627,-0.08780086184757681,qnm,s=-2 from qnm package
0.2934069498069498,2,2,0,0.4182992693564486,-0.08777474887491643,qnm,s=-2 from qnm package
0.29726756756756756,2,2,0,0.4190164717470473,-0.08774825570502436,qnm,s=-2 from qnm package
0.30112818532818536,2,2,0,0.4197379726711158,-0.08772137693113663,qnm,s=-2 from qnm package
0.3049888030888031,2,2,0,0.4204638185215343,-0.08769410704088143,qnm,s=-2 from qnm package
0.30884942084942085,2,2,0,0.42119405642954305,-0.08766644041370897,qnm,s=-2 from qnm package
0.31271003861003865,2,2,0,0.4219287342803962,-0.08763837131823905,qnm,s=-2 from qnm package
0.3165706563706564,2,2,0,0.42266790072941446,-0.08760989390956914,qnm,s=-2 from qnm package
0.32043127413127415,2,2,0,0.4234116052184793,-0.08758100222644082,qnm,s=-2 from qnm package
0.3242918918918919,2,2,0,0.42415989799296705,-0.08755169018838985,qnm,s=-2 from qnm package
0.3281525096525097,2,2,0,0.4249128301191397,-0.08752195159274609,qnm,s=-2 from qnm package
0.33201312741312744,2,2,0,0.42567045350200994,-0.08749178011160341,qnm,s=-2 from qnm package
0.3358737451737452,2,2,0,0.42643282090369156,-0.0874611692886512,qnm,s=-2 from qnm package
0.33973436293436293,2,2,0,0.42719998596225633,-0.08743011253593208,qnm,s=-2 from qnm package
0.34359498069498073,2,2,0,0.427972003211113,-0.08739860313051333,qnm,s=-2 from qnm package
0.3474555984555985,2,2,0,0.4287489280989211,-0.08736663421101135,qnm,s=-2 from qnm package
0.3513162162162162,2,2,0,0.42953081701006507,-0.08733419877407346,qnm,s=-2 from qnm package
0.35517683397683397,2,2,0,0.43031772728570006,-0.08730128967069131,qnm,s=-2 from qnm package
0.3590374517374518,2,2,0,0.43110971724539865,-0.0872678996024441,qnm,s=-2 from qnm package
0.3628980694980695,2,2,0,0.4319068462094022,-0.08723402111758885,qnm,s=-2 from qnm package
0.36675868725868727,2,2,0,0.4327091745215241,-0.08719964660705819,qnm,s=-2 from qnm package
0.37061930501930507,2,2,0,0.43351676357269486,-0.08716476830031451,qnm,s=-2 from qnm package
0.3744799227799228,2,2,0,0.43432967582520104,-0.08712937826107704,qnm,s=-2 from qnm package
0.37834054054054056,2,2,0,0.43514797483762424,-0.08709346838290973,qnm,s=-2 from qnm package
0.3822011583011583,2,2,0,0.4359717252905089,-0.08705703038468758,qnm,s=-2 from qnm package
0.3860617760617761,2,2,0,0.43680099301279096,-0.08702005580587935,qnm,s=-2 from qnm package
0.38992239382239385,2,2,0,0.4376358450090067,-0.08698253600170554,qnm,s=-2 from qnm package
0.3937830115830116,2,2,0,0.4384763494873095,-0.08694446213814759,qnm,s=-2 from qnm package
0.39764362934362935,2,2,0,0.43932257588833584,-0.08690582518675406,qnm,s=-2 from qnm package
0.40150424710424715,2,2,0,0.4401745949149322,-0.08686661591931202,qnm,s=-2 from qnm package
0.4053648648648649,2,2,0,0.4410324785627898,-0.08682682490234218,qnm,s=-2 from qnm package
0.40922548262548264,2,2,0,0.4418963001520201,-0.08678644249136952,qnm,s=-2 from qnm package
0.4130861003861004,2,2,0,0.4427661343596884,-0.0867454588250609,qnm,s=-2 from qnm package
0.4169467181467182,2,2,0,0.44364205725336664,-0.08670386381911982,qnm,s=-2 from qnm package
0.42080733590733593,2,2,0,0.44452414632572623,-0.08666164715999854,qnm,s=-2 from qnm package
0.4246679536679537,2,2,0,0.44541248053021354,-0.08661879829837789,qnm,s=-2 from qnm package
0.4285285714285714,2,2,0,0.44630714031785135,-0.08657530644244578,qnm,s=-2 from qnm package
0.4323891891891892,2,2,0,0.44720820767521385,-0.08653116055092763,qnm,s=-2 from qnm package
0.436249806949807,2,2,0,0.4481157661636047,-0.08648634932588055,qnm,s=-2 from qnm package
0.4401104247104247,2,2,0,0.4490299009595066,-0.08644086120523452,qnm,s=-2 from qnm package
0.4439710424710425,2,2,0,0.4499506988963352,-0.08639468435507769,qnm,s=-2 from qnm package
0.44783166023166027,2,2,0,0.4508782485075506,-0.08634780666166338,qnm,s=-2 from qnm package
0.451692277992278,2,2,0,0.4518126400711945,-0.08630021572313945,qnm,s=-2 from qnm package
0.45555289575289576,2,2,0,0.4527539656558843,-0.08625189884096962,qnm,s=-2 from qnm package
0.45941351351351356,2,2,0,0.4537023191683545,-0.08620284301106965,qnm,s=-2 from qnm package
0.4632741312741313,2,2,0,0.4546577964025736,-0.0861530349145951,qnm,s=-2 from qnm package
0.46713474903474905,2,2,0,0.4556204950905312,-0.08610246090842512,qnm,s=-2 from qnm package
0.4709953667953668,2,2,0,0.45659051495474345,-0.08605110701526021,qnm,s=-2 from qnm package
0.4748559845559846,2,2,0,0.4575679577625555,-0.0859989589134021,qnm,s=-2 from qnm package
0.47871660231660235,2,2,0,0.4585529273823156,-0.08594600192610238,qnm,s=-2 from qnm package
0.4825772200772201,2,2,0,0.45954552984149816,-0.085892221010567,qnm,s=-2 from qnm package
0.48643783783783784,2,2,0,0.46054587338686226,-0.08583760074649376,qnm,s=-2 from qnm package
0.49029845559845564,2,2,0,0.4615540685467158,-0.0857821253242382,qnm,s=-2 from qnm package
0.4941590733590734,2,2,0,0.4625702281954057,-0.08572577853246373,qnm,s=-2 from qnm package
0.49801969111969113,2,2,0,0.463594467620095,-0.085668543745376,qnm,s=-2 from qnm package
0.5018803088803089,2,2,0,0.4646269045899556,-0.08561040390941946,qnm,s=-2 from qnm package
0.5057409266409266,2,2,0,0.46566765942786287,-0.08555134152949903,qnm,s=-2 from qnm package
0.5096015444015445,2,2,0,0.4667168550847152,-0.08549133865463057,qnm,s=-2 from qnm package
0.5134621621621622,2,2,0,0.46777461721648167,-0.08543037686304121,qnm,s=-2 from qnm package
0.51732277992278,2,2,0,0.4688410742641218,-0.08536843724668067,qnm,s=-2 from qnm package
0.5211833976833977,2,2,0,0.46991635753648,-0.08530550039511137,qnm,s=-2 from qnm package
0.5250440154440155,2,2,0,0.4710006012963092,-0.08524154637875168,qnm,s=-2 from qnm package
0.5289046332046332,2,2,0,0.4720939428495652,-0.08517655473144135,qnm,s=-2 from qnm package
0.532765250965251,2,2,0,0.4731965226381137,-0.08511050443229637,qnm,s=-2 from qnm package
0.5366258687258687,2,2,0,0.4743084843360199,-0.0850433738868206,qnm,s=-2 from qnm package
0.5404864864864866,2,2,0,0.47542997494957906,-0.0849751409072362,qnm,s=-2 from qnm package
0.5443471042471043,2,2,0,0.4765611449212764,-0.08490578269199939,qnm,s=-2 from qnm package
0.548207722007722,2,2,0,0.4777021482378552,-0.08483527580444265,qnm,s=-2 from qnm package
0.5520683397683398,2,2,0,0.478853142542695,-0.08476359615052441,qnm,s=-2 from qnm package
0.5559289575289575,2,2,0,0.48001428925270856,-0.08469071895564288,qnm,s=-2 from qnm package
0.5597895752895753,2,2,0,0.4811857536799813,-0.08461661874042667,qnm,s=-2 from qnm package
0.563650193050193,2,2,0,0.48236770515838173,-0.08454126929549491,qnm,s=-2 from qnm package
0.5675108108108109,2,2,0,0.4835603171753996,-0.08446464365513048,qnm,s=-2 from qnm package
0.5713714285714286,2,2,0,0.48476376750947037,-0.084386714069771,qnm,s=-2 from qnm package
0.5752320463320464,2,2,0,0.48597823837306153,-0.0843074519772867,qnm,s=-2 from qnm package
0.5790926640926641,2,2,0,0.4872039165618217,-0.08422682797299545,qnm,s=-2 from qnm package
0.5829532818532819,2,2,0,0.4884409936101012,-0.08414481177830911,qnm,s=-2 from qnm package
0.5868138996138996,2,2,0,0.4896896659531835,-0.08406137220795816,qnm,s=-2 from qnm package
0.5906745173745174,2,2,0,0.49095013509657137,-0.08397647713573611,qnm,s=-2 from qnm package
0.5945351351351351,2,2,0,0.4922226077927125,-0.08389009345862312,qnm,s=-2 from qnm package
0.598395752895753,2,2,0,0.49350729622555184,-0.08380218705929726,qnm,s=-2 from qnm package
0.6022563706563707,2,2,0,0.494804418203353,-0.0837127227668297,qnm,s=-2 from qnm package
0.6061169884169885,2,2,0,0.4961141973602181,-0.08362166431556137,qnm,s=-2 from qnm package
0.6099776061776062,2,2,0,0.4974368633668048,-0.08352897430198639,qnm,s=-2 from qnm package
0.613838223938224,2,2,0,0.498772652150749,-0.08343461413957905,qnm,s=-2 from qnm package
0.6176988416988417,2,2,0,0.5001218061273291,-0.08333854401141544,qnm,s=-2 from qnm package
0.6215594594594595,2,2,0,0.5014845744409722,-0.08324072282046707,qnm,s=-2 from qnm package
0.6254200772200773,2,2,0,0.5028612132182068,-0.08314110813744009,qnm,s=-2 from qnm package
0.629280694980695,2,2,0,0.5042519858327451,-0.0830396561460141,qnm,s=-2 from qnm package
0.6331413127413128,2,2,0,0.5056571631833895,-0.0829363215852994,qnm,s=-2 from qnm package
0.6370019305019305,2,2,0,0.5070770239855324,-0.0828310576893858,qnm,s=-2 from qnm package
0.6408625482625483,2,2,0,0.5085118550770632,-0.08272381612376145,qnm,s=-2 from qnm package
0.644723166023166,2,2,0,0.5099619517395512,-0.08261454691846087,qnm,s=-2 from qnm package
0.6485837837837838,2,2,0,0.5114276180356387,-0.08250319839767503,qnm,s=-2 from qnm package
0.6524444015444015,2,2,0,0.5129091671636533,-0.08238971710565142,qnm,s=-2 from qnm package
0.6563050193050194,2,2,0,0.5144069218305088,-0.08227404772862777,qnm,s=-2 from qnm package
0.6601656370656371,2,2,0,0.5159212146440499,-0.08215613301255416,qnm,s=-2 from qnm package
0.6640262548262549,2,2,0,0.5174523885260982,-0.0820359136763096,qnm,s=-2 from qnm package
0.6678868725868726,2,2,0,0.5190007971475149,-0.0819133283201235,qnm,s=-2 from qnm package
0.6717474903474904,2,2,0,0.5205668053867456,-0.08178831332891814,qnm,s=-2 from qnm package
0.6756081081081081,2,2,0,0.5221507898133806,-0.0816608027701778,qnm,s=-2 from qnm package
0.6794687258687259,2,2,0,0.5237531391984187,-0.08153072828599592,qnm,s=-2 from qnm package
0.6833293436293437,2,2,0,0.5253742550530437,-0.08139801897891535,qnm,s=-2 from qnm package
0.6871899613899615,2,2,0,0.5270145521978584,-0.0812626012910968,qnm,s=-2 from qnm package
0.6910505791505792,2,2,0,0.5286744593647045,-0.08112439887638041,qnm,s=-2 from qnm package
0.694911196911197,2,2,0,0.5303544198333553,-0.08098333246470842,qnm,s=-2 from qnm package
0.6987718146718147,2,2,0,0.5320548921055517,-0.08083931971835664,qnm,s=-2 from qnm package
0.7026324324324325,2,2,0,0.5337763506190988,-0.08069227507940953,qnm,s=-2 from qnm package
0.7064930501930502,2,2,0,0.5355192865049213,-0.08054210960778119,qnm,s=-2 from qnm package
0.7103536679536679,2,2,0,0.5372842083902751,-0.08038873080911876,qnm,s=-2 from qnm package
0.7142142857142858,2,2,0,0.5390716432515694,-0.08023204245178875,qnm,s=-2 from qnm package
0.7180749034749035,2,2,0,0.5408821373205576,-0.08007194437213683,qnm,s=-2 from qnm package
0.7219355212355213,2,2,0,0.5427162570480353,-0.07990833226707653,qnm,s=-2 from qnm package
0.725796138996139,2,2,0,0.5445745901294983,-0.07974109747300277,qnm,s=-2 from qnm package
0.7296567567567568,2,2,0,0.546457746597695,-0.07957012673000644,qnm,s=-2 from qnm package
0.7335173745173745,2,2,0,0.5483663599874331,-0.07939530193007809,qnm,s=-2 from qnm package
0.7373779922779923,2,2,0,0.5503010885785259,-0.07921649984809323,qnm,s=-2 from qnm package
0.7412386100386101,2,2,0,0.5522626167233343,-0.0790335918540659,qnm,s=-2 from qnm package
0.7450992277992279,2,2,0,0.5542516562660113,-0.0788464436051257,qnm,s=-2 from qnm package
0.7489598455598456,2,2,0,0.556268948061237,-0.07865491471545623,qnm,s=-2 from qnm package
0.7528204633204634,2,2,0,0.558315263601067,-0.07845885840226383,qnm,s=-2 from qnm package
0.7566810810810811,2,2,0,0.5603914067593669,-0.07825812110567548,qnm,s=-2 from qnm package
0.7605416988416989,2,2,0,0.5624982156643313,-0.07805254208016972,qnm,s=-2 from qnm package
0.7644023166023166,2,2,0,0.5646365647106821,-0.07784195295502923,qnm,s=-2 from qnm package
0.7682629343629344,2,2,0,0.5668073667244184,-0.07762617726078495,qnm,s=-2 from qnm package
0.7721235521235522,2,2,0,0.5690115752944024,-0.07740502991859619,qnm,s=-2 from qnm package
0.77598416988417,2,2,0,0.5712501872866381,-0.07717831668890424,qnm,s=-2 from qnm package
0.7798447876447877,2,2,0,0.5735242455589769,-0.0769458335753923,qnm,s=-2 from qnm package
0.7837054054054055,2,2,0,0.5758348418959478,-0.07670736617984097,qnm,s=-2 from qnm package
0.7875660231660232,2,2,0,0.5781831201858266,-0.07646268900285778,qnm,s=-2 from qnm package
0.791426640926641,2,2,0,0.5805702798646467,-0.07621156468496909,qnm,s=-2 from qnm package
0.7952872586872587,2,2,0,0.58299757965492,-0.0759537431817207,qnm,s=-2 from qnm package
0.7991478764478764,2,2,0,0.5854663416302821,-0.07568896086581434,qnm,s=-2 from qnm package
0.8030084942084943,2,2,0,0.5879779556412412,-0.07541693954829574,qnm,s=-2 from qnm package
0.806869111969112,2,2,0,0.5905338841417888,-0.07513738540978035,qnm,s=-2 from qnm package
0.8107297297297298,2,2,0,0.5931356674618484,-0.07484998783155042,qnm,s=-2 from qnm package
0.8145903474903475,2,2,0,0.5957849295766587,-0.07455441811491414,qnm,s=-2 from qnm package
0.8184509652509653,2,2,0,0.5984833844311546,-0.07425032807566646,qnm,s=-2 from qnm package
0.822311583011583,2,2,0,0.6012328428856347,-0.07393734849856311,qnm,s=-2 from qnm package
0.8261722007722008,2,2,0,0.6040352203584884,-0.0736150874345764,qnm,s=-2 from qnm package
0.8300328185328186,2,2,0,0.6068925452528895,-0.07328312832112932,qnm,s=-2 from qnm package
0.8338934362934364,2,2,0,0.6098069682674119,-0.0729410279025407,qnm,s=-2 from qnm package
0.8377540540540541,2,2,0,0.612780772705885,-0.07258831392428698,qnm,s=-2 from qnm package
0.8416146718146719,2,2,0,0.6158163859199439,-0.07222448257062701,qnm,s=-2 from qnm package
0.8454752895752896,2,2,0,0.618916392039207,-0.07184899561011326,qnm,s=-2 from qnm package
0.8493359073359074,2,2,0,0.6220835461696409,-0.07146127720754548,qnm,s=-2 from qnm package
0.8531965250965251,2,2,0,0.6253207902712126,-0.07106071035400185,qnm,s=-2 from qnm package
0.8570571428571429,2,2,0,0.6286312709626509,-0.07064663285790769,qnm,s=-2 from qnm package
0.8609177606177607,2,2,0,0.6320183595453538,-0.07021833282994584,qnm,s=-2 from qnm package
0.8647783783783785,2,2,0,0.6354856745920758,-0.06977504358216698,qnm,s=-2 from qnm package
0.8686389961389962,2,2,0,0.6390371075112526,-0.06931593784637892,qnm,s=-2 from qnm package
0.872499613899614,2,2,0,0.6426768515776216,-0.06884012119843852,qnm,s=-2 from qnm package
0.8763602316602317,2,2,0,0.6464094350180211,-0.06834662455199475,qnm,s=-2 from qnm package
0.8802208494208494,2,2,0,0.6502397588627934,-0.06783439555698789,qnm,s=-2 from qnm package
0.8840814671814672,2,2,0,0.6541731404246195,-0.0673022887025607,qnm,s=-2 from qnm package
0.887942084942085,2,2,0,0.658215363456362,-0.06674905387973826,qnm,s=-2 from qnm package
0.8918027027027028,2,2,0,0.6623727362791034,-0.06617332310279686,qnm,s=-2 from qnm package
0.8956633204633205,2,2,0,0.6666521594762348,-0.06557359501665665,qnm,s=-2 from qnm package
0.8995239382239383,2,2,0,0.6710612051400732,-0.06494821672548723,qnm,s=-2 from qnm package
0.903384555984556,2,2,0,0.6756082101624624,-0.06429536235862275,qnm,s=-2 from qnm package
0.9072451737451738,2,2,0,0.6803023867196779,-0.06361300763390644,qnm,s=-2 from qnm package
0.9111057915057915,2,2,0,0.6851539539699203,-0.06289889947317473,qnm,s=-2 from qnm package
0.9149664092664093,2,2,0,0.6901742961373224,-0.062150519450144166,qnm,s=-2 from qnm package
0.9188270270270271,2,2,0,0.6953761537124923,-0.06136503948129213,qnm,s=-2 from qnm package
0.9226876447876449,2,2,0,0.7007738566210322,-0.06053926766497446,qnm,s=-2 from qnm package
0.9265482625482626,2,2,0,0.7063836111424483,-0.059669581474984905,qnm,s=-2 from qnm package
0.9304088803088804,2,2,0,0.7122238564710391,-0.058751844532872535,qnm,s=-2 from qnm package
0.9342694980694981,2,2,0,0.7183157126644285,-0.05778130178204189,qnm,s=-2 from qnm package
0.9381301158301159,2,2,0,0.7246835502138345,-0.05675244585151929,qnm,s=-2 from qnm package
0.9419907335907336,2,2,0,0.7313557240213853,-0.05565884438286633,qnm,s=-2 from qnm package
0.9458513513513515,2,2,0,0.7383655335367405,-0.05449291353116122,qnm,s=-2 from qnm package
0.9497119691119692,2,2,0,0.745752500175001,-0.05324561577496466,qnm,s=-2 from qnm package
0.953572586872587,2,2,0,0.753564099885685,-0.05190604889016537,qnm,s=-2 from qnm package
0.9574332046332047,2,2,0,0.7618581655195974,-0.050460874390742975,qnm,s=-2 from qnm package
0.9612938223938224,2,2,0,0.7707063043614782,-0.04889350211090291,qnm,s=-2 from qnm package
0.9651544401544402,2,2,0,0.7801989082784336,-0.04718289138308028,qnm,s=-2 from qnm package
0.9690150579150579,2,2,0,0.7904527668059408,-0.04530172429671903,qnm,s=-2 from qnm package
0.9728756756756757,2,2,0,0.8016231499981257,-0.04321349864310102,qnm,s=-2 from qnm package
0.9767362934362935,2,2,0,0.8139240494719653,-0.040867645742672196,qnm,s=-2 from qnm package
0.9805969111969113,2,2,0,0.8276645075509715,-0.038190747796681905,qnm,s=-2 from qnm package
0.984457528957529,2,2,0,0.8433200745004658,-0.03506922957291089,qnm,s=-2 from qnm package
0.9883181467181468,2,2,0,0.8616926211129751,-0.031310592704000426,qnm,s=-2 from qnm package
0.9921787644787645,2,2,0,0.8843453362428317,-0.026537813423990173,qnm,s=-2 from qnm package
0.9960393822393823,2,2,0,0.9152913935822509,-0.019779365092504726,qnm,s=-2 from qnm package
0.9999,2,2,0,0.9856735483810959,-0.0034686731051764893,qnm,s=-2 from qnm package
0.0,2,2,1,0.34671099687916285,-0.27391487529123504,qnm,s=-2 from qnm package
0.003860617760617761,2,2,1,0.34726759526803547,-0.2738653231385505,qnm,s=-2 from qnm package
0.007721235521235522,2,2,1,0.3478264707949882,-0.27381525648168414,qnm,s=-2 from qnm package
0.011581853281853283,2,2,1,0.3483876405110914,-0.27376467055035125,qnm,s=-2 from qnm package
0.015442471042471043,2,2,1,0.34895112166380177,-0.27371356050868106,qnm,s=-2 from qnm package
0.019303088803088803,2,2,1,0.34951693170002035,-0.2736619214540967,qnm,s=-2 from qnm package
0.023163706563706567,2,2,1,0.3500850882691862,-0.2736097484161768,qnm,s=-2 from qnm package
0.027024324324324327,2,2,1,0.35065560922642275,-0.2735570363554749,qnm,s=-2 from qnm package
0.030884942084942087,2,2,1,0.3512285126357833,-0.2735037801623329,qnm,s=-2 from qnm package
0.03474555984555985,2,2,1,0.3518038167735176,-0.27344997465565607,qnm,s=-2 from qnm package
0.03860617760617761,2,2,1,0.3523815401314348,-0.27339561458167083,qnm,s=-2 from qnm package
0.04246679536679537,2,2,1,0.3529617014202954,-0.2733406946126435,qnm,s=-2 from qnm package
0.04632741312741313,2,2,1,0.3535443195733164,-0.2732852093455824,qnm,s=-2 from qnm package
0.05018803088803089,2,2,1,0.35412941374971935,-0.27322915330090974,qnm,s=-2 from qnm package
0.05404864864864865,2,2,1,0.35471700333831324,-0.27317252092108885,qnm,s=-2 from qnm package
0.05790926640926641,2,2,1,0.35530710796123643,-0.27311530656924626,qnm,s=-2 from qnm package
0.06176988416988417,2,2,1,0.3558997474777037,-0.2730575045277467,qnm,s=-2 from qnm package
0.06563050193050193,2,2,1,0.35649494198781995,-0.2729991089967324,qnm,s=-2 from qnm package
0.0694911196911197,2,2,1,0.35709271183653557,-0.2729401140926423,qnm,s=-2 from qnm package
0.07335173745173745,2,2,1,0.3576930776176215,-0.27288051384668816,qnm,s=-2 from qnm package
0.07721235521235521,2,2,1,0.3582960601777483,-0.2728203022033057,qnm,s=-2 from qnm package
0.08107297297297297,2,2,1,0.35890168062066696,-0.2727594730185596,qnm,s=-2 from qnm package
0.08493359073359073,2,2,1,0.35950996031142096,-0.27269802005851507,qnm,s=-2 from qnm package
0.08879420849420849,2,2,1,0.3601209208807036,-0.27263593699757765,qnm,s=-2 from qnm package
0.09265482625482627,2,2,1,0.36073458422927707,-0.27257321741678914,qnm,s=-2 from qnm package
0.09651544401544403,2,2,1,0.36135097253247755,-0.2725098548020902,qnm,s=-2 from qnm package
0.10037606177606179,2,2,1,0.36197010824481785,-0.272445842542521,qnm,s=-2 from qnm package
0.10423667953667955,2,2,1,0.36259201410470426,-0.2723811739284186,qnm,s=-2 from qnm package
0.1080972972972973,2,2,1,0.3632167131392356,-0.2723158421495375,qnm,s=-2 from qnm package
0.11195791505791507,2,2,1,0.36384422866909866,-0.2722498402931392,qnm,s=-2 from qnm package
0.11581853281853283,2,2,1,0.3644745843135633,-0.27218316134203496,qnm,s=-2 from qnm package
0.11967915057915059,2,2,1,0.36510780399562326,-0.27211579817258597,qnm,s=-2 from qnm package
0.12353976833976835,2,2,1,0.36574391194719363,-0.2720477435526518,qnm,s=-2 from qnm package
0.12740038610038612,2,2,1,0.3663829327144395,-0.27197899013948396,qnm,s=-2 from qnm package
0.13126100386100387,2,2,1,0.3670248911632445,-0.2719095304775845,qnm,s=-2 from qnm package
0.13512162162162164,2,2,1,0.367669812484744,-0.27183935699648787,qnm,s=-2 from qnm package
0.1389822393822394,2,2,1,0.36831772220105047,-0.2717684620085285,qnm,s=-2 from qnm package
0.14284285714285716,2,2,1,0.3689686461709966,-0.27169683770649544,qnm,s=-2 from qnm package
0.1467034749034749,2,2,1,0.3696226105961504,-0.2716244761612985,qnm,s=-2 from qnm package
0.15056409266409268,2,2,1,0.3702796420267975,-0.27155136931951146,qnm,s=-2 from qnm package
0.15442471042471043,2,2,1,0.3709397673681953,-0.27147750900090223,qnm,s=-2 from qnm package
0.1582853281853282,2,2,1,0.3716030138868956,-0.2714028868958812,qnm,s=-2 from qnm package
0.16214594594594595,2,2,1,0.3722694092171843,-0.2713274945628785,qnm,s=-2 from qnm package
0.16600656370656372,2,2,1,0.37293898136775505,-0.2712513234256807,qnm,s=-2 from qnm package
0.16986718146718147,2,2,1,0.3736117587284244,-0.27117436477066703,qnm,s=-2 from qnm package
0.17372779922779924,2,2,1,0.3742877700770915,-0.27109660974401306,qnm,s=-2 from qnm package
0.17758841698841699,2,2,1,0.3749670445867897,-0.2710180493487877,qnm,s=-2 from qnm package
0.18144903474903476,2,2,1,0.37564961183291934,-0.27093867444199426,qnm,s=-2 from qnm package
0.18530965250965253,2,2,1,0.3763355018006544,-0.2708584757315393,qnm,s=-2 from qnm package
0.18917027027027028,2,2,1,0.37702474489253884,-0.27077744377311924,qnm,s=-2 from qnm package
0.19303088803088805,2,2,1,0.37771737193616983,-0.2706955689670097,qnm,s=-2 from qnm package
0.1968915057915058,2,2,1,0.3784134141921739,-0.27061284155479975,qnm,s=-2 from qnm package
0.20075212355212357,2,2,1,0.3791129033622856,-0.270529251616021,qnm,s=-2 from qnm package
0.20461274131274132,2,2,1,0.3798158715976441,-0.2704447890646923,qnm,s=-2 from qnm package
0.2084733590733591,2,2,1,0.38052235150729435,-0.2703594436457814,qnm,s=-2 from qnm package
0.21233397683397684,2,2,1,0.38123237616685535,-0.27027320493155665,qnm,s=-2 from qnm package
0.2161945945945946,2,2,1,0.3819459791274283,-0.2701860623178587,qnm,s=-2 from qnm package
0.22005521235521236,2,2,1,0.3826631944246756,-0.2700980050202553,qnm,s=-2 from qnm package
0.22391583011583013,2,2,1,0.3833840565881882,-0.2700090220701199,qnm,s=-2 from qnm package
0.22777644787644788,2,2,1,0.3841086006509604,-0.26991910231055866,qnm,s=-2 from qnm package
0.23163706563706565,2,2,1,0.3848368621592281,-0.2698282343922816,qnm,s=-2 from qnm package
0.2354976833976834,2,2,1,0.3855688771824292,-0.2697364067693188,qnm,s=-2 from qnm package
0.23935830115830117,2,2,1,0.3863046823234802,-0.2696436076946372,qnm,s=-2 from qnm package
0.24321891891891892,2,2,1,0.3870443147292525,-0.2695498252156298,qnm,s=-2 from qnm package
0.2470795366795367,2,2,1,0.3877878121013678,-0.2694550471695015,qnm,s=-2 from qnm package
0.25094015444015444,2,2,1,0.3885352127071757,-0.26935926117848147,qnm,s=-2 from qnm package
0.25480077220077224,2,2,1,0.3892865553910655,-0.26926245464494863,qnm,s=-2 from qnm package
0.25866138996139,2,2,1,0.3900418795860608,-0.2691646147464005,qnm,s=-2 from qnm package
0.26252200772200773,2,2,1,0.3908012253256367,-0.26906572843026655,qnm,s=-2 from qnm package
0.2663826254826255,2,2,1,0.3915646332559346,-0.2689657824086101,qnm,s=-2 from qnm package
0.2702432432432433,2,2,1,0.39233214464817284,-0.2688647631526312,qnm,s=-2 from qnm package
0.274103861003861,2,2,1,0.39310380141147133,-0.26876265688705986,qnm,s=-2 from qnm package
0.2779644787644788,2,2,1,0.39387964610593473,-0.2686594495843573,qnm,s=-2 from qnm package
0.2818250965250965,2,2,1,0.3946597219561019,-0.26855512695875894,qnm,s=-2 from qnm package
0.2856857142857143,2,2,1,0.39544407286473504,-0.2684496744601466,qnm,s=-2 from qnm package
0.28954633204633207,2,2,1,0.39623274342694625,-0.26834307726773216,qnm,s=-2 from qnm package
0.2934069498069498,2,2,1,0.3970257789447264,-0.2682353202835709,qnm,s=-2 from qnm package
0.29726756756756756,2,2,1,0.39782322544181337,-0.2681263881258678,qnm,s=-2 from qnm package
0.30112818532818536,2,2,1,0.39862512967898495,-0.2680162651221009,qnm,s=-2 from qnm package
0.3049888030888031,2,2,1,0.3994315391697226,-0.2679049353019206,qnm,s=-2 from qnm package
0.30884942084942085,2,2,1,0.4002425021963145,-0.26779238238985736,qnm,s=-2 from qnm package
0.31271003861003865,2,2,1,0.4010580678263644,-0.26767858979778775,qnm,s=-2 from qnm package
0.3165706563706564,2,2,1,0.4018782859297719,-0.26756354061719934,qnm,s=-2 from qnm package
0.32043127413127415,2,2,1,0.40270320719612596,-0.2674472176111883,qnm,s=-2 from qnm package
0.3242918918918919,2,2,1,0.4035328831526099,-0.2673296032062388,qnm,s=-2 from qnm package
0.3281525096525097,2,2,1,0.4043673661823723,-0.2672106794837416,qnm,s=-2 from qnm package
0.33201312741312744,2,2,1,0.40520670954338667,-0.267090428171238,qnm,s=-2 from qnm package
0.3358737451737452,2,2,1,0.40605096738785373,-0.2669688306334111,qnm,s=-2 from qnm package
0.33973436293436293,2,2,1,0.4069001947821316,-0.2668458678627878,qnm,s=-2 from qnm package
0.34359498069498073,2,2,1,0.40775444772719655,-0.26672152047014214,qnm,s=-2 from qnm package
0.3474555984555985,2,2,1,0.4086137831797021,-0.2665957686746069,qnm,s=-2 from qnm package
0.3513162162162162,2,2,1,0.4094782590736081,-0.2664685922934633,qnm,s=-2 from qnm package
0.35517683397683397,2,2,1,0.41034793434243166,-0.26633997073160937,qnm,s=-2 from qnm package
0.3590374517374518,2,2,1,0.41122286894211096,-0.26620988297068704,qnm,s=-2 from qnm package
0.3628980694980695,2,2,1,0.4121031238745411,-0.26607830755786677,qnm,s=-2 from qnm package
0.36675868725868727,2,2,1,0.41298876121177414,-0.26594522259425973,qnm,s=-2 from qnm package
0.37061930501930507,2,2,1,0.41387984412089485,-0.26581060572294957,qnm,s=-2 from qnm package
0.3744799227799228,2,2,1,0.4147764368896457,-0.2656744341166477,qnm,s=-2 from qnm package
0.37834054054054056,2,2,1,0.415678604952787,-0.26553668446492446,qnm,s=-2 from qnm package
0.3822011583011583,2,2,1,0.41658641491923215,-0.2653973329610357,qnm,s=-2 from qnm package
0.3860617760617761,2,2,1,0.41749993459994433,-0.26525635528828007,qnm,s=-2 from qnm package
0.38992239382239385,2,2,1,0.4184192330367182,-0.26511372660594035,qnm,s=-2 from qnm package
0.3937830115830116,2,2,1,0.4193443805317821,-0.2649694215347202,qnm,s=-2 from qnm package
0.39764362934362935,2,2,1,0.4202754486782733,-0.2648234141416942,qnm,s=-2 from qnm package
0.40150424710424715,2,2,1,0.42121251039166313,-0.264675677924755,qnm,s=-2 from qnm package
0.4053648648648649,2,2,1,0.4221556399421087,-0.2645261857965161,qnm,s=-2 from qnm package
0.40922548262548264,2,2,1,0.4231049129878031,-0.2643749100676737,qnm,s=-2 from qnm package
0.4130861003861004,2,2,1,0.4240604066093323,-0.2642218224297726,qnm,s=-2 from qnm package
0.4169467181467182,2,2,1,0.4250221993450984,-0.2640668939373932,qnm,s=-2 from qnm package
0.42080733590733593,2,2,1,0.4259903712278475,-0.2639100949896987,qnm,s=-2 from qnm package
0.4246679536679537,2,2,1,0.4269650038223064,-0.26375139531133557,qnm,s=-2 from qnm package
0.4285285714285714,2,2,1,0.42794618026404413,-0.26359076393266856,qnm,s=-2 from qnm package
0.4323891891891892,2,2,1,0.42893398529951227,-0.2634281691692903,qnm,s=-2 from qnm package
0.436249806949807,2,2,1,0.4299285053273894,-0.2632635786008176,qnm,s=-2 from qnm package
0.4401104247104247,2,2,1,0.43092982844121824,-0.26309695904890323,qnm,s=-2 from qnm package
0.4439710424710425,2,2,1,0.4319380444734428,-0.26292827655446527,qnm,s=-2 from qnm package
0.44783166023166027,2,2,1,0.43295324504084204,-0.262757496354086,qnm,s=-2 from qnm package
0.451692277992278,2,2,1,0.4339755235914491,-0.2625845828555244,qnm,s=-2 from qnm package
0.45555289575289576,2,2,1,0.4350049754530103,-0.2624094996123492,qnm,s=-2 from qnm package
0.45941351351351356,2,2,1,0.4360416978830364,-0.2622322092976165,qnm,s=-2 from qnm package
0.4632741312741313,2,2,1,0.43708579012050164,-0.2620526736765579,qnm,s=-2 from qnm package
0.46713474903474905,2,2,1,0.4381373534392972,-0.26187085357825746,qnm,s=-2 from qnm package
0.4709953667953668,2,2,1,0.4391964912034436,-0.26168670886624873,qnm,s=-2 from qnm package
0.4748559845559846,2,2,1,0.44026330892420235,-0.26150019840799216,qnm,s=-2 from qnm package
0.47871660231660235,2,2,1,0.4413379143190891,-0.2613112800431758,qnm,s=-2 from qnm package
0.4825772200772201,2,2,1,0.4424204173729573,-0.26111991055081524,qnm,s=-2 from qnm package
0.48643783783783784,2,2,1,0.4435109304011388,-0.260926045615053,qnm,s=-2 from qnm package
0.49029845559845564,2,2,1,0.44460956811482116,-0.2607296397896437,qnm,s=-2 from qnm package
0.4941590733590734,2,2,1,0.445716447688673,-0.26053064646103274,qnm,s=-2 from qnm package
0.49801969111969113,2,2,1,0.44683168883086777,-0.2603290178099851,qnm,s=-2 from qnm package
0.5018803088803089,2,2,1,0.44795541385558907,-0.26012470477166894,qnm,s=-2 from qnm package
0.5057409266409266,2,2,1,0.44908774775811044,-0.2599176569941692,qnm,s=-2 from qnm package
0.5096015444015445,2,2,1,0.45022881829258793,-0.2597078227953086,qnm,s=-2 from qnm package
0.5134621621621622,2,2,1,0.45137875605266514,-0.25949514911773003,qnm,s=-2 from qnm package
0.51732277992278,2,2,1,0.45253769455499804,-0.259279581482132,qnm,s=-2 from qnm package
0.5211833976833977,2,2,1,0.4537057703258803,-0.25906106393860734,qnm,s=-2 from qnm package
0.5250440154440155,2,2,1,0.4548831229910436,-0.2588395390159347,qnm,s=-2 from qnm package
0.5289046332046332,2,2,1,0.45606989536881504,-0.25861494766879595,qnm,s=-2 from qnm package
0.532765250965251,2,2,1,0.4572662335667828,-0.2583872292227585,qnm,s=-2 from qnm package
0.5366258687258687,2,2,1,0.45847228708209087,-0.25815632131693517,qnm,s=-2 from qnm package
0.5404864864864866,2,2,1,0.45968820890559325,-0.2579221598442289,qnm,s=-2 from qnm package
0.5443471042471043,2,2,1,0.4609141556299839,-0.2576846788890045,qnm,s=-2 from qnm package
0.548207722007722,2,2,1,0.4621502875621169,-0.2574438106620751,qnm,s=-2 from qnm package
0.5520683397683398,2,2,1,0.4633967688397077,-0.25719948543287646,qnm,s=-2 from qnm package
0.5559289575289575,2,2,1,0.46465376755263926,-0.256951631458679,qnm,s=-2 from qnm package
0.5597895752895753,2,2,1,0.4659214558690644,-0.25670017491069164,qnm,s=-2 from qnm package
0.563650193050193,2,2,1,0.46720001016655693,-0.2564450397968806,qnm,s=-2 from qnm package
0.5675108108108109,2,2,1,0.4684896111685279,-0.25618614788134564,qnm,s=-2 from qnm package
0.5713714285714286,2,2,1,0.4697904440862144,-0.25592341860008566,qnm,s=-2 from qnm package
0.5752320463320464,2,2,1,0.4711026987664886,-0.25565676897295964,qnm,s=-2 from qnm package
0.5790926640926641,2,2,1,0.4724265698457332,-0.25538611351159096,qnm,s=-2 from qnm package
0.5829532818532819,2,2,1,0.47376225691018126,-0.25511136412309476,qnm,s=-2 from qnm package
0.5868138996138996,2,2,1,0.47510996466297284,-0.25483243000930983,qnm,s=-2 from qnm package
0.5906745173745174,2,2,1,0.4764699030983082,-0.25454921756136134,qnm,s=-2 from qnm package
0.5945351351351351,2,2,1,0.4778422876830585,-0.25426163024925097,qnm,s=-2 from qnm package
0.598395752895753,2,2,1,0.47922733954619956,-0.2539695685062225,qnm,s=-2 from qnm package
0.6022563706563707,2,2,1,0.48062528567652985,-0.2536729296076088,qnm,s=-2 from qnm package
0.6061169884169885,2,2,1,0.4820363591290918,-0.2533716075438762,qnm,s=-2 from qnm package
0.6099776061776062,2,2,1,0.4834607992407043,-0.2530654928874669,qnm,s=-2 from qnm package
0.613838223938224,2,2,1,0.48489885185523635,-0.2527544726531842,qnm,s=-2 from qnm package
0.6176988416988417,2,2,1,0.4863507695590361,-0.2524384301516775,qnm,s=-2 from qnm package
0.6215594594594595,2,2,1,0.4878168119271005,-0.25211724483563996,qnm,s=-2 from qnm package
0.6254200772200773,2,2,1,0.4892972457806564,-0.251790792138324,qnm,s=-2 from qnm package
0.629280694980695,2,2,1,0.490792345456713,-0.2514589433038968,qnm,s=-2 from qnm package
0.6331413127413128,2,2,1,0.49230239309034024,-0.2511215652091482,qnm,s=-2 from qnm package
0.6370019305019305,2,2,1,0.49382767891035423,-0.2507785201760506,qnm,s=-2 from qnm package
0.6408625482625483,2,2,1,0.49536850154922857,-0.2504296657745939,qnm,s=-2 from qnm package
0.644723166023166,2,2,1,0.49692516836808837,-0.2500748546153336,qnm,s=-2 from qnm package
0.6485837837837838,2,2,1,0.49849799579761184,-0.24971393413096046,qnm,s=-2 from qnm package
0.6524444015444015,2,2,1,0.5000873096959274,-0.24934674634629533,qnm,s=-2 from qnm package
0.6563050193050194,2,2,1,0.5016934457244263,-0.24897312763588544,qnm,s=-2 from qnm package
0.6601656370656371,2,2,1,0.5033167497426883,-0.2485929084684851,qnm,s=-2 from qnm package
0.6640262548262549,2,2,1,0.5049575782236552,-0.24820591313754256,qnm,s=-2 from qnm package
0.6678868725868726,2,2,1,0.5066162986903879,-0.2478119594767878,qnm,s=-2 from qnm package
0.6717474903474904,2,2,1,0.5082932901757912,-0.24741085855998576,qnm,s=-2 from qnm package
0.6756081081081081,2,2,1,0.5099889437067364,-0.24700241438372095,qnm,s=-2 from qnm package
0.6794687258687259,2,2,1,0.5117036628142937,-0.24658642353218377,qnm,s=-2 from qnm package
0.6833293436293437,2,2,1,0.5134378640717031,-0.24616267482262166,qnm,s=-2 from qnm package
0.6871899613899615,2,2,1,0.5151919776620966,-0.24573094893027217,qnm,s=-2 from qnm package
0.6910505791505792,2,2,1,0.516966447977853,-0.24529101799120878,qnm,s=-2 from qnm package
0.694911196911197,2,2,1,0.518761734253896,-0.2448426451816502,qnm,s=-2 from qnm package
0.6987718146718147,2,2,1,0.5205783112373087,-0.24438558427205082,qnm,s=-2 from qnm package
0.7026324324324325,2,2,1,0.522416669895771,-0.24391957915410356,qnm,s=-2 from qnm package
0.7064930501930502,2,2,1,0.5242773181677579,-0.24344436333878133,qnm,s=-2 from qnm package
0.7103536679536679,2,2,1,0.5261607817574441,-0.24295965942319525,qnm,s=-2 from qnm package
0.7142142857142858,2,2,1,0.5280676049776898,-0.24246517852399738,qnm,s=-2 from qnm package
0.7180749034749035,2,2,1,0.5299983516447546,-0.24196061967480512,qnm,s=-2 from qnm package
0.7219355212355213,2,2,1,0.5319536060286241,-0.24144566918483976,qnm,s=-2 from qnm package
0.725796138996139,2,2,1,0.533933973863376,-0.24091999995587085,qnm,s=-2 from qnm package
0.7296567567567568,2,2,1,0.5359400834221876,-0.2403832707540673,qnm,s=-2 from qnm package
0.7335173745173745,2,2,1,0.53797258666228,-0.2398351254332716,qnm,s=-2 from qnm package
0.7373779922779923,2,2,1,0.5400321604453526,-0.23927519210567347,qnm,s=-2 from qnm package
0.7412386100386101,2,2,1,0.5421195078398857,-0.2387030822556651,qnm,s=-2 from qnm package
0.7450992277992279,2,2,1,0.5442353595119926,-0.23811838979203231,qnm,s=-2 from qnm package
0.7489598455598456,2,2,1,0.5463804752125152,-0.23752069003338533,qnm,s=-2 from qnm package
0.7528204633204634,2,2,1,0.548555645368578,-0.23690953862099398,qnm,s=-2 from qnm package
0.7566810810810811,2,2,1,0.5507616927888522,-0.23628447035278805,qnm,s=-2 from qnm package
0.7605416988416989,2,2,1,0.5529994744925972,-0.23564499793142307,qnm,s=-2 from qnm package
0.7644023166023166,2,2,1,0.5552698836738696,-0.23499061061882162,qnm,s=-2 from qnm package
0.7682629343629344,2,2,1,0.5575738518132001,-0.23432077278844707,qnm,s=-2 from qnm package
0.7721235521235522,2,2,1,0.5599123509507825,-0.23363492236595568,qnm,s=-2 from qnm package
0.77598416988417,2,2,1,0.5622863961364651,-0.23293246914749818,qnm,s=-2 from qnm package
0.7798447876447877,2,2,1,0.5646970480738629,-0.23221279298398043,qnm,s=-2 from qnm package
0.7837054054054055,2,2,1,0.5671454159777666,-0.23147524181806003,qnm,s=-2 from qnm package
0.7875660231660232,2,2,1,0.5696326606663437,-0.23071912955914026,qnm,s=-2 from qnm package
0.791426640926641,2,2,1,0.5721599979123512,-0.22994373377991886,qnm,s=-2 from qnm package
0.7952872586872587,2,2,1,0.5747287020803822,-0.2291482932158854,qnm,s=-2 from qnm package
0.7991478764478764,2,2,1,0.5773401100806853,-0.22833200504693904,qnm,s=-2 from qnm package
0.8030084942084943,2,2,1,0.5799956256740807,-0.22749402193762033,qnm,s=-2 from qnm package
0.806869111969112,2,2,1,0.5826967241667679,-0.2266334488092996,qnm,s=-2 from qnm package
0.8107297297297298,2,2,1,0.5854449575392886,-0.22574933931424712,qnm,s=-2 from qnm package
0.8145903474903475,2,2,1,0.5882419600597062,-0.2248406919772981,qnm,s=-2 from qnm package
0.8184509652509653,2,2,1,0.5910894544381319,-0.22390644596616502,qnm,s=-2 from qnm package
0.822311583011583,2,2,1,0.5939892585877442,-0.22294547644583831,qnm,s=-2 from qnm package
0.8261722007722008,2,2,1,0.5969432930669657,-0.22195658946614322,qnm,s=-2 from qnm package
0.8300328185328186,2,2,1,0.5999535892884078,-0.22093851632388647,qnm,s=-2 from qnm package
0.8338934362934364,2,2,1,0.6030222985932091,-0.21988990733221045,qnm,s=-2 from qnm package
0.8377540540540541,2,2,1,0.6061517023046519,-0.21880932491930116,qnm,s=-2 from qnm package
0.8416146718146719,2,2,1,0.6093442228928913,-0.21769523596616835,qnm,s=-2 from qnm package
0.8454752895752896,2,2,1,0.6126024364040837,-0.21654600327859871,qnm,s=-2 from qnm package
0.8493359073359074,2,2,1,0.6159290863327049,-0.21535987607083856,qnm,s=-2 from qnm package
0.8531965250965251,2,2,1,0.6193270991460701,-0.21413497931751133,qnm,s=-2 from qnm package
0.8570571428571429,2,2,1,0.6227996017069813,-0.21286930180526012,qnm,s=-2 from qnm package
0.8609177606177607,2,2,1,0.6263499408841301,-0.21156068268495362,qnm,s=-2 from qnm package
0.8647783783783785,2,2,1,0.6299817056935995,-0.2102067962884941,qnm,s=-2 from qnm package
0.8686389961389962,2,2,1,0.6336987523797855,-0.20880513492925293,qnm,s=-2 from qnm package
0.872499613899614,2,2,1,0.6375052329236189,-0.20735298934978916,qnm,s=-2 from qnm package
0.8763602316602317,2,2,1,0.641405627564253,-0.20584742641268156,qnm,s=-2 from qnm package
0.8802208494208494,2,2,1,0.6454047820416666,-0.20428526354574436,qnm,s=-2 from qnm package
0.8840814671814672,2,2,1,0.6495079504189579,-0.20266303934770713,qnm,s=-2 from qnm package
0.887942084942085,2,2,1,0.653720844533011,-0.2009769796281925,qnm,s=-2 from qnm package
0.8918027027027028,2,2,1,0.6580496913617048,-0.19922295798858936,qnm,s=-2 from qnm package
0.8956633204633205,2,2,1,0.6625012999008778,-0.197396449837256,qnm,s=-2 from qnm package
0.8995239382239383,2,2,1,0.6670831395353987,-0.1954924784588885,qnm,s=-2 from qnm package
0.903384555984556,2,2,1,0.6718034323943664,-0.19350555140317444,qnm,s=-2 from qnm package
0.9072451737451738,2,2,1,0.6766712628406089,-0.19142958499425378,qnm,s=-2 from qnm package
0.9111057915057915,2,2,1,0.6816967081147576,-0.1892578141507175,qnm,s=-2 from qnm package
0.9149664092664093,2,2,1,0.6868909953126243,-0.18698268388913472,qnm,s=-2 from qnm package
0.9188270270270271,2,2,1,0.6922666914353389,-0.18459571778246786,qnm,s=-2 from qnm package
0.9226876447876449,2,2,1,0.6978379353796732,-0.1820873571392623,qnm,s=-2 from qnm package
0.9265482625482626,2,2,1,0.7036207236769151,-0.1794467625852652,qnm,s=-2 from qnm package
0.9304088803088804,2,2,1,0.7096332659121556,-0.17666156680016756,qnm,s=-2 from qnm package
0.9342694980694981,2,2,1,0.7158964316314115,-0.1737175629804274,qnm,s=-2 from qnm package
0.9381301158301159,2,2,1,0.72243431906405,-0.17059830752166424,qnm,s=-2 from qnm package
0.9419907335907336,2,2,1,0.7292749885859092,-0.16728460640720152,qnm,s=-2 from qnm package
0.9458513513513515,2,2,1,0.7364514228855473,-0.16375384114790079,qnm,s=-2 from qnm package
0.9497119691119692,2,2,1,0.7440028052699912,-0.15997906894690228,qnm,s=-2 from qnm package
0.953572586872587,2,2,1,0.7519762544509402,-0.15592779798992493,qnm,s=-2 from qnm package
0.9574332046332047,2,2,1,0.7604292311644414,-0.15156028317388592,qnm,s=-2 from qnm package
0.9612938223938224,2,2,1,0.7694329630486998,-0.14682709274637837,qnm,s=-2 from qnm package
0.9651544401544402,2,2,1,0.7790774667984544,-0.14166552761938456,qnm,s=-2 from qnm package
0.9690150579150579,2,2,1,0.78947918019354,-0.13599415988583147,qnm,s=-2 from qnm package
0.9728756756756757,2,2,1,0.8007930739326753,-0.12970413233800346,qnm,s=-2 from qnm package
0.9767362934362935,2,2,1,0.8132329351992443,-0.12264453038099532,qnm,s=-2 from qnm package
0.9805969111969113,2,2,1,0.8271077538041252,-0.11459603700294471,qnm,s=-2 from qnm package
0.984457528957529,2,2,1,0.8428932356987553,-0.10521895522425985,qnm,s=-2 from qnm package
0.9883181467181468,2,2,1,0.8613915783993688,-0.09393667777550027,qnm,s=-2 from qnm package
0.9921787644787645,2,2,1,0.8841658551595644,-0.07961803741002006,qnm,s=-2 from qnm package
0.9960393822393823,2,2,1,0.9152245581096632,-0.05934427342266037,qnm,s=-2 from qnm package
0.9999,2,2,1,0.9856734295906474,-0.010406220892303275,qnm,s=-2 from qnm package
0.0,2,2,2,0.30105345461250427,-0.47827698322307044,qnm,s=-2 from qnm package
0.003860617760617761,2,2,2,0.30171900829431897,-0.4781033157859478,qnm,s=-2 from qnm package
0.007721235521235522,2,2,2,0.3023870850468492,-0.4779287414544087,qnm,s=-2 from qnm package
0.011581853281853283,2,2,2,0.303057701844622,-0.47775325194605667,qnm,s=-2 from qnm package
0.015442471042471043,2,2,2,0.3037308758574922,-0.4775768388713097,qnm,s=-2 from qnm package
0.019303088803088803,2,2,2,0.3044066244537228,-0.47739949373175833,qnm,s=-2 from qnm package
0.023163706563706567,2,2,2,0.3050849652031459,-0.47722120791848194,qnm,s=-2 from qnm package
0.027024324324324327,2,2,2,0.3057659158803767,-0.4770419727103337,qnm,s=-2 from qnm package
0.030884942084942087,2,2,2,0.3064494944680814,-0.47686177927219114,qnm,s=-2 from qnm package
0.03474555984555985,2,2,2,0.30713571916034443,-0.4766806186531589,qnm,s=-2 from qnm package
0.03860617760617761,2,2,2,0.3078246083660449,-0.4764984817847597,qnm,s=-2 from qnm package
0.04246679536679537,2,2,2,0.30851618071235454,-0.4763153594790583,qnm,s=-2 from qnm package
0.04632741312741313,2,2,2,0.3092104550482822,-0.4761312424267613,qnm,s=-2 from qnm package
0.05018803088803089,2,2,2,0.30990745044829865,-0.47594612119527435,qnm,s=-2 from qnm package
0.05404864864864865,2,2,2,0.310607186216011,-0.47575998622672,qnm,s=-2 from qnm package
0.05790926640926641,2,2,2,0.31130968188795344,-0.475572827835908,qnm,s=-2 from qnm package
0.06176988416988417,2,2,2,0.31201495723742023,-0.47538463620826066,qnm,s=-2 from qnm package
0.06563050193050193,2,2,2,0.3127230322783929,-0.4751954013977083,qnm,s=-2 from qnm package
0.0694911196911197,2,2,2,0.31343392726955,-0.47500511332451484,qnm,s=-2 from qnm package
0.07335173745173745,2,2,2,0.3141476627183532,-0.4748137617730798,qnm,s=-2 from qnm package
0.07721235521235521,2,2,2,0.3148642593852224,-0.47462133638967324,qnm,s=-2 from qnm package
0.08107297297297297,2,2,2,0.3155837382878081,-0.47442782668013445,qnm,s=-2 from qnm package
0.08493359073359073,2,2,2,0.3163061207053237,-0.4742332220075122,qnm,s=-2 from qnm package
0.08879420849420849,2,2,2,0.3170314281830165,-0.47403751158965574,qnm,s=-2 from qnm package
0.09265482625482627,2,2,2,0.31775968253668796,-0.47384068449674577,qnm,s=-2 from qnm package
0.09651544401544403,2,2,2,0.3184909058573385,-0.47364272964878423,qnm,s=-2 from qnm package
0.10037606177606179,2,2,2,0.31922512051590496,-0.4734436358130103,qnm,s=-2 from qnm package
0.10423667953667955,2,2,2,0.31996234916809463,-0.47324339160126944,qnm,s=-2 from qnm package
0.1080972972972973,2,2,2,0.32070261475933953,-0.4730419854673191,qnm,s=-2 from qnm package
0.11195791505791507,2,2,2,0.32144594052983083,-0.47283940570406974,qnm,s=-2 from qnm package
0.11581853281853283,2,2,2,0.3221923500197,-0.47263564044077017,qnm,s=-2 from qnm package
0.11967915057915059,2,2,2,0.32294186707428535,-0.4724306776401156,qnm,s=-2 from qnm package
0.12353976833976835,2,2,2,0.3236945158495246,-0.4722245050953052,qnm,s=-2 from qnm package
0.12740038610038612,2,2,2,0.3244503208174656,-0.4720171104270143,qnm,s=-2 from qnm package
0.13126100386100387,2,2,2,0.3252093067719174,-0.4718084810803012,qnm,s=-2 from qnm package
0.13512162162162164,2,2,2,0.32597149883417936,-0.4715986043214536,qnm,s=-2 from qnm package
0.1389822393822394,2,2,2,0.32673692245896974,-0.471387467234737,qnm,s=-2 from qnm package
0.14284285714285716,2,2,2,0.327505603440431,-0.47117505671908455,qnm,s=-2 from qnm package
0.1467034749034749,2,2,2,0.32827756791829343,-0.47096135948469614,qnm,s=-2 from qnm package
0.15056409266409268,2,2,2,0.3290528423841745,-0.4707463620495707,qnm,s=-2 from qnm package
0.15442471042471043,2,2,2,0.3298314536880377,-0.47053005073593007,qnm,s=-2 from qnm package
0.1582853281853282,2,2,2,0.3306134290447817,-0.47031241166658094,qnm,s=-2 from qnm package
0.16214594594594595,2,2,2,0.33139879604099015,-0.4700934307611704,qnm,s=-2 from qnm package
0.16600656370656372,2,2,2,0.332187582641834,-0.46987309373236225,qnm,s=-2 from qnm package
0.16986718146718147,2,2,2,0.3329798171981478,-0.4696513860819052,qnm,s=-2 from qnm package
0.17372779922779924,2,2,2,0.33377552845365704,-0.46942829309661865,qnm,s=-2 from qnm package
0.17758841698841699,2,2,2,0.33457474555238464,-0.46920379984426064,qnm,s=-2 from qnm package
0.18144903474903476,2,2,2,0.3353774980462384,-0.4689778911693083,qnm,s=-2 from qnm package
0.18530965250965253,2,2,2,0.33618381590275204,-0.46875055168862667,qnm,s=-2 from qnm package
0.18917027027027028,2,2,2,0.33699372951306705,-0.46852176578701565,qnm,s=-2 from qnm package
0.19303088803088805,2,2,2,0.3378072697000268,-0.46829151761266696,qnm,s=-2 from qnm package
0.1968915057915058,2,2,2,0.33862446772655913,-0.468059791072476,qnm,s=-2 from qnm package
0.20075212355212357,2,2,2,0.33944535530418,-0.46782656982726095,qnm,s=-2 from qnm package
0.20461274131274132,2,2,2,0.3402699646017461,-0.46759183728683573,qnm,s=-2 from qnm package
0.2084733590733591,2,2,2,0.3410983282544405,-0.4673555766049619,qnm,s=-2 from qnm package
0.21233397683397684,2,2,2,0.34193047937292526,-0.467117770674176,qnm,s=-2 from qnm package
0.2161945945945946,2,2,2,0.34276645155276664,-0.4668784021204637,qnm,s=-2 from qnm package
0.22005521235521236,2,2,2,0.343606278884072,-0.46663745329781353,qnm,s=-2 from qnm package
0.22391583011583013,2,2,2,0.34444999596139736,-0.46639490628259417,qnm,s=-2 from qnm package
0.22777644787644788,2,2,2,0.3452976378938456,-0.46615074286782465,qnm,s=-2 from qnm package
0.23163706563706565,2,2,2,0.34614924031549166,-0.4659049445572414,qnm,s=-2 from qnm package
0.2354976833976834,2,2,2,0.3470048393960189,-0.4656574925592397,qnm,s=-2 from qnm package
0.23935830115830117,2,2,2,0.34786447185164193,-0.4654083677806383,qnm,s=-2 from qnm package
0.24321891891891892,2,2,2,0.34872817495634245,-0.4651575508202593,qnm,s=-2 from qnm package
0.2470795366795367,2,2,2,0.34959598655332824,-0.46490502196235367,qnm,s=-2 from qnm package
0.25094015444015444,2,2,2,0.3504679450668467,-0.4646507611698306,qnm,s=-2 from qnm package
0.25480077220077224,2,2,2,0.3513440895142866,-0.464394748077289,qnm,s=-2 from qnm package
0.25866138996139,2,2,2,0.3522244595185915,-0.46413696198387233,qnm,s=-2 from qnm package
0.26252200772200773,2,2,2,0.3531090953210053,-0.4638773818459078,qnm,s=-2 from qnm package
0.2663826254826255,2,2,2,0.35399803779415046,-0.4636159862693383,qnm,s=-2 from qnm package
0.2702432432432433,2,2,2,0.3548913284554574,-0.4633527535019336,qnm,s=-2 from qnm package
0.274103861003861,2,2,2,0.3557890094809516,-0.4630876614252876,qnm,s=-2 from qnm package
0.2779644787644788,2,2,2,0.35669112371941786,-0.4628206875465673,qnm,s=-2 from qnm package
0.2818250965250965,2,2,2,0.3575977147069225,-0.46255180899003656,qnm,s=-2 from qnm package
0.2856857142857143,2,2,2,0.358508826681757,-0.46228100248831583,qnm,s=-2 from qnm package
0.28954633204633207,2,2,2,0.35942450459977887,-0.46200824437339594,qnm,s=-2 from qnm package
0.2934069498069498,2,2,2,0.36034479415016263,-0.4617335105673734,qnm,s=-2 from qnm package
0.29726756756756756,2,2,2,0.36126974177159576,-0.46145677657291656,qnm,s=-2 from qnm package
0.30112818532818536,2,2,2,0.36219939466892076,-0.46117801746343534,qnm,s=-2 from qnm package
0.3049888030888031,2,2,2,0.3631338008302359,-0.4608972078729644,qnm,s=-2 from qnm package
0.30884942084942085,2,2,2,0.36407300904447165,-0.46061432198572233,qnm,s=-2 from qnm package
0.31271003861003865,2,2,2,0.3650170689194779,-0.46032933352536015,qnm,s=-2 from qnm package
0.3165706563706564,2,2,2,0.36596603090059504,-0.46004221574387616,qnm,s=-2 from qnm package
0.32043127413127415,2,2,2,0.36691994628977076,-0.45975294141017836,qnm,s=-2 from qnm package
0.3242918918918919,2,2,2,0.36787886726520536,-0.45946148279830046,qnm,s=-2 from qnm package
0.3281525096525097,2,2,2,0.3688428469015967,-0.4591678116752288,qnm,s=-2 from qnm package
0.33201312741312744,2,2,2,0.36981193919092814,-0.45887189928835403,qnm,s=-2 from qnm package
0.3358737451737452,2,2,2,0.3707861990638563,-0.45857371635252864,qnm,s=-2 from qnm package
0.33973436293436293,2,2,2,0.3717656824117624,-0.4582732330366848,qnm,s=-2 from qnm package
0.34359498069498073,2,2,2,0.3727504461094244,-0.4579704189500383,qnm,s=-2 from qnm package
0.3474555984555985,2,2,2,0.373740548038335,-0.45766524312783463,qnm,s=-2 from qnm package
0.3513162162162162,2,2,2,0.3747360471107519,-0.45735767401662814,qnm,s=-2 from qnm package
0.35517683397683397,2,2,2,0.3757370032944321,-0.4570476794590692,qnm,s=-2 from qnm package
0.3590374517374518,2,2,2,0.3767434776381092,-0.4567352266781966,qnm,s=-2 from qnm package
0.3628980694980695,2,2,2,0.3777555322977486,-0.4564202822611877,qnm,s=-2 from qnm package
0.36675868725868727,2,2,2,0.3787732305635865,-0.4561028121425735,qnm,s=-2 from qnm package
0.37061930501930507,2,2,2,0.3797966368879764,-0.45578278158687774,qnm,s=-2 from qnm package
0.3744799227799228,2,2,2,0.3808258169141214,-0.4554601551706555,qnm,s=-2 from qnm package
0.37834054054054056,2,2,2,0.3818608375056498,-0.4551348967639255,qnm,s=-2 from qnm package
0.3822011583011583,2,2,2,0.38290176677712184,-0.4548069695109482,qnm,s=-2 from qnm package
0.3860617760617761,2,2,2,0.3839486741254557,-0.45447633581034047,qnm,s=-2 from qnm package
0.38992239382239385,2,2,2,0.38500163026239487,-0.4541429572944795,qnm,s=-2 from qnm package
0.3937830115830116,2,2,2,0.38606070724793184,-0.4538067948081857,qnm,s=-2 from qnm package
0.39764362934362935,2,2,2,0.38712597852477587,-0.4534678083866459,qnm,s=-2 from qnm package
0.40150424710424715,2,2,2,0.3881975189539911,-0.45312595723253557,qnm,s=-2 from qnm package
0.4053648648648649,2,2,2,0.3892754048516693,-0.45278119969232367,qnm,s=-2 from qnm package
0.40922548262548264,2,2,2,0.39035971402684255,-0.4524334932317046,qnm,s=-2 from qnm package
0.4130861003861004,2,2,2,0.3914505258206002,-0.4520827944101343,qnm,s=-2 from qnm package
0.4169467181467182,2,2,2,0.3925479211464563,-0.45172905885442327,qnm,s=-2 from qnm package
0.42080733590733593,2,2,2,0.3936519825320232,-0.4513722412313496,qnm,s=-2 from qnm package
0.4246679536679537,2,2,2,0.39476279416209753,-0.4510122952192414,qnm,s=-2 from qnm package
0.4285285714285714,2,2,2,0.395880441923079,-0.4506491734784919,qnm,s=-2 from qnm package
0.4323891891891892,2,2,2,0.3970050134489232,-0.4502828276209526,qnm,s=-2 from qnm package
0.436249806949807,2,2,2,0.3981365981686003,-0.4499132081781432,qnm,s=-2 from qnm package
0.4401104247104247,2,2,2,0.39927528735512435,-0.449540264568259,qnm,s=-2 from qnm package
0.4439710424710425,2,2,2,0.4004211741762262,-0.44916394506187607,qnm,s=-2 from qnm package
0.44783166023166027,2,2,2,0.4015743537467693,-0.44878419674632114,qnm,s=-2 from qnm package
0.451692277992278,2,2,2,0.40273492318288,-0.4484009654886499,qnm,s=-2 from qnm package
0.45555289575289576,2,2,2,0.403902981657999,-0.44801419589713193,qnm,s=-2 from qnm package
0.45941351351351356,2,2,2,0.40507863046080217,-0.44762383128122124,qnm,s=-2 from qnm package
0.4632741312741313,2,2,2,0.4062619730550933,-0.4472298136099014,qnm,s=-2 from qnm package
0.46713474903474905,2,2,2,0.4074531151418507,-0.44683208346834785,qnm,s=-2 from qnm package
0.4709953667953668,2,2,2,0.4086521647233724,-0.44643058001281377,qnm,s=-2 from qnm package
0.4748559845559846,2,2,2,0.4098592321696664,-0.44602524092366863,qnm,s=-2 from qnm package
0.47871660231660235,2,2,2,0.41107443028719814,-0.44561600235649,qnm,s=-2 from qnm package
0.4825772200772201,2,2,2,0.41229787439007465,-0.445202798891109,qnm,s=-2 from qnm package
0.48643783783783784,2,2,2,0.41352968237372095,-0.4447855634785181,qnm,s=-2 from qnm package
0.49029845559845564,2,2,2,0.41476997479123995,-0.4443642273855347,qnm,s=-2 from qnm package
0.4941590733590734,2,2,2,0.4160188749324617,-0.44393872013710084,qnm,s=-2 from qnm package
0.49801969111969113,2,2,2,0.41727650890589923,-0.44350896945610674,qnm,s=-2 from qnm package
0.5018803088803089,2,2,2,0.41854300572364744,-0.4430749012006114,qnm,s=-2 from qnm package
0.5057409266409266,2,2,2,0.41981849738937355,-0.44263643929833024,qnm,s=-2 from qnm package
0.5096015444015445,2,2,2,0.42110311898958086,-0.4421935056782436,qnm,s=-2 from qnm package
0.5134621621621622,2,2,2,0.4223970087881773,-0.44174602019919224,qnm,s=-2 from qnm package
0.51732277992278,2,2,2,0.42370030832460476,-0.4412939005752796,qnm,s=-2 from qnm package
0.5211833976833977,2,2,2,0.4250131625155763,-0.44083706229794917,qnm,s=-2 from qnm package
0.5250440154440155,2,2,2,0.4263357197606869,-0.44037541855452034,qnm,s=-2 from qnm package
0.5289046332046332,2,2,2,0.4276681320519186,-0.43990888014304697,qnm,s=-2 from qnm package
0.532765250965251,2,2,2,0.42901055508736813,-0.43943735538325107,qnm,s=-2 from qnm package
0.5366258687258687,2,2,2,0.43036314838926154,-0.43896075002336643,qnm,s=-2 from qnm package
0.5404864864864866,2,2,2,0.43172607542649705,-0.4384789671426442,qnm,s=-2 from qnm package
0.5443471042471043,2,2,2,0.43309950374188644,-0.4379919070493031,qnm,s=-2 from qnm package
0.548207722007722,2,2,2,0.4344836050843176,-0.43749946717367166,qnm,s=-2 from qnm package
0.5520683397683398,2,2,2,0.4358785555460789,-0.4370015419562593,qnm,s=-2 from qnm package
0.5559289575289575,2,2,2,0.4372845357055015,-0.43649802273047567,qnm,s=-2 from qnm package
0.5597895752895753,2,2,2,0.438701730775249,-0.4359887975997132,qnm,s=-2 from qnm package
0.563650193050193,2,2,2,0.44013033075641284,-0.43547375130847915,qnm,s=-2 from qnm package
0.5675108108108109,2,2,2,0.4415705305987483,-0.4349527651072227,qnm,s=-2 from qnm package
0.5713714285714286,2,2,2,0.44302253036730244,-0.4344257166105396,qnm,s=-2 from qnm package
0.5752320463320464,2,2,2,0.44448653541571986,-0.43389247964835653,qnm,s=-2 from qnm package
0.5790926640926641,2,2,2,0.44596275656649625,-0.4333529241096983,qnm,s=-2 from qnm package
0.5829532818532819,2,2,2,0.44745141029859165,-0.4328069157786334,qnm,s=-2 from qnm package
0.5868138996138996,2,2,2,0.44895271894263583,-0.4322543161619243,qnm,s=-2 from qnm package
0.5906745173745174,2,2,2,0.45046691088414903,-0.43169498230791875,qnm,s=-2 from qnm package
0.5945351351351351,2,2,2,0.4519942207751269,-0.43112876661618477,qnm,s=-2 from qnm package
0.598395752895753,2,2,2,0.45353488975433265,-0.43055551663731906,qnm,s=-2 from qnm package
0.6022563706563707,2,2,2,0.45508916567685076,-0.4299750748623927,qnm,s=-2 from qnm package
0.6061169884169885,2,2,2,0.45665730335313404,-0.4293872785013838,qnm,s=-2 from qnm package
0.6099776061776062,2,2,2,0.4582395647981476,-0.428791959249986,qnm,s=-2 from qnm package
0.613838223938224,2,2,2,0.45983621949107406,-0.4281889430440613,qnm,s=-2 from qnm package
0.6176988416988417,2,2,2,0.4614475446460209,-0.4275780498010343,qnm,s=-2 from qnm package
0.6215594594594595,2,2,2,0.4630738254942964,-0.4269590931474149,qnm,s=-2 from qnm package
0.6254200772200773,2,2,2,0.46471535557887045,-0.42633188013162804,qnm,s=-2 from qnm package
0.629280694980695,2,2,2,0.46637243706151543,-0.4256962109212509,qnm,s=-2 from qnm package
0.6331413127413128,2,2,2,0.468045381043377,-0.4250518784837077,qnm,s=-2 from qnm package
0.6370019305019305,2,2,2,0.4697345078994755,-0.42439866824940736,qnm,s=-2 from qnm package
0.6408625482625483,2,2,2,0.47144014762809383,-0.42373635775623403,qnm,s=-2 from qnm package
0.644723166023166,2,2,2,0.47316264021546195,-0.42306471627425163,qnm,s=-2 from qnm package
0.6485837837837838,2,2,2,0.4749023360168872,-0.4223835044093631,qnm,s=-2 from qnm package
0.6524444015444015,2,2,2,0.47665959615487974,-0.42169247368463164,qnm,s=-2 from qnm package
0.6563050193050194,2,2,2,0.47843479293534635,-0.42099136609783655,qnm,s=-2 from qnm package
0.6601656370656371,2,2,2,0.4802283102827238,-0.4202799136537751,qnm,s=-2 from qnm package
0.6640262548262549,2,2,2,0.48204054419504677,-0.4195578378696865,qnm,s=-2 from qnm package
0.6678868725868726,2,2,2,0.4838719032201141,-0.4188248492520901,qnm,s=-2 from qnm package
0.6717474903474904,2,2,2,0.4857228089537725,-0.41808064674319084,qnm,s=-2 from qnm package
0.6756081081081081,2,2,2,0.48759369656170265,-0.41732491713488623,qnm,s=-2 from qnm package
0.6794687258687259,2,2,2,0.4894850153258304,-0.4165573344482622,qnm,s=-2 from qnm package
0.6833293436293437,2,2,2,0.4913972292169669,-0.4157775592763043,qnm,s=-2 from qnm package
0.6871899613899615,2,2,2,0.4933308174950658,-0.4149852380874435,qnm,s=-2 from qnm package
0.6910505791505792,2,2,2,0.4952862753387097,-0.41418000248727355,qnm,s=-2 from qnm package
0.694911196911197,2,2,2,0.49726411450567676,-0.4133614684357053,qnm,s=-2 from qnm package
0.6987718146718147,2,2,2,0.49926486402640324,-0.4125292354165277,qnm,s=-2 from qnm package
0.7026324324324325,2,2,2,0.5012890709323883,-0.4116828855561702,qnm,s=-2 from qnm package
0.7064930501930502,2,2,2,0.5033373010217671,-0.41082198268819,qnm,s=-2 from qnm package
0.7103536679536679,2,2,2,0.5054101396644632,-0.409946071359762,qnm,s=-2 from qnm package
0.7142142857142858,2,2,2,0.5075081926495425,-0.40905467577614424,qnm,s=-2 from qnm package
0.7180749034749035,2,2,2,0.5096320870775167,-0.4081472986787814,qnm,s=-2 from qnm package
0.7219355212355213,2,2,2,0.5117824723009435,-0.40722342015236335,qnm,s=-2 from qnm package
0.725796138996139,2,2,2,0.5139600209164211,-0.4062824963557851,qnm,s=-2 from qnm package
0.7296567567567568,2,2,2,0.5161654298120367,-0.40532395817149025,qnm,s=-2 from qnm package
0.7335173745173745,2,2,2,0.5183994212741178,-0.40434720976731087,qnm,s=-2 from qnm package
0.7373779922779923,2,2,2,0.5206627441580403,-0.4033516270642906,qnm,s=-2 from qnm package
0.7412386100386101,2,2,2,0.5229561751279244,-0.4023365561035281,qnm,s=-2 from qnm package
0.7450992277992279,2,2,2,0.5252805199710147,-0.40130131130436114,qnm,s=-2 from qnm package
0.7489598455598456,2,2,2,0.5276366149926253,-0.40024517360558043,qnm,s=-2 from qnm package
0.7528204633204634,2,2,2,0.5300253284987388,-0.39916738848054517,qnm,s=-2 from qnm package
0.7566810810810811,2,2,2,0.532447562373872,-0.39806716381622653,qnm,s=-2 from qnm package
0.7605416988416989,2,2,2,0.5349042537626633,-0.39694366764521255,qnm,s=-2 from qnm package
0.7644023166023166,2,2,2,0.5373963768648217,-0.3957960257186257,qnm,s=-2 from qnm package
0.7682629343629344,2,2,2,0.5399249448541793,-0.39462331890664454,qnm,s=-2 from qnm package
0.7721235521235522,2,2,2,0.5424910119338896,-0.39342458041195766,qnm,s=-2 from qnm package
0.77598416988417,2,2,2,0.5450956755413237,-0.392198792779828,qnm,s=-2 from qnm package
0.7798447876447877,2,2,2,0.5477400787179845,-0.3909448846866764,qnm,s=-2 from qnm package
0.7837054054054055,2,2,2,0.5504254126618101,-0.38966172748703426,qnm,s=-2 from qnm package
0.7875660231660232,2,2,2,0.5531529194812661,-0.38834813149629754,qnm,s=-2 from qnm package
0.791426640926641,2,2,2,0.5559238951736081,-0.38700284198404106,qnm,s=-2 from qnm package
0.7952872586872587,2,2,2,0.5587396928522562,-0.3856245348495387,qnm,s=-2 from qnm package
0.7991478764478764,2,2,2,0.5616017262522557,-0.3842118119474683,qnm,s=-2 from qnm package
0.8030084942084943,2,2,2,0.5645114735459315,-0.3827631960277035,qnm,s=-2 from qnm package
0.806869111969112,2,2,2,0.5674704815065046,-0.3812771252481926,qnm,s=-2 from qnm package
0.8107297297297298,2,2,2,0.5704803700615803,-0.37975194721434646,qnm,s=-2 from qnm package
0.8145903474903475,2,2,2,0.5735428372855759,-0.37818591249184175,qnm,s=-2 from qnm package
0.8184509652509653,2,2,2,0.5766596648865767,-0.37657716753207626,qnm,s=-2 from qnm package
0.822311583011583,2,2,2,0.5798327242516095,-0.3749237469406239,qnm,s=-2 from qnm package
0.8261722007722008,2,2,2,0.5830639831240553,-0.3732235650085307,qnm,s=-2 from qnm package
0.8300328185328186,2,2,2,0.5863555129980281,-0.37147440641400514,qnm,s=-2 from qnm package
0.8338934362934364,2,2,2,0.5897094973276915,-0.3696739159874538,qnm,s=-2 from qnm package
0.8377540540540541,2,2,2,0.5931282406650289,-0.3678195874157205,qnm,s=-2 from qnm package
0.8416146718146719,2,2,2,0.5966141788579029,-0.3659087507408412,qnm,s=-2 from qnm package
0.8454752895752896,2,2,2,0.6001698904615599,-0.363938558484496,qnm,s=-2 from qnm package
0.8493359073359074,2,2,2,0.6037981095427067,-0.3619059702002021,qnm,s=-2 from qnm package
0.8531965250965251,2,2,2,0.6075017400852959,-0.35980773522064047,qnm,s=-2 from qnm package
0.8570571428571429,2,2,2,0.6112838722445061,-0.35764037332564325,qnm,s=-2 from qnm package
0.8609177606177607,2,2,2,0.6151478007386004,-0.3554001530058856,qnm,s=-2 from qnm package
0.8647783783783785,2,2,2,0.6190970457222778,-0.35308306693607344,qnm,s=-2 from qnm package
0.8686389961389962,2,2,2,0.6231353765493594,-0.35068480419671216,qnm,s=-2 from qnm package
0.872499613899614,2,2,2,0.6272668389122409,-0.3482007186920509,qnm,s=-2 from qnm package
0.8763602316602317,2,2,2,0.6314957859425705,-0.3456257930991324,qnm,s=-2 from qnm package
0.8802208494208494,2,2,2,0.6358269139782592,-0.34295459754317725,qnm,s=-2 from qnm package
0.8840814671814672,2,2,2,0.6402653038520867,-0.34018124202058275,qnm,s=-2 from qnm package
0.887942084942085,2,2,2,0.6448164687452527,-0.3372993213722213,qnm,s=-2 from qnm package
0.8918027027027028,2,2,2,0.6494864098872496,-0.3343018513338354,qnm,s=-2 from qnm package
0.8956633204633205,2,2,2,0.6542816816862492,-0.33118119383866296,qnm,s=-2 from qnm package
0.8995239382239383,2,2,2,0.6592094682626144,-0.32792896929616044,qnm,s=-2 from qnm package
0.903384555984556,2,2,2,0.6642776738616908,-0.32453595298634696,qnm,s=-2 from qnm package
0.9072451737451738,2,2,2,0.6694950302790674,-0.32099195194548646,qnm,s=-2 from qnm package
0.9111057915057915,2,2,2,0.6748712252989422,-0.317285657710766,qnm,s=-2 from qnm package
0.9149664092664093,2,2,2,0.6804170573025566,-0.3134044689466214,qnm,s=-2 from qnm package
0.9188270270270271,2,2,2,0.6861446227631197,-0.30933427616013776,qnm,s=-2 from qnm package
0.9226876447876449,2,2,2,0.6920675454725917,-0.3050591982324785,qnm,s=-2 from qnm package
0.9265482625482626,2,2,2,0.6982012592907378,-0.30056125705746994,qnm,s=-2 from qnm package
0.9304088803088804,2,2,2,0.7045633603415532,-0.2958199717486037,qnm,s=-2 from qnm package
0.9342694980694981,2,2,2,0.7111740504785996,-0.29081184697585377,qnm,s=-2 from qnm package
0.9381301158301159,2,2,2,0.7180567024001803,-0.28550971995989904,qnm,s=-2 from qnm package
0.9419907335907336,2,2,2,0.7252385894614819,-0.2798819157707548,qnm,s=-2 from qnm package
0.9458513513513515,2,2,2,0.7327518423867166,-0.27389113802151127,qnm,s=-2 from qnm package
0.9497119691119692,2,2,2,0.7406347247605165,-0.26749298701044105,qnm,s=-2 from qnm package
0.953572586872587,2,2,2,0.7489333664283131,-0.2606339414169736,qnm,s=-2 from qnm package
0.9574332046332047,2,2,2,0.7577041715429252,-0.2532485474733964,qnm,s=-2 from qnm package
0.9612938223938224,2,2,2,0.7670172500950204,-0.24525540207496233,qnm,s=-2 from qnm package
0.9651544401544402,2,2,2,0.776961456163564,-0.23655123584858564,qnm,s=-2 from qnm package
0.9690150579150579,2,2,2,0.7876520528975024,-0.22700187751805914,qnm,s=-2 from qnm package
0.9728756756756757,2,2,2,0.7992428872915562,-0.21642783973504914,qnm,s=-2 from qnm package
0.9767362934362935,2,2,2,0.8119467900267204,-0.20458004644428188,qnm,s=-2 from qnm package
0.9805969111969113,2,2,2,0.8260721721779466,-0.19109604130789054,qnm,s=-2 from qnm package
0.984457528957529,2,2,2,0.8420949102785328,-0.17541342591191994,qnm,s=-2 from qnm package
0.9883181467181468,2,2,2,0.8608187262888382,-0.1565754276030917,qnm,s=-2 from qnm package
0.9921787644787645,2,2,2,0.8838101912638785,-0.13270004006920694,qnm,s=-2 from qnm package
0.9960393822393823,2,2,2,0.915080317517601,-0.09891779059687467,qnm,s=-2 from qnm package
0.9999,2,2,2,0.9856726883990818,-0.017344123059493875,qnm,s=-2 from qnm package
0.0,3,3,0,0.5994432884374902,-0.09270304794494749,qnm,s=-2 from qnm package
0.003860617760617761,3,3,0,0.6002249820901234,-0.09269539066308213,qnm,s=-2 from qnm package
0.007721235521235522,3,3,0,0.6010098942682685,-0.09268752148505466,qnm,s=-2 from qnm package
0.011581853281853283,3,3,0,0.6017980491539213,-0.09267943829364617,qnm,s=-2 from qnm package
0.015442471042471043,3,3,0,0.6025894711991284,-0.09267113894432077,qnm,s=-2 from qnm package
0.019303088803088803,3,3,0,0.6033841851300182,-0.092662621264777,qnm,s=-2 from qnm package
0.023163706563706567,3,3,0,0.6041822159509281,-0.0926538830545058,qnm,s=-2 from qnm package
0.027024324324324327,3,3,0,0.6049835889485786,-0.09264492208430365,qnm,s=-2 from qnm package
0.030884942084942087,3,3,0,0.6057883296963658,-0.09263573609580895,qnm,s=-2 from qnm package
0.03474555984555985,3,3,0,0.6065964640586999,-0.0926263228010124,qnm,s=-2 from qnm package
0.03860617760617761,3,3,0,0.6074080181954475,-0.09261667988176679,qnm,s=-2 from qnm package
0.04246679536679537,3,3,0,0.6082230185664516,-0.09260680498927425,qnm,s=-2 from qnm package
0.04632741312741313,3,3,0,0.609041491936144,-0.09259669574356981,qnm,s=-2 from qnm package
0.05018803088803089,3,3,0,0.6098634653782332,-0.09258634973300457,qnm,s=-2 from qnm package
0.05404864864864865,3,3,0,0.6106889662805073,-0.09257576451369601,qnm,s=-2 from qnm package
0.05790926640926641,3,3,0,0.6115180223496997,-0.09256493760899269,qnm,s=-2 from qnm package
0.06176988416988417,3,3,0,0.6123506616164829,-0.09255386650889817,qnm,s=-2 from qnm package
0.06563050193050193,3,3,0,0.6131869124405283,-0.09254254866951031,qnm,s=-2 from qnm package
0.0694911196911197,3,3,0,0.614026803515696,-0.09253098151243515,qnm,s=-2 from qnm package
0.07335173745173745,3,3,0,0.6148703638752974,-0.09251916242419021,qnm,s=-2 from qnm package
0.07721235521235521,3,3,0,0.615717622897493,-0.09250708875559127,qnm,s=-2 from qnm package
0.08107297297297297,3,3,0,0.616568610310767,-0.09249475782113918,qnm,s=-2 from qnm package
0.08493359073359073,3,3,0,0.6174233561995424,-0.09248216689837438,qnm,s=-2 from qnm package
0.08879420849420849,3,3,0,0.6182818910098793,-0.0924693132272352,qnm,s=-2 from qnm package
0.09265482625482627,3,3,0,0.619144245555315,-0.09245619400939857,qnm,s=-2 from qnm package
0.09651544401544403,3,3,0,0.6200104510228,-0.09244280640758552,qnm,s=-2 from qnm package
0.10037606177606179,3,3,0,0.6208805389787704,-0.09242914754488706,qnm,s=-2 from qnm package
0.10423667953667955,3,3,0,0.6217545413753391,-0.09241521450405493,qnm,s=-2 from qnm package
0.1080972972972973,3,3,0,0.6226324905566128,-0.09240100432676855,qnm,s=-2 from qnm package
0.11195791505791507,3,3,0,0.623514419265144,-0.09238651401290485,qnm,s=-2 from qnm package
0.11581853281853283,3,3,0,0.6244003606485033,-0.09237174051978285,qnm,s=-2 from qnm package
0.11967915057915059,3,3,0,0.6252903482660117,-0.09235668076138938,qnm,s=-2 from qnm package
0.12353976833976835,3,3,0,0.6261844160955934,-0.09234133160759384,qnm,s=-2 from qnm package
0.12740038610038612,3,3,0,0.6270825985407745,-0.09232568988333342,qnm,s=-2 from qnm package
0.13126100386100387,3,3,0,0.6279849304378455,-0.09230975236780711,qnm,s=-2 from qnm package
0.13512162162162164,3,3,0,0.6288914470631525,-0.0922935157936106,qnm,s=-2 from qnm package
0.1389822393822394,3,3,0,0.6298021841405589,-0.09227697684588727,qnm,s=-2 from qnm package
0.14284285714285716,3,3,0,0.6307171778490663,-0.09226013216144309,qnm,s=-2 from qnm package
0.1467034749034749,3,3,0,0.6316364648305793,-0.09224297832784327,qnm,s=-2 from qnm package
0.15056409266409268,3,3,0,0.6325600821978742,-0.092225511882493,qnm,s=-2 from qnm package
0.15442471042471043,3,3,0,0.6334880675426992,-0.0922077293116905,qnm,s=-2 from qnm package
0.1582853281853282,3,3,0,0.6344204589440802,-0.09218962704966382,qnm,s=-2 from qnm package
0.16214594594594595,3,3,0,0.6353572949767926,-0.0921712014775797,qnm,s=-2 from qnm package
0.16600656370656372,3,3,0,0.6362986147200252,-0.09215244892253313,qnm,s=-2 from qnm package
0.16986718146718147,3,3,0,0.6372444577662308,-0.09213336565651045,qnm,s=-2 from qnm package
0.17372779922779924,3,3,0,0.6381948642301795,-0.09211394789533633,qnm,s=-2 from qnm package
0.17758841698841699,3,3,0,0.6391498747581987,-0.09209419179758238,qnm,s=-2 from qnm package
0.18144903474903476,3,3,0,0.6401095305376403,-0.09207409346345964,qnm,s=-2 from qnm package
0.18530965250965253,3,3,0,0.6410738733065405,-0.09205364893368138,qnm,s=-2 from qnm package
0.18917027027027028,3,3,0,0.6420429453635066,-0.0920328541882989,qnm,s=-2 from qnm package
0.19303088803088805,3,3,0,0.6430167895778294,-0.09201170514550898,qnm,s=-2 from qnm package
0.1968915057915058,3,3,0,0.6439954493998187,-0.09199019766043234,qnm,s=-2 from qnm package
0.20075212355212357,3,3,0,0.6449789688713771,-0.09196832752386531,qnm,s=-2 from qnm package
0.20461274131274132,3,3,0,0.6459673926368219,-0.09194609046099556,qnm,s=-2 from qnm package
0.2084733590733591,3,3,0,0.6469607659539472,-0.09192348213009112,qnm,s=-2 from qnm package
0.21233397683397684,3,3,0,0.6479591347053504,-0.09190049812115263,qnm,s=-2 from qnm package
0.2161945945945946,3,3,0,0.6489625454100184,-0.09187713395454031,qnm,s=-2 from qnm package
0.22005521235521236,3,3,0,0.6499710452351823,-0.09185338507955243,qnm,s=-2 from qnm package
0.22391583011583013,3,3,0,0.6509846820084552,-0.09182924687298784,qnm,s=-2 from qnm package
0.22777644787644788,3,3,0,0.6520035042302533,-0.09180471463765309,qnm,s=-2 from qnm package
0.23163706563706565,3,3,0,0.6530275610865196,-0.09177978360084062,qnm,s=-2 from qnm package
0.2354976833976834,3,3,0,0.654056902461732,-0.0917544489127754,qnm,s=-2 from qnm package
0.23935830115830117,3,3,0,0.6550915789522465,-0.091728705645005,qnm,s=-2 from qnm package
0.24321891891891892,3,3,0,0.656131641879946,-0.09170254878876591,qnm,s=-2 from qnm package
0.2470795366795367,3,3,0,0.6571771433062216,-0.091675973253297,qnm,s=-2 from qnm package
0.25094015444015444,3,3,0,0.6582281360462992,-0.0916489738641058,qnm,s=-2 from qnm package
0.25480077220077224,3,3,0,0.6592846736839112,-0.0916215453612137,qnm,s=-2 from qnm package
0.25866138996139,3,3,0,0.660346810586329,-0.09159368239731276,qnm,s=-2 from qnm package
0.26252200772200773,3,3,0,0.6614146019197735,-0.09156537953592411,qnm,s=-2 from qnm package
0.2663826254826255,3,3,0,0.6624881036651923,-0.09153663124946498,qnm,s=-2 from qnm package
0.2702432432432433,3,3,0,0.663567372634446,-0.09150743191729052,qnm,s=-2 from qnm package
0.274103861003861,3,3,0,0.6646524664868932,-0.09147777582367525,qnm,s=-2 from qnm package
0.2779644787644788,3,3,0,0.6657434437463973,-0.09144765715573505,qnm,s=-2 from qnm package
0.2818250965250965,3,3,0,0.6668403638187494,-0.09141707000130489,qnm,s=-2 from qnm package
0.2856857142857143,3,3,0,0.6679432870095648,-0.09138600834675274,qnm,s=-2 from qnm package
0.28954633204633207,3,3,0,0.6690522745425995,-0.09135446607472322,qnm,s=-2 from qnm package
0.2934069498069498,3,3,0,0.6701673885785673,-0.09132243696184908,qnm,s=-2 from qnm package
0.29726756756756756,3,3,0,0.6712886922344319,-0.09128991467636133,qnm,s=-2 from qnm package
0.30112818532818536,3,3,0,0.6724162496032037,-0.09125689277567033,qnm,s=-2 from qnm package
0.3049888030888031,3,3,0,0.6735501257742459,-0.09122336470384991,qnm,s=-2 from qnm package
0.30884942084942085,3,3,0,0.6746903868541261,-0.09118932378907176,qnm,s=-2 from qnm package
0.31271003861003865,3,3,0,0.6758370999880141,-0.09115476324095854,qnm,s=-2 from qnm package
0.3165706563706564,3,3,0,0.6769903333816428,-0.09111967614785665,qnm,s=-2 from qnm package
0.32043127413127415,3,3,0,0.6781501563238593,-0.091084055474051,qnm,s=-2 from qnm package
0.3242918918918919,3,3,0,0.6793166392097921,-0.09104789405688067,qnm,s=-2 from qnm package
0.3281525096525097,3,3,0,0.6804898535646206,-0.09101118460377533,qnm,s=-2 from qnm package
0.33201312741312744,3,3,0,0.6816698720680162,-0.09097391968922312,qnm,s=-2 from qnm package
0.3358737451737452,3,3,0,0.6828567685792352,-0.0909360917516207,qnm,s=-2 from qnm package
0.33973436293436293,3,3,0,0.6840506181628984,-0.09089769309006913,qnm,s=-2 from qnm package
0.34359498069498073,3,3,0,0.6852514971155002,-0.09085871586103181,qnm,s=-2 from qnm package
0.3474555984555985,3,3,0,0.6864594829926284,-0.09081915207494025,qnm,s=-2 from qnm package
0.3513162162162162,3,3,0,0.6876746546369759,-0.09077899359265564,qnm,s=-2 from qnm package
0.35517683397683397,3,3,0,0.6888970922071072,-0.09073823212185962,qnm,s=-2 from qnm package
0.3590374517374518,3,3,0,0.6901268772070631,-0.09069685921331995,qnm,s=-2 from qnm package
0.3628980694980695,3,3,0,0.6913640925167931,-0.09065486625704554,qnm,s=-2 from qnm package
0.36675868725868727,3,3,0,0.692608822423469,-0.09061224447832056,qnm,s=-2 from qnm package
0.37061930501930507,3,3,0,0.6938611526536772,-0.09056898493363173,qnm,s=-2 from qnm package
0.3744799227799228,3,3,0,0.6951211704065805,-0.09052507850645711,qnm,s=-2 from qnm package
0.37834054054054056,3,3,0,0.6963889643880066,-0.09048051590293217,qnm,s=-2 from qnm package
0.3822011583011583,3,3,0,0.697664624845556,-0.09043528764737149,qnm,s=-2 from qnm package
0.3860617760617761,3,3,0,0.6989482436047443,-0.09038938407766876,qnm,s=-2 from qnm package
0.38992239382239385,3,3,0,0.7002399141062046,-0.09034279534053796,qnm,s=-2 from qnm package
0.3937830115830116,3,3,0,0.7015397314440139,-0.0902955113865962,qnm,s=-2 from qnm package
0.39764362934362935,3,3,0,0.7028477924051613,-0.09024752196532426,qnm,s=-2 from qnm package
0.40150424710424715,3,3,0,0.7041641955102064,-0.0901988166198241,qnm,s=-2 from qnm package
0.4053648648648649,3,3,0,0.7054890410551844,-0.0901493846814331,qnm,s=-2 from qnm package
0.40922548262548264,3,3,0,0.706822431154776,-0.09009921526416323,qnm,s=-2 from qnm package
0.4130861003861004,3,3,0,0.7081644697868253,-0.09004829725894713,qnm,s=-2 from qnm package
0.4169467181467182,3,3,0,0.7095152628382185,-0.08999661932770357,qnm,s=-2 from qnm package
0.42080733590733593,3,3,0,0.71087491815221,-0.08994416989720776,qnm,s=-2 from qnm package
0.4246679536679537,3,3,0,0.7122435455772202,-0.08989093715275341,qnm,s=-2 from qnm package
0.4285285714285714,3,3,0,0.7136212570171776,-0.0898369090316114,qnm,s=-2 from qnm package
0.4323891891891892,3,3,0,0.7150081664834704,-0.08978207321625474,qnm,s=-2 from qnm package
0.436249806949807,3,3,0,0.7164043901485476,-0.08972641712736745,qnm,s=-2 from qnm package
0.4401104247104247,3,3,0,0.7178100464012506,-0.08966992791661364,qnm,s=-2 from qnm package
0.4439710424710425,3,3,0,0.7192252559039574,-0.08961259245914827,qnm,s=-2 from qnm package
0.44783166023166027,3,3,0,0.720650141651551,-0.08955439734587685,qnm,s=-2 from qnm package
0.451692277992278,3,3,0,0.722084829032378,-0.08949532887545823,qnm,s=-2 from qnm package
0.45555289575289576,3,3,0,0.7235294458911843,-0.08943537304599693,qnm,s=-2 from qnm package
0.45941351351351356,3,3,0,0.7249841225941679,-0.08937451554647546,qnm,s=-2 from qnm package
0.4632741312741313,3,3,0,0.7264489920962074,-0.08931274174786759,qnm,s=-2 from qnm package
0.46713474903474905,3,3,0,0.7279241900103769,-0.08925003669392804,qnm,s=-2 from qnm package
0.4709953667953668,3,3,0,0.7294098546797971,-0.0891863850916689,qnm,s=-2 from qnm package
0.4748559845559846,3,3,0,0.7309061272519841,-0.08912177130147629,qnm,s=-2 from qnm package
0.47871660231660235,3,3,0,0.7324131517557376,-0.08905617932687522,qnm,s=-2 from qnm package
0.4825772200772201,3,3,0,0.7339310751807238,-0.0889895928039115,qnm,s=-2 from qnm package
0.48643783783783784,3,3,0,0.7354600475598266,-0.08892199499015514,qnm,s=-2 from qnm package
0.49029845559845564,3,3,0,0.7370002220544134,-0.08885336875327846,qnm,s=-2 from qnm package
0.4941590733590734,3,3,0,0.7385517550426405,-0.08878369655921106,qnm,s=-2 from qnm package
0.49801969111969113,3,3,0,0.7401148062109,-0.08871296045985795,qnm,s=-2 from qnm package
0.5018803088803089,3,3,0,0.7416895386485882,-0.08864114208033848,qnm,s=-2 from qnm package
0.5057409266409266,3,3,0,0.7432761189462935,-0.08856822260574064,qnm,s=-2 from qnm package
0.5096015444015445,3,3,0,0.7448747172976065,-0.08849418276736157,qnm,s=-2 from qnm package
0.5134621621621622,3,3,0,0.7464855076046676,-0.0884190028284204,qnm,s=-2 from qnm package
0.51732277992278,3,3,0,0.7481086675876576,-0.08834266256920369,qnm,s=-2 from qnm package
0.5211833976833977,3,3,0,0.7497443788983668,-0.08826514127162702,qnm,s=-2 from qnm package
0.5250440154440155,3,3,0,0.7513928272380881,-0.08818641770318762,qnm,s=-2 from qnm package
0.5289046332046332,3,3,0,0.753054202479968,-0.08810647010026493,qnm,s=-2 from qnm package
0.532765250965251,3,3,0,0.7547286987960717,-0.08802527615075499,qnm,s=-2 from qnm package
0.5366258687258687,3,3,0,0.7564165147893641,-0.08794281297598845,qnm,s=-2 from qnm package
0.5404864864864866,3,3,0,0.7581178536308262,-0.08785905711192377,qnm,s=-2 from qnm package
0.5443471042471043,3,3,0,0.7598329232019789,-0.08777398448953576,qnm,s=-2 from qnm package
0.548207722007722,3,3,0,0.7615619362430482,-0.08768757041441928,qnm,s=-2 from qnm package
0.5520683397683398,3,3,0,0.7633051105070594,-0.08759978954550578,qnm,s=-2 from qnm package
0.5559289575289575,3,3,0,0.7650626689201415,-0.08751061587289743,qnm,s=-2 from qnm package
0.5597895752895753,3,3,0,0.766834839748352,-0.08742002269474887,qnm,s=-2 from qnm package
0.563650193050193,3,3,0,0.7686218567713405,-0.08732798259315075,qnm,s=-2 from qnm package
0.5675108108108109,3,3,0,0.7704239594631987,-0.08723446740896548,qnm,s=-2 from qnm package
0.5713714285714286,3,3,0,0.7722413931808533,-0.0871394482155687,qnm,s=-2 from qnm package
0.5752320463320464,3,3,0,0.7740744093603973,-0.08704289529141608,qnm,s=-2 from qnm package
0.5790926640926641,3,3,0,0.7759232657217414,-0.08694477809141023,qnm,s=-2 from qnm package
0.5829532818532819,3,3,0,0.777788226482054,-0.08684506521695232,qnm,s=-2 from qnm package
0.5868138996138996,3,3,0,0.7796695625784217,-0.08674372438465883,qnm,s=-2 from qnm package
0.5906745173745174,3,3,0,0.7815675519002152,-0.08664072239363817,qnm,s=-2 from qnm package
0.5945351351351351,3,3,0,0.7834824795317016,-0.08653602509125395,qnm,s=-2 from qnm package
0.598395752895753,3,3,0,0.7854146380054319,-0.08642959733730672,qnm,s=-2 from qnm package
0.6022563706563707,3,3,0,0.7873643275669981,-0.08632140296650874,qnm,s=-2 from qnm package
0.6061169884169885,3,3,0,0.7893318564517776,-0.08621140474920806,qnm,s=-2 from qnm package
0.6099776061776062,3,3,0,0.7913175411743291,-0.08609956435020973,qnm,s=-2 from qnm package
0.613838223938224,3,3,0,0.7933217068311599,-0.08598584228561808,qnm,s=-2 from qnm package
0.6176988416988417,3,3,0,0.7953446874175922,-0.08587019787756894,qnm,s=-2 from qnm package
0.6215594594594595,3,3,0,0.7973868261595574,-0.08575258920673827,qnm,s=-2 from qnm package
0.6254200772200773,3,3,0,0.7994484758611552,-0.08563297306248126,qnm,s=-2 from qnm package
0.629280694980695,3,3,0,0.8015299992689229,-0.08551130489047751,qnm,s=-2 from qnm package
0.6331413127413128,3,3,0,0.8036317694537626,-0.08538753873770688,qnm,s=-2 from qnm package
0.6370019305019305,3,3,0,0.805754170211593,-0.08526162719462885,qnm,s=-2 from qnm package
0.6408625482625483,3,3,0,0.8078975964838486,-0.08513352133434153,qnm,s=-2 from qnm package
0.644723166023166,3,3,0,0.8100624547990237,-0.08500317064859471,qnm,s=-2 from qnm package
0.6485837837837838,3,3,0,0.8122491637365458,-0.08487052298039285,qnm,s=-2 from qnm package
0.6524444015444015,3,3,0,0.8144581544143831,-0.08473552445301627,qnm,s=-2 from qnm package
0.6563050193050194,3,3,0,0.8166898710018217,-0.08459811939522804,qnm,s=-2 from qnm package
0.6601656370656371,3,3,0,0.8189447712590797,-0.08445825026236846,qnm,s=-2 from qnm package
0.6640262548262549,3,3,0,0.8212233271053955,-0.0843158575531446,qnm,s=-2 from qnm package
0.6678868725868726,3,3,0,0.8235260252174912,-0.08417087972175714,qnm,s=-2 from qnm package
0.6717474903474904,3,3,0,0.8258533676603748,-0.08402325308508699,qnm,s=-2 from qnm package
0.6756081081081081,3,3,0,0.8282058725526186,-0.08387291172460813,qnm,s=-2 from qnm package
0.6794687258687259,3,3,0,0.8305840747684404,-0.0837197873826321,qnm,s=-2 from qnm package
0.6833293436293437,3,3,0,0.8329885266790668,-0.0835638093525263,qnm,s=-2 from qnm package
0.6871899613899615,3,3,0,0.8354197989360694,-0.08340490436245536,qnm,s=-2 from qnm package
0.6910505791505792,3,3,0,0.8378784812996225,-0.08324299645219298,qnm,s=-2 from qnm package
0.694911196911197,3,3,0,0.8403651835147894,-0.08307800684251004,qnm,s=-2 from qnm package
0.6987718146718147,3,3,0,0.8428805362392953,-0.0829098537965672,qnm,s=-2 from qnm package
0.7026324324324325,3,3,0,0.8454251920264789,-0.08273845247277255,qnm,s=-2 from qnm package
0.7064930501930502,3,3,0,0.8479998263674565,-0.08256371476839794,qnm,s=-2 from qnm package
0.7103536679536679,3,3,0,0.8506051387968874,-0.08238554915331953,qnm,s=-2 from qnm package
0.7142142857142858,3,3,0,0.8532418540670684,-0.08220386049307316,qnm,s=-2 from qnm package
0.7180749034749035,3,3,0,0.8559107233956056,-0.08201854986041063,qnm,s=-2 from qnm package
0.7219355212355213,3,3,0,0.8586125257922703,-0.08182951433445283,qnm,s=-2 from qnm package
0.725796138996139,3,3,0,0.8613480694712465,-0.08163664678645141,qnm,s=-2 from qnm package
0.7296567567567568,3,3,0,0.8641181933555138,-0.08143983565104464,qnm,s=-2 from qnm package
0.7335173745173745,3,3,0,0.8669237686807681,-0.08123896468185865,qnm,s=-2 from qnm package
0.7373779922779923,3,3,0,0.8697657007069626,-0.08103391269010916,qnm,s=-2 from qnm package
0.7412386100386101,3,3,0,0.8726449305463657,-0.08082455326479365,qnm,s=-2 from qnm package
0.7450992277992279,3,3,0,0.8755624371179045,-0.08061075447287773,qnm,s=-2 from qnm package
0.7489598455598456,3,3,0,0.8785192392385003,-0.08039237853775015,qnm,s=-2 from qnm package
0.7528204633204634,3,3,0,0.8815163978632772,-0.0801692814940109,qnm,s=-2 from qnm package
0.7566810810810811,3,3,0,0.8845550184876322,-0.07994131281647186,qnm,s=-2 from qnm package
0.7605416988416989,3,3,0,0.8876362537256359,-0.07970831502105606,qnm,s=-2 from qnm package
0.7644023166023166,3,3,0,0.8907613060806806,-0.0794701232349254,qnm,s=-2 from qnm package
0.7682629343629344,3,3,0,0.8939314309260665,-0.07922656473302801,qnm,s=-2 from qnm package
0.7721235521235522,3,3,0,0.897147939715155,-0.07897745843779917,qnm,s=-2 from qnm package
0.77598416988417,3,3,0,0.9004122034428782,-0.07872261437846405,qnm,s=-2 from qnm package
0.7798447876447877,3,3,0,0.9037256563829398,-0.07846183310595517,qnm,s=-2 from qnm package
0.7837054054054055,3,3,0,0.9070898001277944,-0.07819490505898606,qnm,s=-2 from qnm package
0.7875660231660232,3,3,0,0.9105062079617153,-0.0779216098762955,qnm,s=-2 from qnm package
0.791426640926641,3,3,0,0.9139765296008949,-0.07764171564946006,qnm,s=-2 from qnm package
0.7952872586872587,3,3,0,0.9175024963386716,-0.07735497811000348,qnm,s=-2 from qnm package
0.7991478764478764,3,3,0,0.9210859266387053,-0.07706113974371118,qnm,s=-2 from qnm package
0.8030084942084943,3,3,0,0.9247287322243608,-0.07675992882415802,qnm,s=-2 from qnm package
0.806869111969112,3,3,0,0.9284329247188131,-0.07645105835641526,qnm,s=-2 from qnm package
0.8107297297297298,3,3,0,0.9322006228975697,-0.07613422492069513,qnm,s=-2 from qnm package
0.8145903474903475,3,3,0,0.9360340606233961,-0.07580910740428352,qnm,s=-2 from qnm package
0.8184509652509653,3,3,0,0.9399355955432779,-0.07547536560849818,qnm,s=-2 from qnm package
0.822311583011583,3,3,0,0.9439077186382068,-0.07513263871553859,qnm,s=-2 from qnm package
0.8261722007722008,3,3,0,0.9479530647295882,-0.07478054359786777,qnm,s=-2 from qnm package
0.8300328185328186,3,3,0,0.9520744240612965,-0.07441867295022771,qnm,s=-2 from qnm package
0.8338934362934364,3,3,0,0.9562747550942458,-0.07404659322134818,qnm,s=-2 from qnm package
0.8377540540540541,3,3,0,0.9605571986713025,-0.0736638423188499,qnm,s=-2 from qnm package
0.8416146718146719,3,3,0,0.9649250937352096,-0.07326992705666657,qnm,s=-2 from qnm package
0.8454752895752896,3,3,0,0.9693819948114687,-0.07286432030928161,qnm,s=-2 from qnm package
0.8493359073359074,3,3,0,0.9739316915032189,-0.07244645783116443,qnm,s=-2 from qnm package
0.8531965250965251,3,3,0,0.9785782302867626,-0.07201573469264468,qnm,s=-2 from qnm package
0.8570571428571429,3,3,0,0.9833259389466255,-0.07157150127495833,qnm,s=-2 from qnm package
0.8609177606177607,3,3,0,0.9881794540493198,-0.07111305875685178,qnm,s=-2 from qnm package
0.8647783783783785,3,3,0,0.9931437519282309,-0.07063965401263207,qnm,s=-2 from qnm package
0.8686389961389962,3,3,0,0.9982241837409715,-0.0701504738263652,qnm,s=-2 from qnm package
0.872499613899614,3,3,0,1.0034265152695172,-0.0696446383081546,qnm,s=-2 from qnm package
0.8763602316602317,3,3,0,1.0087569722674181,-0.06912119337555445,qnm,s=-2 from qnm package
0.8802208494208494,3,3,0,1.014222292324205,-0.06857910213459582,qnm,s=-2 from qnm package
0.8840814671814672,3,3,0,1.0198297844235853,-0.06801723495944226,qnm,s=-2 from qnm package
0.887942084942085,3,3,0,1.025587397630879,-0.06743435802504662,qnm,s=-2 from qnm package
0.8918027027027028,3,3,0,1.0315038006718025,-0.06682911999092056,qnm,s=-2 from qnm package
0.8956633204633205,3,3,0,1.0375884745801989,-0.06620003646232031,qnm,s=-2 from qnm package
0.8995239382239383,3,3,0,1.0438518211248151,-0.06554547176311977,qnm,s=-2 from qnm package
0.903384555984556,3,3,0,1.0503052904136856,-0.06486361743548752,qnm,s=-2 from qnm package
0.9072451737451738,3,3,0,1.0569615319727006,-0.06415246672579608,qnm,s=-2 from qnm package
0.9111057915057915,3,3,0,1.0638345747780946,-0.0634097841109288,qnm,s=-2 from qnm package
0.9149664092664093,3,3,0,1.0709400432975487,-0.06263306864548701,qnm,s=-2 from qnm package
0.9188270270270271,3,3,0,1.0782954187154203,-0.06181950954147925,qnm,s=-2 from qnm package
0.9226876447876449,3,3,0,1.0859203574086738,-0.06096593188851914,qnm,s=-2 from qnm package
0.9265482625482626,3,3,0,1.0938370827343855,-0.06006872972605618,qnm,s=-2 from qnm package
0.9304088803088804,3,3,0,1.102070871789597,-0.05912378270138514,qnm,s=-2 from qnm package
0.9342694980694981,3,3,0,1.1106506667820815,-0.058126351152659704,qnm,s=-2 from qnm package
0.9381301158301159,3,3,0,1.1196098522187525,-0.0570709424314484,qnm,s=-2 from qnm package
0.9419907335907336,3,3,0,1.128987256224027,-0.0559511382819435,qnm,s=-2 from qnm package
0.9458513513513515,3,3,0,1.1388284601511052,-0.0547593685587995,qnm,s=-2 from qnm package
0.9497119691119692,3,3,0,1.1491875406808072,-0.053486609534054756,qnm,s=-2 from qnm package
0.953572586872587,3,3,0,1.1601294323261282,-0.05212197383764078,qnm,s=-2 from qnm package
0.9574332046332047,3,3,0,1.1717332029281948,-0.0506521406483269,qnm,s=-2 from qnm package
0.9612938223938224,3,3,0,1.1840967129557154,-0.049060543337326894,qnm,s=-2 from qnm package
0.9651544401544402,3,3,0,1.1973434458800627,-0.04732617592284127,qnm,s=-2 from qnm package
0.9690150579150579,3,3,0,1.2116328872203301,-0.04542177540452556,qnm,s=-2 from qnm package
0.9728756756756757,3,3,0,1.2271769980395217,-0.0433109304364395,qnm,s=-2 from qnm package
0.9767362934362935,3,3,0,1.2442678134357368,-0.04094322683838989,qnm,s=-2 from qnm package
0.9805969111969113,3,3,0,1.2633269826970497,-0.038245514788811684,qnm,s=-2 from qnm package
0.984457528957529,3,3,0,1.285003224696119,-0.035104692757891624,qnm,s=-2 from qnm package
0.9883181467181468,3,3,0,1.3103903111759412,-0.03132911685825715,qnm,s=-2 from qnm package
0.9921787644787645,3,3,0,1.3416204290890232,-0.02654332524794503,qnm,s=-2 from qnm package
0.9960393822393823,3,3,0,1.3841672292711875,-0.019778455919743473,qnm,s=-2 from qnm package
0.9999,3,3,0,1.4804730212037693,-0.003468556798682926,qnm,s=-2 from qnm package
0.0,3,3,1,0.5826438030333005,-0.28129811343504457,qnm,s=-2 from qnm package
0.003860617760617761,3,3,1,0.5834725679107571,-0.2812642104702346,qnm,s=-2 from qnm package
0.007721235521235522,3,3,1,0.5843046572418525,-0.28122965318991555,qnm,s=-2 from qnm package
0.011581853281853283,3,3,1,0.5851400955266879,-0.28119443519634946,qnm,s=-2 from qnm package
0.015442471042471043,3,3,1,0.5859789075362478,-0.2811585500095428,qnm,s=-2 from qnm package
0.019303088803088803,3,3,1,0.5868211183164532,-0.2811219910659066,qnm,s=-2 from qnm package
0.023163706563706567,3,3,1,0.5876667531922906,-0.2810847517168944,qnm,s=-2 from qnm package
0.027024324324324327,3,3,1,0.5885158377719707,-0.281046825227592,qnm,s=-2 from qnm package
0.030884942084942087,3,3,1,0.5893683979512272,-0.28100820477529764,qnm,s=-2 from qnm package
0.03474555984555985,3,3,1,0.5902244599176656,-0.2809688834480754,qnm,s=-2 from qnm package
0.03860617760617761,3,3,1,0.5910840501551978,-0.28092885424325875,qnm,s=-2 from qnm package
0.04246679536679537,3,3,1,0.5919471954485599,-0.28088811006594544,qnm,s=-2 from qnm package
0.04632741312741313,3,3,1,0.5928139228879341,-0.28084664372745033,qnm,s=-2 from qnm package
0.05018803088803089,3,3,1,0.5936842598736335,-0.28080444794372766,qnm,s=-2 from qnm package
0.05404864864864865,3,3,1,0.5945582341208965,-0.2807615153337653,qnm,s=-2 from qnm package
0.05790926640926641,3,3,1,0.5954358736647656,-0.28071783841793313,qnm,s=-2 from qnm package
0.06176988416988417,3,3,1,0.5963172068650764,-0.28067340961632,qnm,s=-2 from qnm package
0.06563050193050193,3,3,1,0.5972022624115194,-0.2806282212470099,qnm,s=-2 from qnm package
0.0694911196911197,3,3,1,0.5980910693288195,-0.2805822655243416,qnm,s=-2 from qnm package
0.07335173745173745,3,3,1,0.5989836569820192,-0.280535534557122,qnm,s=-2 from qnm package
0.07721235521235521,3,3,1,0.5998800550818526,-0.28048802034680254,qnm,s=-2 from qnm package
0.08107297297297297,3,3,1,0.6007802936902442,-0.2804397147856206,qnm,s=-2 from qnm package
0.08493359073359073,3,3,1,0.6016844032258962,-0.28039060965469453,qnm,s=-2 from qnm package
0.08879420849420849,3,3,1,0.6025924144700153,-0.280340696622093,qnm,s=-2 from qnm package
0.09265482625482627,3,3,1,0.6035043585721279,-0.28028996724083666,qnm,s=-2 from qnm package
0.09651544401544403,3,3,1,0.6044202670560378,-0.28023841294689117,qnm,s=-2 from qnm package
0.10037606177606179,3,3,1,0.605340171825876,-0.28018602505707574,qnm,s=-2 from qnm package
0.10423667953667955,3,3,1,0.6062641051723159,-0.28013279476697167,qnm,s=-2 from qnm package
0.1080972972972973,3,3,1,0.6071920997788669,-0.28007871314874544,qnm,s=-2 from qnm package
0.11195791505791507,3,3,1,0.6081241887283311,-0.28002377114894,qnm,s=-2 from qnm package
0.11581853281853283,3,3,1,0.6090604055093984,-0.27996795958623655,qnm,s=-2 from qnm package
0.11967915057915059,3,3,1,0.6100007840233389,-0.2799112691491235,qnm,s=-2 from qnm package
0.12353976833976835,3,3,1,0.6109453585908885,-0.2798536903935578,qnm,s=-2 from qnm package
0.12740038610038612,3,3,1,0.6118941639592261,-0.279795213740541,qnm,s=-2 from qnm package
0.13126100386100387,3,3,1,0.6128472353091489,-0.2797358294736656,qnm,s=-2 from qnm package
0.13512162162162164,3,3,1,0.6138046082623504,-0.279675527736587,qnm,s=-2 from qnm package
0.1389822393822394,3,3,1,0.6147663188888954,-0.2796142985304538,qnm,s=-2 from qnm package
0.14284285714285716,3,3,1,0.6157324037148187,-0.2795521317112644,qnm,s=-2 from qnm package
0.1467034749034749,3,3,1,0.6167028997299174,-0.27948901698717665,qnm,s=-2 from qnm package
0.15056409266409268,3,3,1,0.6176778443956976,-0.27942494391575695,qnm,s=-2 from qnm package
0.15442471042471043,3,3,1,0.6186572756534782,-0.2793599019011452,qnm,s=-2 from qnm package
0.1582853281853282,3,3,1,0.6196412319326893,-0.2792938801911778,qnm,s=-2 from qnm package
0.16214594594594595,3,3,1,0.6206297521593646,-0.27922686787444106,qnm,s=-2 from qnm package
0.16600656370656372,3,3,1,0.6216228757647787,-0.27915885387723866,qnm,s=-2 from qnm package
0.16986718146718147,3,3,1,0.6226206426943157,-0.27908982696050605,qnm,s=-2 from qnm package
0.17372779922779924,3,3,1,0.6236230934164949,-0.2790197757166404,qnm,s=-2 from qnm package
0.17758841698841699,3,3,1,0.6246302689322543,-0.2789486885662762,qnm,s=-2 from qnm package
0.18144903474903476,3,3,1,0.6256422107843644,-0.27887655375494713,qnm,s=-2 from qnm package
0.18530965250965253,3,3,1,0.6266589610671276,-0.2788033593497106,qnm,s=-2 from qnm package
0.18917027027027028,3,3,1,0.6276805624362414,-0.2787290932356592,qnm,s=-2 from qnm package
0.19303088803088805,3,3,1,0.6287070581189157,-0.278653743112367,qnm,s=-2 from qnm package
0.1968915057915058,3,3,1,0.629738491924211,-0.2785772964902421,qnm,s=-2 from qnm package
0.20075212355212357,3,3,1,0.6307749082536023,-0.2784997406867905,qnm,s=-2 from qnm package
0.20461274131274132,3,3,1,0.6318163521118035,-0.2784210628227927,qnm,s=-2 from qnm package
0.2084733590733591,3,3,1,0.6328628691178366,-0.2783412498183856,qnm,s=-2 from qnm package
0.21233397683397684,3,3,1,0.633914505516341,-0.2782602883890457,qnm,s=-2 from qnm package
0.2161945945945946,3,3,1,0.6349713081891645,-0.27817816504147214,qnm,s=-2 from qnm package
0.22005521235521236,3,3,1,0.6360333246672332,-0.2780948660693781,qnm,s=-2 from qnm package
0.22391583011583013,3,3,1,0.6371006031426537,-0.27801037754915553,qnm,s=-2 from qnm package
0.22777644787644788,3,3,1,0.6381731924811743,-0.2779246853354606,qnm,s=-2 from qnm package
0.23163706563706565,3,3,1,0.6392511422348605,-0.2778377750566547,qnm,s=-2 from qnm package
0.2354976833976834,3,3,1,0.6403345026551591,-0.27774963211016623,qnm,s=-2 from qnm package
0.23935830115830117,3,3,1,0.6414233247061841,-0.2776602416576974,qnm,s=-2 from qnm package
0.24321891891891892,3,3,1,0.6425176600783961,-0.2775695886203357,qnm,s=-2 from qnm package
0.2470795366795367,3,3,1,0.6436175612025841,-0.2774776576735328,qnm,s=-2 from qnm package
0.25094015444015444,3,3,1,0.6447230812641779,-0.2773844332419446,qnm,s=-2 from qnm package
0.25480077220077224,3,3,1,0.6458342742179213,-0.2772898994941467,qnm,s=-2 from qnm package
0.25866138996139,3,3,1,0.6469511948029195,-0.2771940403372176,qnm,s=-2 from qnm package
0.26252200772200773,3,3,1,0.6480738985580267,-0.2770968394111606,qnm,s=-2 from qnm package
0.2663826254826255,3,3,1,0.6492024418376442,-0.27699828008319843,qnm,s=-2 from qnm package
0.2702432432432433,3,3,1,0.6503368818278881,-0.2768983454419041,qnm,s=-2 from qnm package
0.274103861003861,3,3,1,0.6514772765631915,-0.27679701829118236,qnm,s=-2 from qnm package
0.2779644787644788,3,3,1,0.6526236849433001,-0.27669428114409206,qnm,s=-2 from qnm package
0.2818250965250965,3,3,1,0.6537761667507022,-0.27659011621649243,qnm,s=-2 from qnm package
0.2856857142857143,3,3,1,0.6549347826685219,-0.2764845054205307,qnm,s=-2 from qnm package
0.28954633204633207,3,3,1,0.6560995942988391,-0.27637743035793594,qnm,s=-2 from qnm package
0.2934069498069498,3,3,1,0.6572706641815126,-0.276268872313156,qnm,s=-2 from qnm package
0.29726756756756756,3,3,1,0.658448055813471,-0.2761588122462789,qnm,s=-2 from qnm package
0.30112818532818536,3,3,1,0.659631833668496,-0.2760472307857662,qnm,s=-2 from qnm package
0.3049888030888031,3,3,1,0.6608220632175665,-0.27593410822100856,qnm,s=-2 from qnm package
0.30884942084942085,3,3,1,0.6620188109496796,-0.27581942449463476,qnm,s=-2 from qnm package
0.31271003861003865,3,3,1,0.6632221443932661,-0.27570315919463334,qnm,s=-2 from qnm package
0.3165706563706564,3,3,1,0.6644321321381561,-0.2755852915462455,qnm,s=-2 from qnm package
0.32043127413127415,3,3,1,0.665648843858142,-0.2754658004036235,qnm,s=-2 from qnm package
0.3242918918918919,3,3,1,0.6668723503341222,-0.27534466424125337,qnm,s=-2 from qnm package
0.3281525096525097,3,3,1,0.6681027234779118,-0.2752218611451384,qnm,s=-2 from qnm package
0.33201312741312744,3,3,1,0.6693400363566641,-0.2750973688037182,qnm,s=-2 from qnm package
0.3358737451737452,3,3,1,0.6705843632179816,-0.2749711644985382,qnm,s=-2 from qnm package
0.33973436293436293,3,3,1,0.6718357795157122,-0.274843225094633,qnm,s=-2 from qnm package
0.34359498069498073,3,3,1,0.6730943619364312,-0.27471352703063084,qnm,s=-2 from qnm package
0.3474555984555985,3,3,1,0.6743601884267204,-0.2745820463085845,qnm,s=-2 from qnm package
0.3513162162162162,3,3,1,0.6756333382211471,-0.2744487584834765,qnm,s=-2 from qnm package
0.35517683397683397,3,3,1,0.6769138918710588,-0.2743136386524223,qnm,s=-2 from qnm package
0.3590374517374518,3,3,1,0.678201931274201,-0.27417666144355723,qnm,s=-2 from qnm package
0.3628980694980695,3,3,1,0.6794975397051597,-0.2740378010045768,qnm,s=-2 from qnm package
0.36675868725868727,3,3,1,0.6808008018466803,-0.2738970309909375,qnm,s=-2 from qnm package
0.37061930501930507,3,3,1,0.6821118038218957,-0.2737543245536923,qnm,s=-2 from qnm package
0.3744799227799228,3,3,1,0.6834306332274737,-0.27360965432696166,qnm,s=-2 from qnm package
0.37834054054054056,3,3,1,0.6847573791677506,-0.2734629924150117,qnm,s=-2 from qnm package
0.3822011583011583,3,3,1,0.6860921322898329,-0.2733143103789218,qnm,s=-2 from qnm package
0.3860617760617761,3,3,1,0.6874349848197823,-0.273163579222867,qnm,s=-2 from qnm package
0.38992239382239385,3,3,1,0.6887860305998217,-0.27301076937993374,qnm,s=-2 from qnm package
0.3937830115830116,3,3,1,0.6901453651266916,-0.2728558506975125,qnm,s=-2 from qnm package
0.39764362934362935,3,3,1,0.6915130855911401,-0.2726987924222164,qnm,s=-2 from qnm package
0.40150424710424715,3,3,1,0.692889290918612,-0.2725395631843176,qnm,s=-2 from qnm package
0.4053648648648649,3,3,1,0.6942740818111621,-0.27237813098167946,qnm,s=-2 from qnm package
0.40922548262548264,3,3,1,0.6956675607906879,-0.2722144631631912,qnm,s=-2 from qnm package
0.4130861003861004,3,3,1,0.6970698322434499,-0.27204852641162686,qnm,s=-2 from qnm package
0.4169467181467182,3,3,1,0.6984810024659937,-0.27188028672596726,qnm,s=-2 from qnm package
0.42080733590733593,3,3,1,0.699901179712513,-0.27170970940314076,qnm,s=-2 from qnm package
0.4246679536679537,3,3,1,0.701330474243681,-0.27153675901913626,qnm,s=-2 from qnm package
0.4285285714285714,3,3,1,0.7027689983770444,-0.27136139940951765,qnm,s=-2 from qnm package
0.4323891891891892,3,3,1,0.704216866538993,-0.2711835936492443,qnm,s=-2 from qnm package
0.436249806949807,3,3,1,0.7056741953184361,-0.271003304031846,qnm,s=-2 from qnm package
0.4401104247104247,3,3,1,0.7071411035221602,-0.27082049204786324,qnm,s=-2 from qnm package
0.4439710424710425,3,3,1,0.7086177122320353,-0.2706351183625589,qnm,s=-2 from qnm package
0.44783166023166027,3,3,1,0.7101041448640392,-0.27044714279286575,qnm,s=-2 from qnm package
0.451692277992278,3,3,1,0.7116005272292646,-0.27025652428351316,qnm,s=-2 from qnm package
0.45555289575289576,3,3,1,0.7131069875969216,-0.2700632208823429,qnm,s=-2 from qnm package
0.45941351351351356,3,3,1,0.7146236567594526,-0.269867189714736,qnm,s=-2 from qnm package
0.4632741312741313,3,3,1,0.7161506680998401,-0.2696683869571534,qnm,s=-2 from qnm package
0.46713474903474905,3,3,1,0.7176881576611783,-0.26946676780971374,qnm,s=-2 from qnm package
0.4709953667953668,3,3,1,0.7192362642186155,-0.2692622864677893,qnm,s=-2 from qnm package
0.4748559845559846,3,3,1,0.7207951293537684,-0.2690548960925775,qnm,s=-2 from qnm package
0.47871660231660235,3,3,1,0.7223648975317218,-0.2688445487806126,qnm,s=-2 from qnm package
0.4825772200772201,3,3,1,0.7239457161806766,-0.26863119553212517,qnm,s=-2 from qnm package
0.48643783783783784,3,3,1,0.7255377357744102,-0.26841478621826714,qnm,s=-2 from qnm package
0.49029845559845564,3,3,1,0.7271411099176494,-0.2681952695470921,qnm,s=-2 from qnm package
0.4941590733590734,3,3,1,0.728755995434466,-0.26797259302827187,qnm,s=-2 from qnm package
0.49801969111969113,3,3,1,0.7303825524598602,-0.2677467029364765,qnm,s=-2 from qnm package
0.5018803088803089,3,3,1,0.7320209445346287,-0.2675175442733711,qnm,s=-2 from qnm package
0.5057409266409266,3,3,1,0.7336713387036938,-0.2672850607281249,qnm,s=-2 from qnm package
0.5096015444015445,3,3,1,0.7353339056180362,-0.26704919463643934,qnm,s=-2 from qnm package
0.5134621621621622,3,3,1,0.7370088196404028,-0.2668098869379459,qnm,s=-2 from qnm package
0.51732277992278,3,3,1,0.7386962589549175,-0.2665670771319513,qnm,s=-2 from qnm package
0.5211833976833977,3,3,1,0.740396405680838,-0.2663207032314312,qnm,s=-2 from qnm package
0.5250440154440155,3,3,1,0.7421094459905928,-0.2660707017151924,qnm,s=-2 from qnm package
0.5289046332046332,3,3,1,0.7438355702323147,-0.2658170074781105,qnm,s=-2 from qnm package
0.532765250965251,3,3,1,0.7455749730570927,-0.26555955377936297,qnm,s=-2 from qnm package
0.5366258687258687,3,3,1,0.7473278535511475,-0.265298272188558,qnm,s=-2 from qnm package
0.5404864864864866,3,3,1,0.7490944153731443,-0.26503309252962765,qnm,s=-2 from qnm package
0.5443471042471043,3,3,1,0.7508748668969439,-0.26476394282243576,qnm,s=-2 from qnm package
0.548207722007722,3,3,1,0.7526694213599856,-0.26449074922190047,qnm,s=-2 from qnm package
0.5520683397683398,3,3,1,0.7544782970176275,-0.26421343595460595,qnm,s=-2 from qnm package
0.5559289575289575,3,3,1,0.7563017173036901,-0.2639319252526854,qnm,s=-2 from qnm package
0.5597895752895753,3,3,1,0.758139910997562,-0.2636461372848981,qnm,s=-2 from qnm package
0.563650193050193,3,3,1,0.7599931123981339,-0.2633559900847298,qnm,s=-2 from qnm package
0.5675108108108109,3,3,1,0.7618615615049433,-0.26306139947536006,qnm,s=-2 from qnm package
0.5713714285714286,3,3,1,0.7637455042068737,-0.2627622789913374,qnm,s=-2 from qnm package
0.5752320463320464,3,3,1,0.7656451924788158,-0.26245853979681005,qnm,s=-2 from qnm package
0.5790926640926641,3,3,1,0.7675608845866488,-0.2621500906000691,qnm,s=-2 from qnm package
0.5829532818532819,3,3,1,0.7694928453010609,-0.2618368375642963,qnm,s=-2 from qnm package
0.5868138996138996,3,3,1,0.7714413461205529,-0.26151868421419405,qnm,s=-2 from qnm package
0.5906745173745174,3,3,1,0.773406665504244,-0.2611955313384209,qnm,s=-2 from qnm package
0.5945351351351351,3,3,1,0.7753890891148624,-0.2608672768874264,qnm,s=-2 from qnm package
0.598395752895753,3,3,1,0.777388910072588,-0.26053381586658564,qnm,s=-2 from qnm package
0.6022563706563707,3,3,1,0.7794064292202741,-0.26019504022429035,qnm,s=-2 from qnm package
0.6061169884169885,3,3,1,0.7814419554006592,-0.2598508387346973,qnm,s=-2 from qnm package
0.6099776061776062,3,3,1,0.7834958057462889,-0.259501096874888,qnm,s=-2 from qnm package
0.613838223938224,3,3,1,0.7855683059827987,-0.2591456966960546,qnm,s=-2 from qnm package
0.6176988416988417,3,3,1,0.7876597907463472,-0.2587845166884181,qnm,s=-2 from qnm package
0.6215594594594595,3,3,1,0.7897706039159982,-0.2584174316394565,qnm,s=-2 from qnm package
0.6254200772200773,3,3,1,0.7919010989618993,-0.25804431248509746,qnm,s=-2 from qnm package
0.629280694980695,3,3,1,0.7940516393101895,-0.2576650261533972,qnm,s=-2 from qnm package
0.6331413127413128,3,3,1,0.7962225987255978,-0.2572794354003036,qnm,s=-2 from qnm package
0.6370019305019305,3,3,1,0.7984143617128273,-0.2568873986369806,qnm,s=-2 from qnm package
0.6408625482625483,3,3,1,0.8006273239377706,-0.2564887697481726,qnm,s=-2 from qnm package
0.644723166023166,3,3,1,0.8028618926698646,-0.25608339790109197,qnm,s=-2 from qnm package
0.6485837837837838,3,3,1,0.8051184872467536,-0.2556711273441556,qnm,s=-2 from qnm package
0.6524444015444015,3,3,1,0.8073975395627732,-0.25525179719499624,qnm,s=-2 from qnm package
0.6563050193050194,3,3,1,0.8096994945826183,-0.2548252412169932,qnm,s=-2 from qnm package
0.6601656370656371,3,3,1,0.8120248108818829,-0.2543912875836335,qnm,s=-2 from qnm package
0.6640262548262549,3,3,1,0.8143739612161528,-0.2539497586298412,qnm,s=-2 from qnm package
0.6678868725868726,3,3,1,0.8167474331204769,-0.2535004705894469,qnm,s=-2 from qnm package
0.6717474903474904,3,3,1,0.8191457295412655,-0.25304323331785494,qnm,s=-2 from qnm package
0.6756081081081081,3,3,1,0.8215693695026565,-0.25257784999885463,qnm,s=-2 from qnm package
0.6794687258687259,3,3,1,0.8240188888098061,-0.2521041168345732,qnm,s=-2 from qnm package
0.6833293436293437,3,3,1,0.8264948407914492,-0.2516218227172886,qnm,s=-2 from qnm package
0.6871899613899615,3,3,1,0.8289977970845345,-0.2511307488819,qnm,s=-2 from qnm package
0.6910505791505792,3,3,1,0.8315283484637903,-0.25063066853762256,qnm,s=-2 from qnm package
0.694911196911197,3,3,1,0.8340871057194181,-0.2501213464774365,qnm,s=-2 from qnm package
0.6987718146718147,3,3,1,0.8366747005862986,-0.24960253866364876,qnm,s=-2 from qnm package
0.7026324324324325,3,3,1,0.8392917867284561,-0.24907399178778336,qnm,s=-2 from qnm package
0.7064930501930502,3,3,1,0.8419390407827846,-0.24853544280290635,qnm,s=-2 from qnm package
0.7103536679536679,3,3,1,0.8446171634664306,-0.247986618426258,qnm,s=-2 from qnm package
0.7142142857142858,3,3,1,0.8473268807525827,-0.24742723460990826,qnm,s=-2 from qnm package
0.7180749034749035,3,3,1,0.8500689451198784,-0.24685699597698074,qnm,s=-2 from qnm package
0.7219355212355213,3,3,1,0.8528441368810844,-0.24627559522067793,qnm,s=-2 from qnm package
0.725796138996139,3,3,1,0.8556532655971946,-0.24568271246313766,qnm,s=-2 from qnm package
0.7296567567567568,3,3,1,0.8584971715837606,-0.24507801457089368,qnm,s=-2 from qnm package
0.7335173745173745,3,3,1,0.8613767275167853,-0.244461154423322,qnm,s=-2 from qnm package
0.7373779922779923,3,3,1,0.8642928401463204,-0.24383177013020646,qnm,s=-2 from qnm package
0.7412386100386101,3,3,1,0.8672464521266112,-0.2431894841940305,qnm,s=-2 from qnm package
0.7450992277992279,3,3,1,0.8702385439725864,-0.24253390261236663,qnm,s=-2 from qnm package
0.7489598455598456,3,3,1,0.8732701361533988,-0.2418646139150498,qnm,s=-2 from qnm package
0.7528204633204634,3,3,1,0.876342291334842,-0.24118118813040618,qnm,s=-2 from qnm package
0.7566810810810811,3,3,1,0.8794561167836832,-0.24048317567417277,qnm,s=-2 from qnm package
0.7605416988416989,3,3,1,0.8826127669483587,-0.23977010615408131,qnm,s=-2 from qnm package
0.7644023166023166,3,3,1,0.8858134462318805,-0.23904148708224404,qnm,s=-2 from qnm package
0.7682629343629344,3,3,1,0.8890594119747189,-0.2382968024867405,qnm,s=-2 from qnm package
0.7721235521235522,3,3,1,0.8923519776672062,-0.23753551141274665,qnm,s=-2 from qnm package
0.77598416988417,3,3,1,0.8956925164132551,-0.23675704630245845,qnm,s=-2 from qnm package
0.7798447876447877,3,3,1,0.8990824646697116,-0.2359608112419072,qnm,s=-2 from qnm package
0.7837054054054055,3,3,1,0.9025233262883741,-0.23514618006122787,qnm,s=-2 from qnm package
0.7875660231660232,3,3,1,0.9060166768909813,-0.23431249427346207,qnm,s=-2 from qnm package
0.791426640926641,3,3,1,0.9095641686110701,-0.23345906083509949,qnm,s=-2 from qnm package
0.7952872586872587,3,3,1,0.9131675352407174,-0.23258514970946706,qnm,s=-2 from qnm package
0.7991478764478764,3,3,1,0.9168285978249965,-0.231689991211774,qnm,s=-2 from qnm package
0.8030084942084943,3,3,1,0.9205492707522818,-0.23077277311177186,qnm,s=-2 from qnm package
0.806869111969112,3,3,1,0.9243315683948704,-0.2298326374669482,qnm,s=-2 from qnm package
0.8107297297297298,3,3,1,0.928177612361538,-0.2288686771555401,qnm,s=-2 from qnm package
0.8145903474903475,3,3,1,0.9320896394318842,-0.22787993207436016,qnm,s=-2 from qnm package
0.8184509652509653,3,3,1,0.9360700102520076,-0.22686538496173775,qnm,s=-2 from qnm package
0.822311583011583,3,3,1,0.9401212188821486,-0.2258239568000687,qnm,s=-2 from qnm package
0.8261722007722008,3,3,1,0.9442459032999153,-0.22475450174598494,qnm,s=-2 from qnm package
0.8300328185328186,3,3,1,0.948446856977992,-0.2236558015284033,qnm,s=-2 from qnm package
0.8338934362934364,3,3,1,0.9527270416728609,-0.2225265592456256,qnm,s=-2 from qnm package
0.8377540540540541,3,3,1,0.9570896015822538,-0.22136539248209175,qnm,s=-2 from qnm package
0.8416146718146719,3,3,1,0.9615378790535284,-0.2201708256526584,qnm,s=-2 from qnm package
0.8454752895752896,3,3,1,0.9660754320547226,-0.21894128146742148,qnm,s=-2 from qnm package
0.8493359073359074,3,3,1,0.970706053654755,-0.21767507139217437,qnm,s=-2 from qnm package
0.8531965250965251,3,3,1,0.9754337938010492,-0.21637038495838232,qnm,s=-2 from qnm package
0.8570571428571429,3,3,1,0.980262983732776,-0.21502527775080307,qnm,s=-2 from qnm package
0.8609177606177607,3,3,1,0.9851982634282855,-0.2136376578701054,qnm,s=-2 from qnm package
0.8647783783783785,3,3,1,0.9902446125582626,-0.2122052706302429,qnm,s=-2 from qnm package
0.8686389961389962,3,3,1,0.9954073855050118,-0.2107256812047132,qnm,s=-2 from qnm package
0.872499613899614,3,3,1,1.0006923511170307,-0.20919625487986823,qnm,s=-2 from qnm package
0.8763602316602317,3,3,1,1.0061057380017875,-0.2076141345045321,qnm,s=-2 from qnm package
0.8802208494208494,3,3,1,1.0116542863251812,-0.20597621463971771,qnm,s=-2 from qnm package
0.8840814671814672,3,3,1,1.0173453072923193,-0.2042791118058394,qnm,s=-2 from qnm package
0.887942084942085,3,3,1,1.023186751742676,-0.20251913009108358,qnm,s=-2 from qnm package
0.8918027027027028,3,3,1,1.0291872896189034,-0.20069222121581745,qnm,s=-2 from qnm package
0.8956633204633205,3,3,1,1.0353564024834008,-0.1987939379327754,qnm,s=-2 from qnm package
0.8995239382239383,3,3,1,1.0417044917885228,-0.19681937936684474,qnm,s=-2 from qnm package
0.903384555984556,3,3,1,1.0482430062937749,-0.19476312654100686,qnm,s=-2 from qnm package
0.9072451737451738,3,3,1,1.0549845929202089,-0.19261916586839534,qnm,s=-2 from qnm package
0.9111057915057915,3,3,1,1.0619432765137617,-0.19038079777497732,qnm,s=-2 from qnm package
0.9149664092664093,3,3,1,1.0691346755623252,-0.18804052679695027,qnm,s=-2 from qnm package
0.9188270270270271,3,3,1,1.0765762630294917,-0.18558992839088514,qnm,s=-2 from qnm package
0.9226876447876449,3,3,1,1.0842876843555969,-0.1830194861849156,qnm,s=-2 from qnm package
0.9265482625482626,3,3,1,1.0922911486663776,-0.1803183913107617,qnm,s=-2 from qnm package
0.9304088803088804,3,3,1,1.1006119148232212,-0.17747429252464791,qnm,s=-2 from qnm package
0.9342694980694981,3,3,1,1.109278901918223,-0.1744729816431453,qnm,s=-2 from qnm package
0.9381301158301159,3,3,1,1.1183254653733306,-0.17129799274821067,qnm,s=-2 from qnm package
0.9419907335907336,3,3,1,1.1277903968910163,-0.16793008462600223,qnm,s=-2 from qnm package
0.9458513513513515,3,3,1,1.137719232329096,-0.16434656230141909,qnm,s=-2 from qnm package
0.9497119691119692,3,3,1,1.1481659915651965,-0.16052037243888742,qnm,s=-2 from qnm package
0.953572586872587,3,3,1,1.1591955380797023,-0.15641887376420385,qnm,s=-2 from qnm package
0.9574332046332047,3,3,1,1.1708868505562129,-0.15200212837893617,qnm,s=-2 from qnm package
0.9612938223938224,3,3,1,1.1833376768619965,-0.1472204655878826,qnm,s=-2 from qnm package
0.9651544401544402,3,3,1,1.19667135694549,-0.14201090230455904,qnm,s=-2 from qnm package
0.9690150579150579,3,3,1,1.2110471909846732,-0.1362916911702426,qnm,s=-2 from qnm package
0.9728756756756757,3,3,1,1.226676896282477,-0.1299536475412882,qnm,s=-2 from qnm package
0.9767362934362935,3,3,1,1.2438521790312864,-0.12284558626829561,qnm,s=-2 from qnm package
0.9805969111969113,3,3,1,1.2629942283626925,-0.11474812137310199,qnm,s=-2 from qnm package
0.984457528957529,3,3,1,1.2847510849493196,-0.10532201032577597,qnm,s=-2 from qnm package
0.9883181467181468,3,3,1,1.3102154413590543,-0.09399236054714352,qnm,s=-2 from qnm package
0.9921787644787645,3,3,1,1.3415175553059084,-0.0796327486413381,qnm,s=-2 from qnm package
0.9960393822393823,3,3,1,1.3841269214502148,-0.05933638500215953,qnm,s=-2 from qnm package
0.9999,3,3,1,1.4804728285083646,-0.010405670075378341,qnm,s=-2 from qnm package
0.0,4,4,0,0.8091783775322389,-0.09416396098892284,qnm,s=-2 from qnm package
0.003860617760617761,4,4,0,0.8102586575354647,-0.0941585984700024,qnm,s=-2 from qnm package
0.007721235521235522,4,4,0,0.8113433125653451,-0.09415301603430143,qnm,s=-2 from qnm package
0.011581853281853283,4,4,0,0.8124323749830173,-0.09414721139163058,qnm,s=-2 from qnm package
0.015442471042471043,4,4,0,0.8135258775068461,-0.09414118222225648,qnm,s=-2 from qnm package
0.019303088803088803,4,4,0,0.8146238532177082,-0.0941349261764232,qnm,s=-2 from qnm package
0.023163706563706567,4,4,0,0.8157263355643969,-0.09412844087386224,qnm,s=-2 from qnm package
0.027024324324324327,4,4,0,0.8168333583691089,-0.09412172390329797,qnm,s=-2 from qnm package
0.030884942084942087,4,4,0,0.8179449558330515,-0.09411477282192544,qnm,s=-2 from qnm package
0.03474555984555985,4,4,0,0.8190611625421429,-0.0941075851549118,qnm,s=-2 from qnm package
0.03860617760617761,4,4,0,0.8201820134728299,-0.09410015839483873,qnm,s=-2 from qnm package
0.04246679536679537,4,4,0,0.8213075439980095,-0.09409249000119052,qnm,s=-2 from qnm package
0.04632741312741313,4,4,0,0.8224377898930666,-0.09408457739977996,qnm,s=-2 from qnm package
0.05018803088803089,4,4,0,0.8235727873420287,-0.09407641798220069,qnm,s=-2 from qnm package
0.05404864864864865,4,4,0,0.8247125729438416,-0.09406800910523715,qnm,s=-2 from qnm package
0.05790926640926641,4,4,0,0.8258571837187549,-0.0940593480902966,qnm,s=-2 from qnm package
0.06176988416988417,4,4,0,0.8270066571148472,-0.09405043222279204,qnm,s=-2 from qnm package
0.06563050193050193,4,4,0,0.8281610310146715,-0.09404125875154737,qnm,s=-2 from qnm package
0.0694911196911197,4,4,0,0.8293203437420261,-0.09403182488815949,qnm,s=-2 from qnm package
0.07335173745173745,4,4,0,0.8304846340688653,-0.0940221278063735,qnm,s=-2 from qnm package
0.07721235521235521,4,4,0,0.8316539412223509,-0.09401216464142886,qnm,s=-2 from qnm package
0.08107297297297297,4,4,0,0.832828304892024,-0.09400193248939133,qnm,s=-2 from qnm package
0.08493359073359073,4,4,0,0.8340077652371464,-0.09399142840647941,qnm,s=-2 from qnm package
0.08879420849420849,4,4,0,0.8351923628941694,-0.09398064940837218,qnm,s=-2 from qnm package
0.09265482625482627,4,4,0,0.836382138984356,-0.09396959246949796,qnm,s=-2 from qnm package
0.09651544401544403,4,4,0,0.8375771351215647,-0.09395825452232104,qnm,s=-2 from qnm package
0.10037606177606179,4,4,0,0.8387773934201841,-0.09394663245660138,qnm,s=-2 from qnm package
0.10423667953667955,4,4,0,0.8399829565032275,-0.09393472311862769,qnm,s=-2 from qnm package
0.1080972972972973,4,4,0,0.841193867510598,-0.09392252331047014,qnm,s=-2 from qnm package
0.11195791505791507,4,4,0,0.8424101701075198,-0.0939100297891757,qnm,s=-2 from qnm package
0.11581853281853283,4,4,0,0.8436319084931442,-0.0938972392659764,qnm,s=-2 from qnm package
0.11967915057915059,4,4,0,0.8448591274093329,-0.09388414840545893,qnm,s=-2 from qnm package
0.12353976833976835,4,4,0,0.8460918721496299,-0.0938707538247341,qnm,s=-2 from qnm package
0.12740038610038612,4,4,0,0.8473301885683968,-0.09385705209256907,qnm,s=-2 from qnm package
0.13126100386100387,4,4,0,0.8485741230901832,-0.0938430397285176,qnm,s=-2 from qnm package
0.13512162162162164,4,4,0,0.8498237227192468,-0.09382871320202185,qnm,s=-2 from qnm package
0.1389822393822394,4,4,0,0.8510790350493027,-0.09381406893150042,qnm,s=-2 from qnm package
0.14284285714285716,4,4,0,0.8523401082734817,-0.09379910328339477,qnm,s=-2 from qnm package
0.1467034749034749,4,4,0,0.8536069911944807,-0.09378381257123398,qnm,s=-2 from qnm package
0.15056409266409268,4,4,0,0.854879733234947,-0.09376819305463484,qnm,s=-2 from qnm package
0.15442471042471043,4,4,0,0.8561583844480802,-0.09375224093831348,qnm,s=-2 from qnm package
0.1582853281853282,4,4,0,0.8574429955284616,-0.09373595237104944,qnm,s=-2 from qnm package
0.16214594594594595,4,4,0,0.8587336178231268,-0.09371932344464518,qnm,s=-2 from qnm package
0.16600656370656372,4,4,0,0.8600303033428663,-0.09370235019284506,qnm,s=-2 from qnm package
0.16986718146718147,4,4,0,0.8613331047737849,-0.09368502859024692,qnm,s=-2 from qnm package
0.17372779922779924,4,4,0,0.8626420754891062,-0.09366735455116935,qnm,s=-2 from qnm package
0.17758841698841699,4,4,0,0.8639572695612506,-0.09364932392850706,qnm,s=-2 from qnm package
0.18144903474903476,4,4,0,0.8652787417741675,-0.09363093251255218,qnm,s=-2 from qnm package
0.18530965250965253,4,4,0,0.8666065476359541,-0.09361217602979122,qnm,s=-2 from qnm package
0.18917027027027028,4,4,0,0.8679407433917378,-0.0935930501416679,qnm,s=-2 from qnm package
0.19303088803088805,4,4,0,0.8692813860368769,-0.09357355044333027,qnm,s=-2 from qnm package
0.1968915057915058,4,4,0,0.8706285333304398,-0.09355367246232563,qnm,s=-2 from qnm package
0.20075212355212357,4,4,0,0.8719822438089893,-0.09353341165728452,qnm,s=-2 from qnm package
0.20461274131274132,4,4,0,0.873342576800698,-0.09351276341656303,qnm,s=-2 from qnm package
0.2084733590733591,4,4,0,0.8747095924397634,-0.09349172305685782,qnm,s=-2 from qnm package
0.21233397683397684,4,4,0,0.8760833516811811,-0.09347028582177369,qnm,s=-2 from qnm package
0.2161945945945946,4,4,0,0.8774639163158391,-0.09344844688038116,qnm,s=-2 from qnm package
0.22005521235521236,4,4,0,0.878851348985973,-0.09342620132571058,qnm,s=-2 from qnm package
0.22391583011583013,4,4,0,0.8802457132009871,-0.09340354417322973,qnm,s=-2 from qnm package
0.22777644787644788,4,4,0,0.8816470733536242,-0.09338047035927223,qnm,s=-2 from qnm package
0.23163706563706565,4,4,0,0.883055494736554,-0.09335697473943058,qnm,s=-2 from qnm package
0.2354976833976834,4,4,0,0.8844710435593174,-0.09333305208691649,qnm,s=-2 from qnm package
0.23935830115830117,4,4,0,0.8858937869657019,-0.09330869709086119,qnm,s=-2 from qnm package
0.24321891891891892,4,4,0,0.8873237930515211,-0.09328390435458926,qnm,s=-2 from qnm package
0.2470795366795367,4,4,0,0.8887611308828145,-0.0932586683938487,qnm,s=-2 from qnm package
0.25094015444015444,4,4,0,0.8902058705145116,-0.09323298363497862,qnm,s=-2 from qnm package
0.25480077220077224,4,4,0,0.8916580830095179,-0.093206844413049,qnm,s=-2 from qnm package
0.25866138996139,4,4,0,0.8931178404583071,-0.09318024496995102,qnm,s=-2 from qnm package
0.26252200772200773,4,4,0,0.8945852159989467,-0.0931531794524154,qnm,s=-2 from qnm package
0.2663826254826255,4,4,0,0.8960602838376555,-0.09312564191001522,qnm,s=-2 from qnm package
0.2702432432432433,4,4,0,0.8975431192698675,-0.09309762629307872,qnm,s=-2 from qnm package
0.274103861003861,4,4,0,0.8990337987017895,-0.09306912645058273,qnm,s=-2 from qnm package
0.2779644787644788,4,4,0,0.9005323996725386,-0.09304013612795707,qnm,s=-2 from qnm package
0.2818250965250965,4,4,0,0.9020390008768184,-0.0930106489648598,qnm,s=-2 from qnm package
0.2856857142857143,4,4,0,0.9035536821881665,-0.09298065849287117,qnm,s=-2 from qnm package
0.28954633204633207,4,4,0,0.9050765246828028,-0.09295015813313541,qnm,s=-2 from qnm package
0.2934069498069498,4,4,0,0.9066076106640866,-0.09291914119394921,qnm,s=-2 from qnm package
0.29726756756756756,4,4,0,0.9081470236876004,-0.09288760086825135,qnm,s=-2 from qnm package
0.30112818532818536,4,4,0,0.9096948485868791,-0.0928555302310886,qnm,s=-2 from qnm package
0.3049888030888031,4,4,0,0.9112511714998173,-0.09282292223697353,qnm,s=-2 from qnm package
0.30884942084942085,4,4,0,0.9128160798957655,-0.09278976971719345,qnm,s=-2 from qnm package
0.31271003861003865,4,4,0,0.9143896626033352,-0.0927560653770351,qnm,s=-2 from qnm package
0.3165706563706564,4,4,0,0.9159720098389361,-0.09272180179293368,qnm,s=-2 from qnm package
0.32043127413127415,4,4,0,0.9175632132360825,-0.09268697140953966,qnm,s=-2 from qnm package
0.3242918918918919,4,4,0,0.9191633658754769,-0.09265156653670775,qnm,s=-2 from qnm package
0.3281525096525097,4,4,0,0.9207725623158993,-0.09261557934639755,qnm,s=-2 from qnm package
0.33201312741312744,4,4,0,0.9223908986259348,-0.09257900186948738,qnm,s=-2 from qnm package
0.3358737451737452,4,4,0,0.9240184724165725,-0.09254182599249584,qnm,s=-2 from qnm package
0.33973436293436293,4,4,0,0.9256553828746814,-0.09250404345420643,qnm,s=-2 from qnm package
0.34359498069498073,4,4,0,0.9273017307974112,-0.09246564584220485,qnm,s=-2 from qnm package
0.3474555984555985,4,4,0,0.9289576186275494,-0.0924266245893002,qnm,s=-2 from qnm package
0.3513162162162162,4,4,0,0.9306231504898606,-0.0923869709698521,qnm,s=-2 from qnm package
0.35517683397683397,4,4,0,0.932298432228442,-0.0923466760959853,qnm,s=-2 from qnm package
0.3590374517374518,4,4,0,0.9339835714451219,-0.09230573091370244,qnm,s=-2 from qnm package
0.3628980694980695,4,4,0,0.9356786775389613,-0.09226412619885672,qnm,s=-2 from qnm package
0.36675868725868727,4,4,0,0.9373838617468663,-0.09222185255303886,qnm,s=-2 from qnm package
0.37061930501930507,4,4,0,0.9390992371853717,-0.09217890039930074,qnm,s=-2 from qnm package
0.3744799227799228,4,4,0,0.9408249188936267,-0.0921352599777856,qnm,s=-2 from qnm package
0.37834054054054056,4,4,0,0.9425610238776214,-0.09209092134120321,qnm,s=-2 from qnm package
0.3822011583011583,4,4,0,0.9443076711557236,-0.09204587435017086,qnm,s=-2 from qnm package
0.3860617760617761,4,4,0,0.9460649818055114,-0.09200010866841614,qnm,s=-2 from qnm package
0.38992239382239385,4,4,0,0.9478330790120386,-0.09195361375782049,qnm,s=-2 from qnm package
0.3937830115830116,4,4,0,0.9496120881174989,-0.09190637887332419,qnm,s=-2 from qnm package
0.39764362934362935,4,4,0,0.9514021366723819,-0.09185839305765423,qnm,s=-2 from qnm package
0.40150424710424715,4,4,0,0.9532033544881799,-0.09180964513589293,qnm,s=-2 from qnm package
0.4053648648648649,4,4,0,0.9550158736916747,-0.0917601237098785,qnm,s=-2 from qnm package
0.40922548262548264,4,4,0,0.9568398287808935,-0.09170981715241702,qnm,s=-2 from qnm package
0.4130861003861004,4,4,0,0.9586753566827578,-0.09165871360132302,qnm,s=-2 from qnm package
0.4169467181467182,4,4,0,0.9605225968125491,-0.09160680095324189,qnm,s=-2 from qnm package
0.42080733590733593,4,4,0,0.9623816911351668,-0.09155406685729714,qnm,s=-2 from qnm package
0.4246679536679537,4,4,0,0.9642527842283625,-0.09150049870851729,qnm,s=-2 from qnm package
0.4285285714285714,4,4,0,0.9661360233479106,-0.09144608364104582,qnm,s=-2 from qnm package
0.4323891891891892,4,4,0,0.9680315584948795,-0.09139080852112379,qnm,s=-2 from qnm package
0.436249806949807,4,4,0,0.9699395424850302,-0.09133465993984452,qnm,s=-2 from qnm package
0.4401104247104247,4,4,0,0.9718601310204382,-0.09127762420566081,qnm,s=-2 from qnm package
0.4439710424710425,4,4,0,0.9737934827634503,-0.09121968733663245,qnm,s=-2 from qnm package
0.44783166023166027,4,4,0,0.9757397594130198,-0.09116083505242333,qnm,s=-2 from qnm package
0.451692277992278,4,4,0,0.977699125783576,-0.09110105276601055,qnm,s=-2 from qnm package
0.45555289575289576,4,4,0,0.9796717498864521,-0.09104032557511187,qnm,s=-2 from qnm package
0.45941351351351356,4,4,0,0.9816578030140619,-0.09097863825331529,qnm,s=-2 from qnm package
0.4632741312741313,4,4,0,0.9836574598268549,-0.09091597524089912,qnm,s=-2 from qnm package
0.46713474903474905,4,4,0,0.9856708984432239,-0.0908523206353241,qnm,s=-2 from qnm package
0.4709953667953668,4,4,0,0.9876983005324522,-0.09078765818139135,qnm,s=-2 from qnm package
0.4748559845559846,4,4,0,0.9897398514108282,-0.09072197126105037,qnm,s=-2 from qnm package
0.47871660231660235,4,4,0,0.99179574014109,-0.090655242882829,qnm,s=-2 from qnm package
0.4825772200772201,4,4,0,0.9938661596352858,-0.09058745567089693,qnm,s=-2 from qnm package
0.48643783783783784,4,4,0,0.9959513067612493,-0.09051859185371419,qnm,s=-2 from qnm package
0.49029845559845564,4,4,0,0.9980513824528114,-0.09044863325226996,qnm,s=-2 from qnm package
0.4941590733590734,4,4,0,1.0001665918239049,-0.09037756126788488,qnm,s=-2 from qnm package
0.49801969111969113,4,4,0,1.00229714428676,-0.09030535686955564,qnm,s=-2 from qnm package
0.5018803088803089,4,4,0,1.0044432536743424,-0.09023200058082557,qnm,s=-2 from qnm package
0.5057409266409266,4,4,0,1.006605138367216,-0.0901574724661545,qnm,s=-2 from qnm package
0.5096015444015445,4,4,0,1.008783021425055,-0.09008175211677696,qnm,s=-2 from qnm package
0.5134621621621622,4,4,0,1.010977130722986,-0.09000481863600372,qnm,s=-2 from qnm package
0.51732277992278,4,4,0,1.0131876990929876,-0.08992665062396259,qnm,s=-2 from qnm package
0.5211833976833977,4,4,0,1.01541496447056,-0.0898472261617454,qnm,s=-2 from qnm package
0.5250440154440155,4,4,0,1.0176591700469477,-0.08976652279491756,qnm,s=-2 from qnm package
0.5289046332046332,4,4,0,1.0199205644271039,-0.08968451751639755,qnm,s=-2 from qnm package
0.532765250965251,4,4,0,1.022199401793739,-0.08960118674862158,qnm,s=-2 from qnm package
0.5366258687258687,4,4,0,1.0244959420776558,-0.08951650632501781,qnm,s=-2 from qnm package
0.5404864864864866,4,4,0,1.026810451134748,-0.08943045147071224,qnm,s=-2 from qnm package
0.5443471042471043,4,4,0,1.0291432009299162,-0.08934299678244484,qnm,s=-2 from qnm package
0.548207722007722,4,4,0,1.0314944697282515,-0.08925411620767416,qnm,s=-2 from qnm package
0.5520683397683398,4,4,0,1.0338645422938675,-0.08916378302278237,qnm,s=-2 from qnm package
0.5559289575289575,4,4,0,1.036253710096693,-0.08907196981039621,qnm,s=-2 from qnm package
0.5597895752895753,4,4,0,1.038662271527679,-0.08897864843572877,qnm,s=-2 from qnm package
0.563650193050193,4,4,0,1.0410905321227872,-0.08888379002192623,qnm,s=-2 from qnm package
0.5675108108108109,4,4,0,1.0435388047962284,-0.08878736492433896,qnm,s=-2 from qnm package
0.5713714285714286,4,4,0,1.0460074100834043,-0.0886893427036885,qnm,s=-2 from qnm package
0.5752320463320464,4,4,0,1.0484966763940409,-0.08858969209806099,qnm,s=-2 from qnm package
0.5790926640926641,4,4,0,1.0510069402760611,-0.08848838099364978,qnm,s=-2 from qnm package
0.5829532818532819,4,4,0,1.0535385466907172,-0.08838537639421601,qnm,s=-2 from qnm package
0.5868138996138996,4,4,0,1.056091849299585,-0.08828064438915946,qnm,s=-2 from qnm package
0.5906745173745174,4,4,0,1.0586672107640818,-0.0881741501201525,qnm,s=-2 from qnm package
0.5945351351351351,4,4,0,1.0612650030580888,-0.08806585774624372,qnm,s=-2 from qnm package
0.598395752895753,4,4,0,1.0638856077944734,-0.0879557304073568,qnm,s=-2 from qnm package
0.6022563706563707,4,4,0,1.0665294165662094,-0.08784373018607569,qnm,s=-2 from qnm package
0.6061169884169885,4,4,0,1.0691968313029037,-0.08772981806765023,qnm,s=-2 from qnm package
0.6099776061776062,4,4,0,1.0718882646435994,-0.0876139538980933,qnm,s=-2 from qnm package
0.613838223938224,4,4,0,1.0746041403267241,-0.08749609634026716,qnm,s=-2 from qnm package
0.6176988416988417,4,4,0,1.0773448935982086,-0.08737620282785956,qnm,s=-2 from qnm package
0.6215594594594595,4,4,0,1.0801109716387471,-0.08725422951710193,qnm,s=-2 from qnm package
0.6254200772200773,4,4,0,1.08290283401133,-0.08713013123609929,qnm,s=-2 from qnm package
0.629280694980695,4,4,0,1.0857209531302392,-0.08700386143166408,qnm,s=-2 from qnm package
0.6331413127413128,4,4,0,1.0885658147527328,-0.08687537211343309,qnm,s=-2 from qnm package
0.6370019305019305,4,4,0,1.0914379184947793,-0.08674461379519205,qnm,s=-2 from qnm package
0.6408625482625483,4,4,0,1.094337778372297,-0.08661153543314912,qnm,s=-2 from qnm package
0.644723166023166,4,4,0,1.0972659233693982,-0.08647608436103157,qnm,s=-2 from qnm package
0.6485837837837838,4,4,0,1.1002228980353508,-0.0863382062217653,qnm,s=-2 from qnm package
0.6524444015444015,4,4,0,1.1032092631119617,-0.08619784489555231,qnm,s=-2 from qnm package
0.6563050193050194,4,4,0,1.106225596193366,-0.08605494242407956,qnm,s=-2 from qnm package
0.6601656370656371,4,4,0,1.1092724924201893,-0.08590943893064477,qnm,s=-2 from qnm package
0.6640262548262549,4,4,0,1.1123505652103145,-0.08576127253590277,qnm,s=-2 from qnm package
0.6678868725868726,4,4,0,1.1154604470286655,-0.08561037926895727,qnm,s=-2 from qnm package
0.6717474903474904,4,4,0,1.1186027901984485,-0.08545669297347726,qnm,s=-2 from qnm package
0.6756081081081081,4,4,0,1.1217782677567163,-0.0853001452085047,qnm,s=-2 from qnm package
0.6794687258687259,4,4,0,1.1249875743571274,-0.08514066514359372,qnm,s=-2 from qnm package
0.6833293436293437,4,4,0,1.1282314272231415,-0.0849781794478767,qnm,s=-2 from qnm package
0.6871899613899615,4,4,0,1.131510567155103,-0.0848126121726317,qnm,s=-2 from qnm package
0.6910505791505792,4,4,0,1.1348257595949351,-0.08464388462690495,qnm,s=-2 from qnm package
0.694911196911197,4,4,0,1.1381777957525177,-0.08447191524566468,qnm,s=-2 from qnm package
0.6987718146718147,4,4,0,1.1415674937980926,-0.08429661944996088,qnm,s=-2 from qnm package
0.7026324324324325,4,4,0,1.1449957001254982,-0.08411790949848692,qnm,s=-2 from qnm package
0.7064930501930502,4,4,0,1.148463290691372,-0.0839356943299158,qnm,s=-2 from qnm package
0.7103536679536679,4,4,0,1.1519711724359278,-0.08374987939529774,qnm,s=-2 from qnm package
0.7142142857142858,4,4,0,1.1555202847914403,-0.08356036647976196,qnm,s=-2 from qnm package
0.7180749034749035,4,4,0,1.1591116012850657,-0.08336705351270239,qnm,s=-2 from qnm package
0.7219355212355213,4,4,0,1.1627461312432694,-0.08316983436552547,qnm,s=-2 from qnm package
0.725796138996139,4,4,0,1.1664249216057636,-0.08296859863596708,qnm,s=-2 from qnm package
0.7296567567567568,4,4,0,1.1701490588576338,-0.08276323141791776,qnm,s=-2 from qnm package
0.7335173745173745,4,4,0,1.1739196710891,-0.08255361305553101,qnm,s=-2 from qnm package
0.7373779922779923,4,4,0,1.1777379301933089,-0.08233961888033438,qnm,s=-2 from qnm package
0.7412386100386101,4,4,0,1.1816050542135454,-0.08212111892990342,qnm,s=-2 from qnm package
0.7450992277992279,4,4,0,1.1855223098523568,-0.08189797764651105,qnm,s=-2 from qnm package
0.7489598455598456,4,4,0,1.1894910151563487,-0.08167005355402705,qnm,s=-2 from qnm package
0.7528204633204634,4,4,0,1.1935125423918351,-0.08143719891114072,qnm,s=-2 from qnm package
0.7566810810810811,4,4,0,1.19758832112802,-0.08119925933878822,qnm,s=-2 from qnm package
0.7605416988416989,4,4,0,1.2017198415462171,-0.08095607341944541,qnm,s=-2 from qnm package
0.7644023166023166,4,4,0,1.2059086579955052,-0.08070747226568767,qnm,s=-2 from qnm package
0.7682629343629344,4,4,0,1.2101563928174985,-0.0804532790551324,qnm,s=-2 from qnm package
0.7721235521235522,4,4,0,1.214464740465346,-0.08019330852855053,qnm,s=-2 from qnm package
0.77598416988417,4,4,0,1.218835471944895,-0.07992736644760143,qnm,s=-2 from qnm package
0.7798447876447877,4,4,0,1.2232704396091834,-0.07965524900818124,qnm,s=-2 from qnm package
0.7837054054054055,4,4,0,1.2277715823409112,-0.0793767422049695,qnm,s=-2 from qnm package
0.7875660231660232,4,4,0,1.2323409311617846,-0.07909162114216779,qnm,s=-2 from qnm package
0.791426640926641,4,4,0,1.23698061531214,-0.07879964928485858,qnm,s=-2 from qnm package
0.7952872586872587,4,4,0,1.2416928688496427,-0.07850057764470976,qnm,s=-2 from qnm package
0.7991478764478764,4,4,0,1.2464800378219114,-0.07819414389296218,qnm,s=-2 from qnm package
0.8030084942084943,4,4,0,1.251344588074848,-0.07788007139269881,qnm,s=-2 from qnm package
0.806869111969112,4,4,0,1.2562891137664691,-0.07755806814141614,qnm,s=-2 from qnm package
0.8107297297297298,4,4,0,1.261316346665232,-0.07722782561363124,qnm,s=-2 from qnm package
0.8145903474903475,4,4,0,1.2664291663224487,-0.07688901749194246,qnm,s=-2 from qnm package
0.8184509652509653,4,4,0,1.271630611220745,-0.07654129827327534,qnm,s=-2 from qnm package
0.822311583011583,4,4,0,1.276923891014756,-0.07618430173522084,qnm,s=-2 from qnm package
0.8261722007722008,4,4,0,1.2823123999969612,-0.07581763924515748,qnm,s=-2 from qnm package
0.8300328185328186,4,4,0,1.2877997319409784,-0.07544089789226352,qnm,s=-2 from qnm package
0.8338934362934364,4,4,0,1.2933896964974934,-0.07505363841956054,qnm,s=-2 from qnm package
0.8377540540540541,4,4,0,1.2990863373448527,-0.07465539292953723,qnm,s=-2 from qnm package
0.8416146718146719,4,4,0,1.3048939523280434,-0.07424566233271905,qnm,s=-2 from qnm package
0.8454752895752896,4,4,0,1.3108171158573483,-0.07382391350358113,qnm,s=-2 from qnm package
0.8493359073359074,4,4,0,1.3168607038827314,-0.07338957610225401,qnm,s=-2 from qnm package
0.8531965250965251,4,4,0,1.3230299218133645,-0.07294203901338116,qnm,s=-2 from qnm package
0.8570571428571429,4,4,0,1.3293303358158362,-0.0724806463449611,qnm,s=-2 from qnm package
0.8609177606177607,4,4,0,1.3357679080018277,-0.07200469291969937,qnm,s=-2 from qnm package
0.8647783783783785,4,4,0,1.3423490361095538,-0.07151341917895605,qnm,s=-2 from qnm package
0.8686389961389962,4,4,0,1.3490805983971788,-0.07100600540411456,qnm,s=-2 from qnm package
0.872499613899614,4,4,0,1.3559700046056233,-0.07048156514161484,qnm,s=-2 from qnm package
0.8763602316602317,4,4,0,1.3630252540195853,-0.06993913769491918,qnm,s=-2 from qnm package
0.8802208494208494,4,4,0,1.3702550018676225,-0.06937767951824833,qnm,s=-2 from qnm package
0.8840814671814672,4,4,0,1.377668635566154,-0.06879605431148786,qnm,s=-2 from qnm package
0.887942084942085,4,4,0,1.3852763626431912,-0.06819302157113175,qnm,s=-2 from qnm package
0.8918027027027028,4,4,0,1.3930893125952872,-0.06756722329594746,qnm,s=-2 from qnm package
0.8956633204633205,4,4,0,1.4011196554623184,-0.06691716847439254,qnm,s=-2 from qnm package
0.8995239382239383,4,4,0,1.4093807405855219,-0.06624121488895066,qnm,s=-2 from qnm package
0.903384555984556,4,4,0,1.4178872598941976,-0.06553754765358523,qnm,s=-2 from qnm package
0.9072451737451738,4,4,0,1.4266554412145085,-0.06480415374515318,qnm,s=-2 from qnm package
0.9111057915057915,4,4,0,1.4357032786059567,-0.0640387915846752,qnm,s=-2 from qnm package
0.9149664092664093,4,4,0,1.4450508087442167,-0.06323895445119126,qnm,s=-2 from qnm package
0.9188270270270271,4,4,0,1.4547204450795053,-0.06240182614265739,qnm,s=-2 from qnm package
0.9226876447876449,4,4,0,1.4647373851943766,-0.061524226795626774,qnm,s=-2 from qnm package
0.9265482625482626,4,4,0,1.4751301118893103,-0.0606025460801134,qnm,s=-2 from qnm package
0.9304088803088804,4,4,0,1.4859310156802763,-0.05963266000989485,qnm,s=-2 from qnm package
0.9342694980694981,4,4,0,1.497177176586476,-0.058609826216171244,qnm,s=-2 from qnm package
0.9381301158301159,4,4,0,1.5089113578674018,-0.05752855051101467,qnm,s=-2 from qnm package
0.9419907335907336,4,4,0,1.521183286223447,-0.05638241457416721,qnm,s=-2 from qnm package
0.9458513513513515,4,4,0,1.5340513260010005,-0.055163850068209244,qnm,s=-2 from qnm package
0.9497119691119692,4,4,0,1.547584706084461,-0.05386383746555604,qnm,s=-2 from qnm package
0.953572586872587,4,4,0,1.5618665395618527,-0.052471496679774764,qnm,s=-2 from qnm package
0.9574332046332047,4,4,0,1.576998009952035,-0.050973518189380666,qnm,s=-2 from qnm package
0.9612938223938224,4,4,0,1.5931043254338042,-0.049353351964688104,qnm,s=-2 from qnm package
0.9651544401544402,4,4,0,1.6103434467152997,-0.047590015724743036,qnm,s=-2 from qnm package
0.9690150579150579,4,4,0,1.6289193481261968,-0.045656279863352724,qnm,s=-2 from qnm package
0.9728756756756757,4,4,0,1.6491030634009667,-0.04351577994807313,qnm,s=-2 from qnm package
0.9767362934362935,4,4,0,1.6712679406926072,-0.041118168050335545,qnm,s=-2 from qnm package
0.9805969111969113,4,4,0,1.6959529197833243,-0.03839038908540597,qnm,s=-2 from qnm package
0.984457528957529,4,4,0,1.7239869971345532,-0.03521947964509998,qnm,s=-2 from qnm package
0.9883181467181468,4,4,0,1.7567675890210785,-0.03141400245329137,qnm,s=-2 from qnm package
0.9921787644787645,4,4,0,1.797018145363508,-0.026598813711062725,qnm,s=-2 from qnm package
0.9960393822393823,4,4,0,1.851728213899159,-0.019805549275834076,qnm,s=-2 from qnm package
0.9999,4,4,0,1.9750699651797792,-0.0034691799896662454,qnm,s=-2 from qnm package
